Create sweep with ID: 3c6py1hr
Sweep URL: https://wandb.ai/javierbz/SRFlowNIR/sweeps/3c6py1hr
Starting script
Copying source code to model directory...
Loaded resolution from file: 0.002, 0.002, 0.002, 0.01874
Starting script
Copying source code to model directory...
Loaded resolution from file: 0.002, 0.002, 0.002, 0.01874
Starting script
Copying source code to model directory...
Loaded resolution from file: 0.002, 0.002, 0.002, 0.01874
Create sweep with ID: b1b6rm0u
Sweep URL: https://wandb.ai/javierbz/SRFlowNIR/sweeps/b1b6rm0u
Starting script
Copying source code to model directory...
Loaded resolution from file: 0.002, 0.002, 0.002, 0.01874
VNRMSE [Noisy]: 0.096484
Directional error [Noisy]: 0.024761
Divergence [Noisy]: 0.070040
Total avg
Relative error [Fluid] 89.3
Relative error [Bound] 90.2
Relative error [Core] 88.9
Absolute error [Fluid] 0.8305
Absolute error [Bound] 0.6926
Absolute error [Core] 0.8858
Absolute error [Non-F] 0.0000
R.M.S.   error [Fluid] 0.9309
R.M.S.   error [Bound] 0.7966
R.M.S.   error [Core] 0.9797
R.M.S.   error [Non-F] 0.0000
[Iteration 25] total_loss=0.1655, data_loss=0.1655, ref_loss=0.0000, physics_loss=3.9120E-01, it_time=0.001 s total_time=0.0 min
[Iteration 50] total_loss=0.1284, data_loss=0.1284, ref_loss=0.0000, physics_loss=5.2526E-01, it_time=0.0007 s total_time=0.1 min
[Iteration 75] total_loss=0.0964, data_loss=0.0964, ref_loss=0.0000, physics_loss=5.9362E-01, it_time=0.00084 s total_time=0.1 min
[Iteration 100] total_loss=0.0704, data_loss=0.0704, ref_loss=0.0000, physics_loss=1.1736E+00, it_time=0.0007 s total_time=0.1 min
[Iteration 125] total_loss=0.0542, data_loss=0.0542, ref_loss=0.0000, physics_loss=1.6761E+00, it_time=0.00103 s total_time=0.1 min
[Iteration 150] total_loss=0.0479, data_loss=0.0479, ref_loss=0.0000, physics_loss=1.6260E+00, it_time=0.0007 s total_time=0.1 min
[Iteration 175] total_loss=0.0412, data_loss=0.0412, ref_loss=0.0000, physics_loss=2.2025E+00, it_time=0.0007 s total_time=0.1 min
[Iteration 200] total_loss=0.0372, data_loss=0.0372, ref_loss=0.0000, physics_loss=1.9391E+00, it_time=0.00069 s total_time=0.1 min
[Iteration 225] total_loss=0.0354, data_loss=0.0354, ref_loss=0.0000, physics_loss=1.4217E+00, it_time=0.0007 s total_time=0.1 min
[Iteration 250] total_loss=0.0319, data_loss=0.0319, ref_loss=0.0000, physics_loss=1.5295E+00, it_time=0.00095 s total_time=0.1 min
[Iteration 275] total_loss=0.0297, data_loss=0.0297, ref_loss=0.0000, physics_loss=1.4728E+00, it_time=0.0007 s total_time=0.1 min
[Iteration 300] total_loss=0.0280, data_loss=0.0280, ref_loss=0.0000, physics_loss=1.5338E+00, it_time=0.0012 s total_time=0.1 min
[Iteration 325] total_loss=0.0281, data_loss=0.0281, ref_loss=0.0000, physics_loss=1.6094E+00, it_time=0.00069 s total_time=0.1 min
[Iteration 350] total_loss=0.0247, data_loss=0.0247, ref_loss=0.0000, physics_loss=1.7514E+00, it_time=0.0022 s total_time=0.1 min
[Iteration 375] total_loss=0.0241, data_loss=0.0241, ref_loss=0.0000, physics_loss=1.8762E+00, it_time=0.00097 s total_time=0.1 min
[Iteration 400] total_loss=0.0224, data_loss=0.0224, ref_loss=0.0000, physics_loss=2.5520E+00, it_time=0.00186 s total_time=0.2 min
[Iteration 425] total_loss=0.0226, data_loss=0.0226, ref_loss=0.0000, physics_loss=3.0654E+00, it_time=0.001 s total_time=0.2 min
[Iteration 450] total_loss=0.0208, data_loss=0.0208, ref_loss=0.0000, physics_loss=3.1950E+00, it_time=0.00069 s total_time=0.2 min
[Iteration 475] total_loss=0.0201, data_loss=0.0201, ref_loss=0.0000, physics_loss=3.1335E+00, it_time=0.00069 s total_time=0.2 min
[Iteration 500] total_loss=0.0190, data_loss=0.0190, ref_loss=0.0000, physics_loss=2.8241E+00, it_time=0.00069 s total_time=0.2 min
Total avg
Relative error [Fluid] 21.1
Relative error [Bound] 40.8
Relative error [Core] 13.1
Absolute error [Fluid] 0.1439
Absolute error [Bound] 0.2338
Absolute error [Core] 0.1077
Absolute error [Non-F] 0.0000
R.M.S.   error [Fluid] 0.1905
R.M.S.   error [Bound] 0.2853
R.M.S.   error [Core] 0.1348
R.M.S.   error [Non-F] 0.0000
[Iteration 525] total_loss=0.0180, data_loss=0.0180, ref_loss=0.0000, physics_loss=2.7077E+00, it_time=0.0007 s total_time=0.2 min
[Iteration 550] total_loss=0.0175, data_loss=0.0175, ref_loss=0.0000, physics_loss=2.6000E+00, it_time=0.00071 s total_time=0.2 min
[Iteration 575] total_loss=0.0168, data_loss=0.0168, ref_loss=0.0000, physics_loss=2.7880E+00, it_time=0.00069 s total_time=0.2 min
[Iteration 600] total_loss=0.0163, data_loss=0.0163, ref_loss=0.0000, physics_loss=2.9079E+00, it_time=0.00144 s total_time=0.2 min
[Iteration 625] total_loss=0.0195, data_loss=0.0195, ref_loss=0.0000, physics_loss=3.3730E+00, it_time=0.00242 s total_time=0.2 min
[Iteration 650] total_loss=0.0149, data_loss=0.0149, ref_loss=0.0000, physics_loss=3.2480E+00, it_time=0.00073 s total_time=0.2 min
[Iteration 675] total_loss=0.0217, data_loss=0.0217, ref_loss=0.0000, physics_loss=4.7247E+00, it_time=0.0007 s total_time=0.2 min
[Iteration 700] total_loss=0.0142, data_loss=0.0142, ref_loss=0.0000, physics_loss=3.6695E+00, it_time=0.0007 s total_time=0.3 min
[Iteration 725] total_loss=0.0134, data_loss=0.0134, ref_loss=0.0000, physics_loss=4.1157E+00, it_time=0.0007 s total_time=0.3 min
[Iteration 750] total_loss=0.0128, data_loss=0.0128, ref_loss=0.0000, physics_loss=4.5311E+00, it_time=0.00109 s total_time=0.3 min
[Iteration 775] total_loss=0.0132, data_loss=0.0132, ref_loss=0.0000, physics_loss=4.4055E+00, it_time=0.00076 s total_time=0.3 min
[Iteration 800] total_loss=0.0123, data_loss=0.0123, ref_loss=0.0000, physics_loss=5.0853E+00, it_time=0.00093 s total_time=0.3 min
[Iteration 825] total_loss=0.0117, data_loss=0.0117, ref_loss=0.0000, physics_loss=5.7539E+00, it_time=0.0007 s total_time=0.3 min
[Iteration 850] total_loss=0.0140, data_loss=0.0139, ref_loss=0.0000, physics_loss=6.3382E+00, it_time=0.0007 s total_time=0.3 min
[Iteration 875] total_loss=0.0126, data_loss=0.0126, ref_loss=0.0000, physics_loss=6.7470E+00, it_time=0.0007 s total_time=0.3 min
[Iteration 900] total_loss=0.0108, data_loss=0.0108, ref_loss=0.0000, physics_loss=6.8336E+00, it_time=0.00102 s total_time=0.3 min
[Iteration 925] total_loss=0.0103, data_loss=0.0103, ref_loss=0.0000, physics_loss=7.6169E+00, it_time=0.0007 s total_time=0.3 min
[Iteration 950] total_loss=0.0124, data_loss=0.0124, ref_loss=0.0000, physics_loss=8.3483E+00, it_time=0.00093 s total_time=0.3 min
[Iteration 975] total_loss=0.0100, data_loss=0.0100, ref_loss=0.0000, physics_loss=7.8386E+00, it_time=0.0007 s total_time=0.3 min
[Iteration 1000] total_loss=0.0096, data_loss=0.0096, ref_loss=0.0000, physics_loss=7.9225E+00, it_time=0.0007 s total_time=0.3 min
Total avg
Relative error [Fluid] 19.0
Relative error [Bound] 38.9
Relative error [Core] 11.0
Absolute error [Fluid] 0.1290
Absolute error [Bound] 0.2246
Absolute error [Core] 0.0905
Absolute error [Non-F] 0.0000
R.M.S.   error [Fluid] 0.1900
R.M.S.   error [Bound] 0.3039
R.M.S.   error [Core] 0.1162
R.M.S.   error [Non-F] 0.0000
Checkpoint saved to ../models/260406_Aomodel_4dsim_V250_div_w_PINN_sweep/260406_Aomodel_4dsim_V250_div_w_PINN_sweep_FFN_1t_20260407-1728/checkpoints/260406_Aomodel_4dsim_V250_div_w_PINN_sweep_FFN_1t_it1000.pth
[Iteration 1025] total_loss=0.0092, data_loss=0.0092, ref_loss=0.0000, physics_loss=8.4336E+00, it_time=0.0007 s total_time=0.4 min
[Iteration 1050] total_loss=0.0089, data_loss=0.0089, ref_loss=0.0000, physics_loss=8.8806E+00, it_time=0.00081 s total_time=0.4 min
[Iteration 1075] total_loss=0.0087, data_loss=0.0087, ref_loss=0.0000, physics_loss=9.0654E+00, it_time=0.00126 s total_time=0.4 min
[Iteration 1100] total_loss=0.0087, data_loss=0.0087, ref_loss=0.0000, physics_loss=8.9253E+00, it_time=0.0007 s total_time=0.4 min
[Iteration 1125] total_loss=0.0084, data_loss=0.0084, ref_loss=0.0000, physics_loss=9.4265E+00, it_time=0.0007 s total_time=0.4 min
[Iteration 1150] total_loss=0.0082, data_loss=0.0082, ref_loss=0.0000, physics_loss=9.2856E+00, it_time=0.0007 s total_time=0.4 min
[Iteration 1175] total_loss=0.0087, data_loss=0.0087, ref_loss=0.0000, physics_loss=1.0304E+01, it_time=0.0007 s total_time=0.4 min
[Iteration 1200] total_loss=0.0078, data_loss=0.0078, ref_loss=0.0000, physics_loss=9.1552E+00, it_time=0.0007 s total_time=0.4 min
[Iteration 1225] total_loss=0.0092, data_loss=0.0092, ref_loss=0.0000, physics_loss=9.1523E+00, it_time=0.0007 s total_time=0.4 min
[Iteration 1250] total_loss=0.0081, data_loss=0.0081, ref_loss=0.0000, physics_loss=8.9211E+00, it_time=0.0007 s total_time=0.4 min
[Iteration 1275] total_loss=0.0074, data_loss=0.0074, ref_loss=0.0000, physics_loss=9.5120E+00, it_time=0.00171 s total_time=0.4 min
[Iteration 1300] total_loss=0.0071, data_loss=0.0071, ref_loss=0.0000, physics_loss=1.0065E+01, it_time=0.0007 s total_time=0.4 min
[Iteration 1325] total_loss=0.0070, data_loss=0.0070, ref_loss=0.0000, physics_loss=1.0445E+01, it_time=0.00103 s total_time=0.4 min
[Iteration 1350] total_loss=0.0083, data_loss=0.0083, ref_loss=0.0000, physics_loss=1.0184E+01, it_time=0.0007 s total_time=0.5 min
[Iteration 1375] total_loss=0.0069, data_loss=0.0069, ref_loss=0.0000, physics_loss=1.0651E+01, it_time=0.00072 s total_time=0.5 min
[Iteration 1400] total_loss=0.0066, data_loss=0.0066, ref_loss=0.0000, physics_loss=1.1125E+01, it_time=0.00195 s total_time=0.5 min
[Iteration 1425] total_loss=0.0067, data_loss=0.0067, ref_loss=0.0000, physics_loss=1.1474E+01, it_time=0.00094 s total_time=0.5 min
[Iteration 1450] total_loss=0.0065, data_loss=0.0065, ref_loss=0.0000, physics_loss=1.2079E+01, it_time=0.0007 s total_time=0.5 min
[Iteration 1475] total_loss=0.0063, data_loss=0.0063, ref_loss=0.0000, physics_loss=1.2784E+01, it_time=0.00071 s total_time=0.5 min
[Iteration 1500] total_loss=0.0073, data_loss=0.0073, ref_loss=0.0000, physics_loss=1.2079E+01, it_time=0.00069 s total_time=0.5 min
Total avg
Relative error [Fluid] 19.2
Relative error [Bound] 40.3
Relative error [Core] 10.8
Absolute error [Fluid] 0.1338
Absolute error [Bound] 0.2438
Absolute error [Core] 0.0896
Absolute error [Non-F] 0.0000
R.M.S.   error [Fluid] 0.2020
R.M.S.   error [Bound] 0.3315
R.M.S.   error [Core] 0.1141
R.M.S.   error [Non-F] 0.0000
[Iteration 1525] total_loss=0.0062, data_loss=0.0062, ref_loss=0.0000, physics_loss=1.3093E+01, it_time=0.00069 s total_time=0.5 min
[Iteration 1550] total_loss=0.0060, data_loss=0.0060, ref_loss=0.0000, physics_loss=1.3499E+01, it_time=0.0007 s total_time=0.5 min
[Iteration 1575] total_loss=0.0059, data_loss=0.0059, ref_loss=0.0000, physics_loss=1.3928E+01, it_time=0.0007 s total_time=0.5 min
[Iteration 1600] total_loss=0.0058, data_loss=0.0058, ref_loss=0.0000, physics_loss=1.4438E+01, it_time=0.00069 s total_time=0.5 min
[Iteration 1625] total_loss=0.0071, data_loss=0.0071, ref_loss=0.0000, physics_loss=1.5274E+01, it_time=0.00069 s total_time=0.6 min
[Iteration 1650] total_loss=0.0058, data_loss=0.0058, ref_loss=0.0000, physics_loss=1.5046E+01, it_time=0.0007 s total_time=0.6 min
[Iteration 1675] total_loss=0.0059, data_loss=0.0059, ref_loss=0.0000, physics_loss=1.5361E+01, it_time=0.00103 s total_time=0.6 min
[Iteration 1700] total_loss=0.0058, data_loss=0.0058, ref_loss=0.0000, physics_loss=1.4946E+01, it_time=0.00093 s total_time=0.6 min
[Iteration 1725] total_loss=0.0059, data_loss=0.0059, ref_loss=0.0000, physics_loss=1.6771E+01, it_time=0.0007 s total_time=0.6 min
[Iteration 1750] total_loss=0.0054, data_loss=0.0054, ref_loss=0.0000, physics_loss=1.6643E+01, it_time=0.00071 s total_time=0.6 min
[Iteration 1775] total_loss=0.0054, data_loss=0.0054, ref_loss=0.0000, physics_loss=1.6817E+01, it_time=0.00167 s total_time=0.6 min
[Iteration 1800] total_loss=0.0059, data_loss=0.0059, ref_loss=0.0000, physics_loss=1.5901E+01, it_time=0.00069 s total_time=0.6 min
[Iteration 1825] total_loss=0.0054, data_loss=0.0054, ref_loss=0.0000, physics_loss=1.6063E+01, it_time=0.0007 s total_time=0.6 min
[Iteration 1850] total_loss=0.0052, data_loss=0.0052, ref_loss=0.0000, physics_loss=1.7386E+01, it_time=0.00071 s total_time=0.6 min
[Iteration 1875] total_loss=0.0056, data_loss=0.0056, ref_loss=0.0000, physics_loss=1.8041E+01, it_time=0.00069 s total_time=0.6 min
[Iteration 1900] total_loss=0.0052, data_loss=0.0052, ref_loss=0.0000, physics_loss=1.7798E+01, it_time=0.00171 s total_time=0.6 min
[Iteration 1925] total_loss=0.0052, data_loss=0.0052, ref_loss=0.0000, physics_loss=1.9029E+01, it_time=0.0007 s total_time=0.6 min
[Iteration 1950] total_loss=0.0056, data_loss=0.0056, ref_loss=0.0000, physics_loss=1.8859E+01, it_time=0.00069 s total_time=0.6 min
[Iteration 1975] total_loss=0.0052, data_loss=0.0052, ref_loss=0.0000, physics_loss=1.8941E+01, it_time=0.0007 s total_time=0.6 min
[Iteration 2000] total_loss=0.0053, data_loss=0.0053, ref_loss=0.0000, physics_loss=1.7030E+01, it_time=0.0007 s total_time=0.7 min
Total avg
Relative error [Fluid] 18.4
Relative error [Bound] 39.7
Relative error [Core] 9.8
Absolute error [Fluid] 0.1273
Absolute error [Bound] 0.2433
Absolute error [Core] 0.0806
Absolute error [Non-F] 0.0000
R.M.S.   error [Fluid] 0.1995
R.M.S.   error [Bound] 0.3349
R.M.S.   error [Core] 0.1035
R.M.S.   error [Non-F] 0.0000
Checkpoint saved to ../models/260406_Aomodel_4dsim_V250_div_w_PINN_sweep/260406_Aomodel_4dsim_V250_div_w_PINN_sweep_FFN_1t_20260407-1728/checkpoints/260406_Aomodel_4dsim_V250_div_w_PINN_sweep_FFN_1t_it2000.pth
[Iteration 2025] total_loss=0.0049, data_loss=0.0049, ref_loss=0.0000, physics_loss=1.8736E+01, it_time=0.00102 s total_time=0.7 min
[Iteration 2050] total_loss=0.0048, data_loss=0.0048, ref_loss=0.0000, physics_loss=1.9913E+01, it_time=0.0007 s total_time=0.7 min
[Iteration 2075] total_loss=0.0048, data_loss=0.0048, ref_loss=0.0000, physics_loss=2.0587E+01, it_time=0.0007 s total_time=0.7 min
[Iteration 2100] total_loss=0.0048, data_loss=0.0048, ref_loss=0.0000, physics_loss=2.1232E+01, it_time=0.00069 s total_time=0.7 min
[Iteration 2125] total_loss=0.0049, data_loss=0.0048, ref_loss=0.0000, physics_loss=2.1370E+01, it_time=0.00069 s total_time=0.7 min
[Iteration 2150] total_loss=0.0048, data_loss=0.0048, ref_loss=0.0000, physics_loss=2.0776E+01, it_time=0.00069 s total_time=0.7 min
[Iteration 2175] total_loss=0.0054, data_loss=0.0054, ref_loss=0.0000, physics_loss=2.1575E+01, it_time=0.00069 s total_time=0.7 min
[Iteration 2200] total_loss=0.0047, data_loss=0.0047, ref_loss=0.0000, physics_loss=2.2286E+01, it_time=0.0007 s total_time=0.7 min
[Iteration 2225] total_loss=0.0052, data_loss=0.0052, ref_loss=0.0000, physics_loss=2.2759E+01, it_time=0.0007 s total_time=0.7 min
[Iteration 2250] total_loss=0.0048, data_loss=0.0048, ref_loss=0.0000, physics_loss=2.0871E+01, it_time=0.00075 s total_time=0.8 min
[Iteration 2275] total_loss=0.0046, data_loss=0.0046, ref_loss=0.0000, physics_loss=2.1347E+01, it_time=0.0007 s total_time=0.8 min
[Iteration 2300] total_loss=0.0048, data_loss=0.0048, ref_loss=0.0000, physics_loss=2.1301E+01, it_time=0.0007 s total_time=0.8 min
[Iteration 2325] total_loss=0.0046, data_loss=0.0046, ref_loss=0.0000, physics_loss=2.2432E+01, it_time=0.00069 s total_time=0.8 min
[Iteration 2350] total_loss=0.0046, data_loss=0.0046, ref_loss=0.0000, physics_loss=2.2352E+01, it_time=0.00094 s total_time=0.8 min
[Iteration 2375] total_loss=0.0047, data_loss=0.0047, ref_loss=0.0000, physics_loss=2.3568E+01, it_time=0.00071 s total_time=0.8 min
[Iteration 2400] total_loss=0.0048, data_loss=0.0048, ref_loss=0.0000, physics_loss=2.3087E+01, it_time=0.0007 s total_time=0.8 min
[Iteration 2425] total_loss=0.0049, data_loss=0.0049, ref_loss=0.0000, physics_loss=2.2626E+01, it_time=0.0007 s total_time=0.8 min
[Iteration 2450] total_loss=0.0045, data_loss=0.0045, ref_loss=0.0000, physics_loss=2.3048E+01, it_time=0.00146 s total_time=0.8 min
[Iteration 2475] total_loss=0.0046, data_loss=0.0046, ref_loss=0.0000, physics_loss=2.3868E+01, it_time=0.0007 s total_time=0.8 min
[Iteration 2500] total_loss=0.0074, data_loss=0.0074, ref_loss=0.0000, physics_loss=2.3492E+01, it_time=0.0007 s total_time=0.8 min
Total avg
Relative error [Fluid] 18.5
Relative error [Bound] 40.6
Relative error [Core] 9.6
Absolute error [Fluid] 0.1302
Absolute error [Bound] 0.2567
Absolute error [Core] 0.0794
Absolute error [Non-F] 0.0000
R.M.S.   error [Fluid] 0.2097
R.M.S.   error [Bound] 0.3553
R.M.S.   error [Core] 0.1045
R.M.S.   error [Non-F] 0.0000
[Iteration 2525] total_loss=0.0056, data_loss=0.0056, ref_loss=0.0000, physics_loss=1.9660E+01, it_time=0.00158 s total_time=0.9 min
[Iteration 2550] total_loss=0.0045, data_loss=0.0045, ref_loss=0.0000, physics_loss=1.8732E+01, it_time=0.0007 s total_time=0.9 min
[Iteration 2575] total_loss=0.0044, data_loss=0.0044, ref_loss=0.0000, physics_loss=2.0693E+01, it_time=0.0007 s total_time=0.9 min
[Iteration 2600] total_loss=0.0043, data_loss=0.0043, ref_loss=0.0000, physics_loss=2.1703E+01, it_time=0.00068 s total_time=0.9 min
[Iteration 2625] total_loss=0.0043, data_loss=0.0043, ref_loss=0.0000, physics_loss=2.2529E+01, it_time=0.0007 s total_time=0.9 min
[Iteration 2650] total_loss=0.0043, data_loss=0.0043, ref_loss=0.0000, physics_loss=2.3298E+01, it_time=0.00104 s total_time=0.9 min
[Iteration 2675] total_loss=0.0043, data_loss=0.0043, ref_loss=0.0000, physics_loss=2.3972E+01, it_time=0.00071 s total_time=0.9 min
[Iteration 2700] total_loss=0.0043, data_loss=0.0043, ref_loss=0.0000, physics_loss=2.4586E+01, it_time=0.0008 s total_time=0.9 min
[Iteration 2725] total_loss=0.0046, data_loss=0.0046, ref_loss=0.0000, physics_loss=2.5494E+01, it_time=0.0007 s total_time=0.9 min
[Iteration 2750] total_loss=0.0043, data_loss=0.0043, ref_loss=0.0000, physics_loss=2.3921E+01, it_time=0.00069 s total_time=0.9 min
[Iteration 2775] total_loss=0.0042, data_loss=0.0042, ref_loss=0.0000, physics_loss=2.5487E+01, it_time=0.00094 s total_time=0.9 min
[Iteration 2800] total_loss=0.0043, data_loss=0.0043, ref_loss=0.0000, physics_loss=2.5874E+01, it_time=0.0007 s total_time=0.9 min
[Iteration 2825] total_loss=0.0046, data_loss=0.0046, ref_loss=0.0000, physics_loss=2.6266E+01, it_time=0.0007 s total_time=0.9 min
[Iteration 2850] total_loss=0.0043, data_loss=0.0043, ref_loss=0.0000, physics_loss=2.6612E+01, it_time=0.0007 s total_time=0.9 min
[Iteration 2875] total_loss=0.0042, data_loss=0.0042, ref_loss=0.0000, physics_loss=2.7301E+01, it_time=0.00094 s total_time=0.9 min
[Iteration 2900] total_loss=0.0042, data_loss=0.0042, ref_loss=0.0000, physics_loss=2.6443E+01, it_time=0.00069 s total_time=1.0 min
[Iteration 2925] total_loss=0.0044, data_loss=0.0044, ref_loss=0.0000, physics_loss=2.6159E+01, it_time=0.00072 s total_time=1.0 min
[Iteration 2950] total_loss=0.0042, data_loss=0.0042, ref_loss=0.0000, physics_loss=2.7744E+01, it_time=0.00071 s total_time=1.0 min
[Iteration 2975] total_loss=0.0042, data_loss=0.0042, ref_loss=0.0000, physics_loss=2.6653E+01, it_time=0.00173 s total_time=1.0 min
[Iteration 3000] total_loss=0.0042, data_loss=0.0042, ref_loss=0.0000, physics_loss=2.7483E+01, it_time=0.0007 s total_time=1.0 min
Total avg
Relative error [Fluid] 17.8
Relative error [Bound] 39.1
Relative error [Core] 9.2
Absolute error [Fluid] 0.1247
Absolute error [Bound] 0.2410
Absolute error [Core] 0.0779
Absolute error [Non-F] 0.0000
R.M.S.   error [Fluid] 0.1972
R.M.S.   error [Bound] 0.3312
R.M.S.   error [Core] 0.1021
R.M.S.   error [Non-F] 0.0000
Checkpoint saved to ../models/260406_Aomodel_4dsim_V250_div_w_PINN_sweep/260406_Aomodel_4dsim_V250_div_w_PINN_sweep_FFN_1t_20260407-1728/checkpoints/260406_Aomodel_4dsim_V250_div_w_PINN_sweep_FFN_1t_it3000.pth
[Iteration 3025] total_loss=0.0041, data_loss=0.0041, ref_loss=0.0000, physics_loss=2.8770E+01, it_time=0.00102 s total_time=1.0 min
[Iteration 3050] total_loss=0.0040, data_loss=0.0040, ref_loss=0.0000, physics_loss=2.9671E+01, it_time=0.0007 s total_time=1.0 min
[Iteration 3075] total_loss=0.0041, data_loss=0.0041, ref_loss=0.0000, physics_loss=3.0193E+01, it_time=0.0007 s total_time=1.0 min
[Iteration 3100] total_loss=0.0041, data_loss=0.0041, ref_loss=0.0000, physics_loss=2.9184E+01, it_time=0.0007 s total_time=1.0 min
[Iteration 3125] total_loss=0.0041, data_loss=0.0041, ref_loss=0.0000, physics_loss=2.9583E+01, it_time=0.00094 s total_time=1.0 min
[Iteration 3150] total_loss=0.0041, data_loss=0.0041, ref_loss=0.0000, physics_loss=2.7908E+01, it_time=0.00065 s total_time=1.1 min
[Iteration 3175] total_loss=0.0042, data_loss=0.0042, ref_loss=0.0000, physics_loss=2.9234E+01, it_time=0.00171 s total_time=1.1 min
[Iteration 3200] total_loss=0.0040, data_loss=0.0040, ref_loss=0.0000, physics_loss=2.8245E+01, it_time=0.0007 s total_time=1.1 min
[Iteration 3225] total_loss=0.0040, data_loss=0.0040, ref_loss=0.0000, physics_loss=2.9208E+01, it_time=0.0007 s total_time=1.1 min
[Iteration 3250] total_loss=0.0041, data_loss=0.0041, ref_loss=0.0000, physics_loss=3.0186E+01, it_time=0.0007 s total_time=1.1 min
[Iteration 3275] total_loss=0.0044, data_loss=0.0044, ref_loss=0.0000, physics_loss=3.0308E+01, it_time=0.0007 s total_time=1.1 min
[Iteration 3300] total_loss=0.0040, data_loss=0.0040, ref_loss=0.0000, physics_loss=2.9303E+01, it_time=0.0019 s total_time=1.1 min
[Iteration 3325] total_loss=0.0041, data_loss=0.0041, ref_loss=0.0000, physics_loss=2.8754E+01, it_time=0.0007 s total_time=1.1 min
[Iteration 3350] total_loss=0.0039, data_loss=0.0039, ref_loss=0.0000, physics_loss=2.9289E+01, it_time=0.0007 s total_time=1.1 min
[Iteration 3375] total_loss=0.0047, data_loss=0.0047, ref_loss=0.0000, physics_loss=3.1265E+01, it_time=0.0007 s total_time=1.1 min
[Iteration 3400] total_loss=0.0040, data_loss=0.0040, ref_loss=0.0000, physics_loss=2.6717E+01, it_time=0.00071 s total_time=1.1 min
[Iteration 3425] total_loss=0.0039, data_loss=0.0039, ref_loss=0.0000, physics_loss=2.8964E+01, it_time=0.00078 s total_time=1.1 min
[Iteration 3450] total_loss=0.0042, data_loss=0.0042, ref_loss=0.0000, physics_loss=3.0414E+01, it_time=0.0007 s total_time=1.1 min
[Iteration 3475] total_loss=0.0039, data_loss=0.0039, ref_loss=0.0000, physics_loss=2.9398E+01, it_time=0.0007 s total_time=1.1 min
[Iteration 3500] total_loss=0.0044, data_loss=0.0044, ref_loss=0.0000, physics_loss=2.9581E+01, it_time=0.00071 s total_time=1.2 min
Total avg
Relative error [Fluid] 17.9
Relative error [Bound] 39.2
Relative error [Core] 9.4
Absolute error [Fluid] 0.1256
Absolute error [Bound] 0.2418
Absolute error [Core] 0.0788
Absolute error [Non-F] 0.0000
R.M.S.   error [Fluid] 0.1974
R.M.S.   error [Bound] 0.3315
R.M.S.   error [Core] 0.1022
R.M.S.   error [Non-F] 0.0000
Final model saved to ../models/260406_Aomodel_4dsim_V250_div_w_PINN_sweep/260406_Aomodel_4dsim_V250_div_w_PINN_sweep_FFN_1t_20260407-1728/260406_Aomodel_4dsim_V250_div_w_PINN_sweep_FFN_1t_final.pth
Starting script
Copying source code to model directory...
Loaded resolution from file: 0.002, 0.002, 0.002, 0.01874
VNRMSE [Noisy]: 0.096484
Directional error [Noisy]: 0.024761
Divergence [Noisy]: 0.070040
Total avg
Relative error [Fluid] 89.3
Relative error [Bound] 90.2
Relative error [Core] 88.9
Absolute error [Fluid] 0.8305
Absolute error [Bound] 0.6926
Absolute error [Core] 0.8858
Absolute error [Non-F] 0.0000
R.M.S.   error [Fluid] 0.9309
R.M.S.   error [Bound] 0.7966
R.M.S.   error [Core] 0.9797
R.M.S.   error [Non-F] 0.0000
[Iteration 25] total_loss=0.1655, data_loss=0.1655, ref_loss=0.0000, physics_loss=3.9119E-01, it_time=0.0007 s total_time=0.0 min
[Iteration 50] total_loss=0.1284, data_loss=0.1284, ref_loss=0.0000, physics_loss=5.2519E-01, it_time=0.00078 s total_time=0.0 min
[Iteration 75] total_loss=0.0964, data_loss=0.0964, ref_loss=0.0000, physics_loss=5.9355E-01, it_time=0.00069 s total_time=0.0 min
[Iteration 100] total_loss=0.0705, data_loss=0.0705, ref_loss=0.0000, physics_loss=1.1734E+00, it_time=0.00093 s total_time=0.0 min
[Iteration 125] total_loss=0.0559, data_loss=0.0559, ref_loss=0.0000, physics_loss=1.7059E+00, it_time=0.00069 s total_time=0.1 min
[Iteration 150] total_loss=0.0467, data_loss=0.0467, ref_loss=0.0000, physics_loss=2.1085E+00, it_time=0.00174 s total_time=0.1 min
[Iteration 175] total_loss=0.0404, data_loss=0.0404, ref_loss=0.0000, physics_loss=1.9976E+00, it_time=0.00069 s total_time=0.1 min
[Iteration 200] total_loss=0.0364, data_loss=0.0364, ref_loss=0.0000, physics_loss=1.8394E+00, it_time=0.00207 s total_time=0.1 min
[Iteration 225] total_loss=0.0352, data_loss=0.0352, ref_loss=0.0000, physics_loss=1.5567E+00, it_time=0.00069 s total_time=0.1 min
[Iteration 250] total_loss=0.0318, data_loss=0.0318, ref_loss=0.0000, physics_loss=1.4787E+00, it_time=0.00069 s total_time=0.1 min
[Iteration 275] total_loss=0.0290, data_loss=0.0290, ref_loss=0.0000, physics_loss=1.4689E+00, it_time=0.0007 s total_time=0.1 min
[Iteration 300] total_loss=0.0287, data_loss=0.0287, ref_loss=0.0000, physics_loss=1.4610E+00, it_time=0.0007 s total_time=0.1 min
[Iteration 325] total_loss=0.0259, data_loss=0.0259, ref_loss=0.0000, physics_loss=1.5923E+00, it_time=0.00079 s total_time=0.1 min
[Iteration 350] total_loss=0.0275, data_loss=0.0275, ref_loss=0.0000, physics_loss=1.5910E+00, it_time=0.00069 s total_time=0.1 min
[Iteration 375] total_loss=0.0238, data_loss=0.0238, ref_loss=0.0000, physics_loss=1.9032E+00, it_time=0.00069 s total_time=0.1 min
[Iteration 400] total_loss=0.0224, data_loss=0.0224, ref_loss=0.0000, physics_loss=2.6430E+00, it_time=0.00103 s total_time=0.1 min
[Iteration 425] total_loss=0.0270, data_loss=0.0270, ref_loss=0.0000, physics_loss=2.8470E+00, it_time=0.00069 s total_time=0.1 min
[Iteration 450] total_loss=0.0213, data_loss=0.0213, ref_loss=0.0000, physics_loss=2.9262E+00, it_time=0.00068 s total_time=0.1 min
[Iteration 475] total_loss=0.0201, data_loss=0.0201, ref_loss=0.0000, physics_loss=3.4094E+00, it_time=0.00178 s total_time=0.2 min
[Iteration 500] total_loss=0.0192, data_loss=0.0192, ref_loss=0.0000, physics_loss=3.1745E+00, it_time=0.00069 s total_time=0.2 min
Total avg
Relative error [Fluid] 20.9
Relative error [Bound] 40.7
Relative error [Core] 12.9
Absolute error [Fluid] 0.1414
Absolute error [Bound] 0.2320
Absolute error [Core] 0.1049
Absolute error [Non-F] 0.0000
R.M.S.   error [Fluid] 0.1892
R.M.S.   error [Bound] 0.2851
R.M.S.   error [Core] 0.1324
R.M.S.   error [Non-F] 0.0000
[Iteration 525] total_loss=0.0185, data_loss=0.0185, ref_loss=0.0000, physics_loss=2.8000E+00, it_time=0.00069 s total_time=0.2 min
[Iteration 550] total_loss=0.0186, data_loss=0.0186, ref_loss=0.0000, physics_loss=2.5884E+00, it_time=0.00069 s total_time=0.2 min
[Iteration 575] total_loss=0.0170, data_loss=0.0170, ref_loss=0.0000, physics_loss=2.7190E+00, it_time=0.0007 s total_time=0.2 min
[Iteration 600] total_loss=0.0172, data_loss=0.0172, ref_loss=0.0000, physics_loss=2.9449E+00, it_time=0.00069 s total_time=0.2 min
[Iteration 625] total_loss=0.0160, data_loss=0.0160, ref_loss=0.0000, physics_loss=2.9347E+00, it_time=0.00078 s total_time=0.2 min
[Iteration 650] total_loss=0.0182, data_loss=0.0182, ref_loss=0.0000, physics_loss=3.2538E+00, it_time=0.00069 s total_time=0.2 min
[Iteration 675] total_loss=0.0148, data_loss=0.0148, ref_loss=0.0000, physics_loss=3.2246E+00, it_time=0.00068 s total_time=0.2 min
[Iteration 700] total_loss=0.0162, data_loss=0.0162, ref_loss=0.0000, physics_loss=3.8038E+00, it_time=0.00069 s total_time=0.2 min
[Iteration 725] total_loss=0.0147, data_loss=0.0147, ref_loss=0.0000, physics_loss=3.7776E+00, it_time=0.00069 s total_time=0.2 min
[Iteration 750] total_loss=0.0133, data_loss=0.0133, ref_loss=0.0000, physics_loss=4.1098E+00, it_time=0.00094 s total_time=0.2 min
[Iteration 775] total_loss=0.0132, data_loss=0.0132, ref_loss=0.0000, physics_loss=4.1477E+00, it_time=0.00102 s total_time=0.2 min
[Iteration 800] total_loss=0.0126, data_loss=0.0126, ref_loss=0.0000, physics_loss=4.6346E+00, it_time=0.0007 s total_time=0.3 min
[Iteration 825] total_loss=0.0122, data_loss=0.0122, ref_loss=0.0000, physics_loss=4.9964E+00, it_time=0.00069 s total_time=0.3 min
[Iteration 850] total_loss=0.0127, data_loss=0.0127, ref_loss=0.0000, physics_loss=5.6300E+00, it_time=0.00069 s total_time=0.3 min
[Iteration 875] total_loss=0.0116, data_loss=0.0115, ref_loss=0.0000, physics_loss=6.3714E+00, it_time=0.00069 s total_time=0.3 min
[Iteration 900] total_loss=0.0137, data_loss=0.0137, ref_loss=0.0000, physics_loss=6.7453E+00, it_time=0.00078 s total_time=0.3 min
[Iteration 925] total_loss=0.0106, data_loss=0.0106, ref_loss=0.0000, physics_loss=7.1765E+00, it_time=0.00072 s total_time=0.3 min
[Iteration 950] total_loss=0.0137, data_loss=0.0137, ref_loss=0.0000, physics_loss=8.6162E+00, it_time=0.00093 s total_time=0.3 min
[Iteration 975] total_loss=0.0112, data_loss=0.0112, ref_loss=0.0000, physics_loss=6.7704E+00, it_time=0.00069 s total_time=0.3 min
[Iteration 1000] total_loss=0.0098, data_loss=0.0098, ref_loss=0.0000, physics_loss=7.9055E+00, it_time=0.00069 s total_time=0.3 min
Total avg
Relative error [Fluid] 18.7
Relative error [Bound] 38.8
Relative error [Core] 10.6
Absolute error [Fluid] 0.1269
Absolute error [Bound] 0.2244
Absolute error [Core] 0.0877
Absolute error [Non-F] 0.0000
R.M.S.   error [Fluid] 0.1902
R.M.S.   error [Bound] 0.3059
R.M.S.   error [Core] 0.1145
R.M.S.   error [Non-F] 0.0000
Checkpoint saved to ../models/260406_Aomodel_4dsim_V250_div_w_PINN_sweep/260406_Aomodel_4dsim_V250_div_w_PINN_sweep_FFN_1t_20260407-1730/checkpoints/260406_Aomodel_4dsim_V250_div_w_PINN_sweep_FFN_1t_it1000.pth
[Iteration 1025] total_loss=0.0094, data_loss=0.0094, ref_loss=0.0000, physics_loss=8.7370E+00, it_time=0.00171 s total_time=0.3 min
[Iteration 1050] total_loss=0.0091, data_loss=0.0091, ref_loss=0.0000, physics_loss=9.2187E+00, it_time=0.00171 s total_time=0.3 min
[Iteration 1075] total_loss=0.0089, data_loss=0.0089, ref_loss=0.0000, physics_loss=9.5912E+00, it_time=0.00068 s total_time=0.3 min
[Iteration 1100] total_loss=0.0086, data_loss=0.0086, ref_loss=0.0000, physics_loss=9.9118E+00, it_time=0.00069 s total_time=0.4 min
[Iteration 1125] total_loss=0.0092, data_loss=0.0092, ref_loss=0.0000, physics_loss=9.8437E+00, it_time=0.00068 s total_time=0.4 min
[Iteration 1150] total_loss=0.0084, data_loss=0.0084, ref_loss=0.0000, physics_loss=1.0233E+01, it_time=0.00171 s total_time=0.4 min
[Iteration 1175] total_loss=0.0082, data_loss=0.0081, ref_loss=0.0000, physics_loss=1.0358E+01, it_time=0.00079 s total_time=0.4 min
[Iteration 1200] total_loss=0.0093, data_loss=0.0093, ref_loss=0.0000, physics_loss=1.1334E+01, it_time=0.00078 s total_time=0.4 min
[Iteration 1225] total_loss=0.0088, data_loss=0.0088, ref_loss=0.0000, physics_loss=9.8134E+00, it_time=0.00094 s total_time=0.4 min
[Iteration 1250] total_loss=0.0078, data_loss=0.0078, ref_loss=0.0000, physics_loss=1.0575E+01, it_time=0.00201 s total_time=0.4 min
[Iteration 1275] total_loss=0.0075, data_loss=0.0075, ref_loss=0.0000, physics_loss=1.0944E+01, it_time=0.0007 s total_time=0.4 min
[Iteration 1300] total_loss=0.0083, data_loss=0.0083, ref_loss=0.0000, physics_loss=1.2284E+01, it_time=0.00069 s total_time=0.4 min
[Iteration 1325] total_loss=0.0076, data_loss=0.0076, ref_loss=0.0000, physics_loss=1.1332E+01, it_time=0.00195 s total_time=0.4 min
[Iteration 1350] total_loss=0.0072, data_loss=0.0072, ref_loss=0.0000, physics_loss=1.1181E+01, it_time=0.00078 s total_time=0.4 min
[Iteration 1375] total_loss=0.0071, data_loss=0.0071, ref_loss=0.0000, physics_loss=1.1664E+01, it_time=0.00069 s total_time=0.4 min
[Iteration 1400] total_loss=0.0070, data_loss=0.0070, ref_loss=0.0000, physics_loss=1.1907E+01, it_time=0.00069 s total_time=0.4 min
[Iteration 1425] total_loss=0.0068, data_loss=0.0068, ref_loss=0.0000, physics_loss=1.1999E+01, it_time=0.00069 s total_time=0.4 min
[Iteration 1450] total_loss=0.0071, data_loss=0.0071, ref_loss=0.0000, physics_loss=1.1857E+01, it_time=0.00069 s total_time=0.4 min
[Iteration 1475] total_loss=0.0067, data_loss=0.0067, ref_loss=0.0000, physics_loss=1.2244E+01, it_time=0.00171 s total_time=0.5 min
[Iteration 1500] total_loss=0.0086, data_loss=0.0085, ref_loss=0.0000, physics_loss=1.1855E+01, it_time=0.00069 s total_time=0.5 min
Total avg
Relative error [Fluid] 19.3
Relative error [Bound] 39.3
Relative error [Core] 11.2
Absolute error [Fluid] 0.1341
Absolute error [Bound] 0.2266
Absolute error [Core] 0.0969
Absolute error [Non-F] 0.0000
R.M.S.   error [Fluid] 0.1880
R.M.S.   error [Bound] 0.2930
R.M.S.   error [Core] 0.1227
R.M.S.   error [Non-F] 0.0000
[Iteration 1525] total_loss=0.0072, data_loss=0.0072, ref_loss=0.0000, physics_loss=1.2381E+01, it_time=0.00069 s total_time=0.5 min
[Iteration 1550] total_loss=0.0063, data_loss=0.0063, ref_loss=0.0000, physics_loss=1.2324E+01, it_time=0.00069 s total_time=0.5 min
[Iteration 1575] total_loss=0.0061, data_loss=0.0061, ref_loss=0.0000, physics_loss=1.2981E+01, it_time=0.00069 s total_time=0.5 min
[Iteration 1600] total_loss=0.0062, data_loss=0.0062, ref_loss=0.0000, physics_loss=1.3423E+01, it_time=0.00069 s total_time=0.5 min
[Iteration 1625] total_loss=0.0060, data_loss=0.0060, ref_loss=0.0000, physics_loss=1.3749E+01, it_time=0.00093 s total_time=0.5 min
[Iteration 1650] total_loss=0.0059, data_loss=0.0059, ref_loss=0.0000, physics_loss=1.3952E+01, it_time=0.00068 s total_time=0.5 min
[Iteration 1675] total_loss=0.0059, data_loss=0.0058, ref_loss=0.0000, physics_loss=1.4206E+01, it_time=0.00171 s total_time=0.5 min
[Iteration 1700] total_loss=0.0060, data_loss=0.0060, ref_loss=0.0000, physics_loss=1.4663E+01, it_time=0.00069 s total_time=0.5 min
[Iteration 1725] total_loss=0.0057, data_loss=0.0057, ref_loss=0.0000, physics_loss=1.5082E+01, it_time=0.00069 s total_time=0.5 min
[Iteration 1750] total_loss=0.0062, data_loss=0.0062, ref_loss=0.0000, physics_loss=1.5173E+01, it_time=0.00101 s total_time=0.5 min
[Iteration 1775] total_loss=0.0056, data_loss=0.0056, ref_loss=0.0000, physics_loss=1.5380E+01, it_time=0.00078 s total_time=0.5 min
[Iteration 1800] total_loss=0.0056, data_loss=0.0056, ref_loss=0.0000, physics_loss=1.5737E+01, it_time=0.00171 s total_time=0.6 min
[Iteration 1825] total_loss=0.0056, data_loss=0.0056, ref_loss=0.0000, physics_loss=1.5977E+01, it_time=0.00068 s total_time=0.6 min
[Iteration 1850] total_loss=0.0060, data_loss=0.0060, ref_loss=0.0000, physics_loss=1.6169E+01, it_time=0.00068 s total_time=0.6 min
[Iteration 1875] total_loss=0.0055, data_loss=0.0055, ref_loss=0.0000, physics_loss=1.6056E+01, it_time=0.00084 s total_time=0.6 min
[Iteration 1900] total_loss=0.0060, data_loss=0.0060, ref_loss=0.0000, physics_loss=1.5320E+01, it_time=0.00069 s total_time=0.6 min
[Iteration 1925] total_loss=0.0054, data_loss=0.0054, ref_loss=0.0000, physics_loss=1.6463E+01, it_time=0.00069 s total_time=0.6 min
[Iteration 1950] total_loss=0.0064, data_loss=0.0063, ref_loss=0.0000, physics_loss=1.5461E+01, it_time=0.00069 s total_time=0.6 min
[Iteration 1975] total_loss=0.0053, data_loss=0.0053, ref_loss=0.0000, physics_loss=1.6571E+01, it_time=0.00069 s total_time=0.6 min
[Iteration 2000] total_loss=0.0063, data_loss=0.0063, ref_loss=0.0000, physics_loss=1.6394E+01, it_time=0.00069 s total_time=0.6 min
Total avg
Relative error [Fluid] 18.6
Relative error [Bound] 38.8
Relative error [Core] 10.5
Absolute error [Fluid] 0.1307
Absolute error [Bound] 0.2288
Absolute error [Core] 0.0913
Absolute error [Non-F] 0.0000
R.M.S.   error [Fluid] 0.1888
R.M.S.   error [Bound] 0.2993
R.M.S.   error [Core] 0.1181
R.M.S.   error [Non-F] 0.0000
Checkpoint saved to ../models/260406_Aomodel_4dsim_V250_div_w_PINN_sweep/260406_Aomodel_4dsim_V250_div_w_PINN_sweep_FFN_1t_20260407-1730/checkpoints/260406_Aomodel_4dsim_V250_div_w_PINN_sweep_FFN_1t_it2000.pth
[Iteration 2025] total_loss=0.0062, data_loss=0.0062, ref_loss=0.0000, physics_loss=1.5294E+01, it_time=0.0021 s total_time=0.6 min
[Iteration 2050] total_loss=0.0051, data_loss=0.0051, ref_loss=0.0000, physics_loss=1.5928E+01, it_time=0.00069 s total_time=0.6 min
[Iteration 2075] total_loss=0.0049, data_loss=0.0049, ref_loss=0.0000, physics_loss=1.6744E+01, it_time=0.00069 s total_time=0.6 min
[Iteration 2100] total_loss=0.0049, data_loss=0.0049, ref_loss=0.0000, physics_loss=1.7580E+01, it_time=0.00069 s total_time=0.7 min
[Iteration 2125] total_loss=0.0048, data_loss=0.0048, ref_loss=0.0000, physics_loss=1.8113E+01, it_time=0.00171 s total_time=0.7 min
[Iteration 2150] total_loss=0.0048, data_loss=0.0048, ref_loss=0.0000, physics_loss=1.8485E+01, it_time=0.00069 s total_time=0.7 min
[Iteration 2175] total_loss=0.0049, data_loss=0.0049, ref_loss=0.0000, physics_loss=1.8491E+01, it_time=0.00078 s total_time=0.7 min
[Iteration 2200] total_loss=0.0048, data_loss=0.0048, ref_loss=0.0000, physics_loss=1.8768E+01, it_time=0.00078 s total_time=0.7 min
[Iteration 2225] total_loss=0.0048, data_loss=0.0048, ref_loss=0.0000, physics_loss=1.8799E+01, it_time=0.00069 s total_time=0.7 min
[Iteration 2250] total_loss=0.0048, data_loss=0.0048, ref_loss=0.0000, physics_loss=1.8894E+01, it_time=0.00069 s total_time=0.7 min
[Iteration 2275] total_loss=0.0049, data_loss=0.0049, ref_loss=0.0000, physics_loss=1.9204E+01, it_time=0.00068 s total_time=0.7 min
[Iteration 2300] total_loss=0.0048, data_loss=0.0048, ref_loss=0.0000, physics_loss=1.8778E+01, it_time=0.00171 s total_time=0.7 min
[Iteration 2325] total_loss=0.0046, data_loss=0.0046, ref_loss=0.0000, physics_loss=1.9167E+01, it_time=0.00067 s total_time=0.7 min
[Iteration 2350] total_loss=0.0048, data_loss=0.0047, ref_loss=0.0000, physics_loss=1.8586E+01, it_time=0.00171 s total_time=0.7 min
[Iteration 2375] total_loss=0.0046, data_loss=0.0046, ref_loss=0.0000, physics_loss=1.9410E+01, it_time=0.00068 s total_time=0.7 min
[Iteration 2400] total_loss=0.0047, data_loss=0.0046, ref_loss=0.0000, physics_loss=1.9545E+01, it_time=0.00069 s total_time=0.7 min
[Iteration 2425] total_loss=0.0049, data_loss=0.0049, ref_loss=0.0000, physics_loss=1.9795E+01, it_time=0.00069 s total_time=0.7 min
[Iteration 2450] total_loss=0.0046, data_loss=0.0046, ref_loss=0.0000, physics_loss=1.8707E+01, it_time=0.00069 s total_time=0.7 min
[Iteration 2475] total_loss=0.0046, data_loss=0.0046, ref_loss=0.0000, physics_loss=1.9576E+01, it_time=0.00069 s total_time=0.7 min
[Iteration 2500] total_loss=0.0046, data_loss=0.0046, ref_loss=0.0000, physics_loss=1.9606E+01, it_time=0.00069 s total_time=0.8 min
Total avg
Relative error [Fluid] 17.9
Relative error [Bound] 39.1
Relative error [Core] 9.4
Absolute error [Fluid] 0.1248
Absolute error [Bound] 0.2394
Absolute error [Core] 0.0787
Absolute error [Non-F] 0.0000
R.M.S.   error [Fluid] 0.1966
R.M.S.   error [Bound] 0.3294
R.M.S.   error [Core] 0.1029
R.M.S.   error [Non-F] 0.0000
[Iteration 2525] total_loss=0.0044, data_loss=0.0044, ref_loss=0.0000, physics_loss=1.9680E+01, it_time=0.00069 s total_time=0.8 min
[Iteration 2550] total_loss=0.0044, data_loss=0.0044, ref_loss=0.0000, physics_loss=1.9930E+01, it_time=0.00068 s total_time=0.8 min
[Iteration 2575] total_loss=0.0046, data_loss=0.0046, ref_loss=0.0000, physics_loss=1.9740E+01, it_time=0.00069 s total_time=0.8 min
[Iteration 2600] total_loss=0.0044, data_loss=0.0044, ref_loss=0.0000, physics_loss=1.9940E+01, it_time=0.00092 s total_time=0.8 min
[Iteration 2625] total_loss=0.0044, data_loss=0.0044, ref_loss=0.0000, physics_loss=2.0172E+01, it_time=0.00078 s total_time=0.8 min
[Iteration 2650] total_loss=0.0047, data_loss=0.0047, ref_loss=0.0000, physics_loss=1.9615E+01, it_time=0.00069 s total_time=0.8 min
[Iteration 2675] total_loss=0.0044, data_loss=0.0044, ref_loss=0.0000, physics_loss=1.9852E+01, it_time=0.00126 s total_time=0.8 min
[Iteration 2700] total_loss=0.0044, data_loss=0.0044, ref_loss=0.0000, physics_loss=2.0090E+01, it_time=0.00069 s total_time=0.8 min
[Iteration 2725] total_loss=0.0045, data_loss=0.0045, ref_loss=0.0000, physics_loss=1.9721E+01, it_time=0.00069 s total_time=0.8 min
[Iteration 2750] total_loss=0.0045, data_loss=0.0045, ref_loss=0.0000, physics_loss=1.9909E+01, it_time=0.00069 s total_time=0.8 min
[Iteration 2775] total_loss=0.0043, data_loss=0.0043, ref_loss=0.0000, physics_loss=2.0036E+01, it_time=0.00068 s total_time=0.8 min
[Iteration 2800] total_loss=0.0124, data_loss=0.0123, ref_loss=0.0000, physics_loss=2.5988E+01, it_time=0.00093 s total_time=0.8 min
[Iteration 2825] total_loss=0.0051, data_loss=0.0051, ref_loss=0.0000, physics_loss=1.7402E+01, it_time=0.0007 s total_time=0.9 min
[Iteration 2850] total_loss=0.0043, data_loss=0.0043, ref_loss=0.0000, physics_loss=1.8141E+01, it_time=0.00078 s total_time=0.9 min
[Iteration 2875] total_loss=0.0042, data_loss=0.0042, ref_loss=0.0000, physics_loss=1.9363E+01, it_time=0.00157 s total_time=0.9 min
[Iteration 2900] total_loss=0.0042, data_loss=0.0042, ref_loss=0.0000, physics_loss=1.9855E+01, it_time=0.00069 s total_time=0.9 min
[Iteration 2925] total_loss=0.0042, data_loss=0.0042, ref_loss=0.0000, physics_loss=2.0288E+01, it_time=0.00069 s total_time=0.9 min
[Iteration 2950] total_loss=0.0042, data_loss=0.0042, ref_loss=0.0000, physics_loss=2.0217E+01, it_time=0.00171 s total_time=0.9 min
[Iteration 2975] total_loss=0.0047, data_loss=0.0047, ref_loss=0.0000, physics_loss=2.0444E+01, it_time=0.00068 s total_time=0.9 min
[Iteration 3000] total_loss=0.0042, data_loss=0.0042, ref_loss=0.0000, physics_loss=1.9531E+01, it_time=0.00069 s total_time=0.9 min
Total avg
Relative error [Fluid] 17.7
Relative error [Bound] 38.8
Relative error [Core] 9.2
Absolute error [Fluid] 0.1247
Absolute error [Bound] 0.2402
Absolute error [Core] 0.0782
Absolute error [Non-F] 0.0000
R.M.S.   error [Fluid] 0.1978
R.M.S.   error [Bound] 0.3320
R.M.S.   error [Core] 0.1026
R.M.S.   error [Non-F] 0.0000
Checkpoint saved to ../models/260406_Aomodel_4dsim_V250_div_w_PINN_sweep/260406_Aomodel_4dsim_V250_div_w_PINN_sweep_FFN_1t_20260407-1730/checkpoints/260406_Aomodel_4dsim_V250_div_w_PINN_sweep_FFN_1t_it3000.pth
[Iteration 3025] total_loss=0.0042, data_loss=0.0042, ref_loss=0.0000, physics_loss=1.9722E+01, it_time=0.00069 s total_time=0.9 min
[Iteration 3050] total_loss=0.0041, data_loss=0.0041, ref_loss=0.0000, physics_loss=2.0299E+01, it_time=0.00077 s total_time=0.9 min
[Iteration 3075] total_loss=0.0041, data_loss=0.0041, ref_loss=0.0000, physics_loss=2.0607E+01, it_time=0.00069 s total_time=0.9 min
[Iteration 3100] total_loss=0.0040, data_loss=0.0040, ref_loss=0.0000, physics_loss=2.0821E+01, it_time=0.0007 s total_time=1.0 min
[Iteration 3125] total_loss=0.0040, data_loss=0.0040, ref_loss=0.0000, physics_loss=2.0936E+01, it_time=0.00072 s total_time=1.0 min
[Iteration 3150] total_loss=0.0042, data_loss=0.0042, ref_loss=0.0000, physics_loss=2.0514E+01, it_time=0.00078 s total_time=1.0 min
[Iteration 3175] total_loss=0.0040, data_loss=0.0040, ref_loss=0.0000, physics_loss=2.0754E+01, it_time=0.00093 s total_time=1.0 min
[Iteration 3200] total_loss=0.0041, data_loss=0.0040, ref_loss=0.0000, physics_loss=2.0515E+01, it_time=0.00069 s total_time=1.0 min
[Iteration 3225] total_loss=0.0040, data_loss=0.0040, ref_loss=0.0000, physics_loss=2.1167E+01, it_time=0.00069 s total_time=1.0 min
[Iteration 3250] total_loss=0.0041, data_loss=0.0041, ref_loss=0.0000, physics_loss=2.1341E+01, it_time=0.00069 s total_time=1.0 min
[Iteration 3275] total_loss=0.0040, data_loss=0.0040, ref_loss=0.0000, physics_loss=2.0152E+01, it_time=0.0007 s total_time=1.0 min
[Iteration 3300] total_loss=0.0041, data_loss=0.0041, ref_loss=0.0000, physics_loss=2.0998E+01, it_time=0.00171 s total_time=1.0 min
[Iteration 3325] total_loss=0.0041, data_loss=0.0040, ref_loss=0.0000, physics_loss=2.1354E+01, it_time=0.0007 s total_time=1.0 min
[Iteration 3350] total_loss=0.0040, data_loss=0.0040, ref_loss=0.0000, physics_loss=2.0239E+01, it_time=0.00069 s total_time=1.0 min
[Iteration 3375] total_loss=0.0039, data_loss=0.0039, ref_loss=0.0000, physics_loss=2.1419E+01, it_time=0.00069 s total_time=1.0 min
[Iteration 3400] total_loss=0.0041, data_loss=0.0041, ref_loss=0.0000, physics_loss=2.1154E+01, it_time=0.00101 s total_time=1.0 min
[Iteration 3425] total_loss=0.0042, data_loss=0.0042, ref_loss=0.0000, physics_loss=2.1913E+01, it_time=0.00069 s total_time=1.0 min
[Iteration 3450] total_loss=0.0041, data_loss=0.0041, ref_loss=0.0000, physics_loss=2.0988E+01, it_time=0.0007 s total_time=1.0 min
[Iteration 3475] total_loss=0.0039, data_loss=0.0039, ref_loss=0.0000, physics_loss=2.1015E+01, it_time=0.00186 s total_time=1.0 min
[Iteration 3500] total_loss=0.0043, data_loss=0.0043, ref_loss=0.0000, physics_loss=2.0873E+01, it_time=0.00078 s total_time=1.0 min
Total avg
Relative error [Fluid] 17.7
Relative error [Bound] 39.3
Relative error [Core] 9.0
Absolute error [Fluid] 0.1242
Absolute error [Bound] 0.2451
Absolute error [Core] 0.0755
Absolute error [Non-F] 0.0000
R.M.S.   error [Fluid] 0.2013
R.M.S.   error [Bound] 0.3423
R.M.S.   error [Core] 0.0985
R.M.S.   error [Non-F] 0.0000
Final model saved to ../models/260406_Aomodel_4dsim_V250_div_w_PINN_sweep/260406_Aomodel_4dsim_V250_div_w_PINN_sweep_FFN_1t_20260407-1730/260406_Aomodel_4dsim_V250_div_w_PINN_sweep_FFN_1t_final.pth
Starting script
Copying source code to model directory...
Loaded resolution from file: 0.002, 0.002, 0.002, 0.01874
VNRMSE [Noisy]: 0.096484
Directional error [Noisy]: 0.024761
Divergence [Noisy]: 0.070040
Total avg
Relative error [Fluid] 89.3
Relative error [Bound] 90.2
Relative error [Core] 88.9
Absolute error [Fluid] 0.8305
Absolute error [Bound] 0.6926
Absolute error [Core] 0.8858
Absolute error [Non-F] 0.0000
R.M.S.   error [Fluid] 0.9309
R.M.S.   error [Bound] 0.7966
R.M.S.   error [Core] 0.9797
R.M.S.   error [Non-F] 0.0000
[Iteration 25] total_loss=0.1655, data_loss=0.1655, ref_loss=0.0000, physics_loss=3.9117E-01, it_time=0.00069 s total_time=0.0 min
[Iteration 50] total_loss=0.1284, data_loss=0.1284, ref_loss=0.0000, physics_loss=5.2510E-01, it_time=0.00093 s total_time=0.0 min
[Iteration 75] total_loss=0.0964, data_loss=0.0964, ref_loss=0.0000, physics_loss=5.9346E-01, it_time=0.00068 s total_time=0.0 min
[Iteration 100] total_loss=0.0705, data_loss=0.0705, ref_loss=0.0000, physics_loss=1.1733E+00, it_time=0.00069 s total_time=0.0 min
[Iteration 125] total_loss=0.0615, data_loss=0.0615, ref_loss=0.0000, physics_loss=1.7803E+00, it_time=0.00069 s total_time=0.1 min
[Iteration 150] total_loss=0.0458, data_loss=0.0458, ref_loss=0.0000, physics_loss=1.9970E+00, it_time=0.00221 s total_time=0.1 min
[Iteration 175] total_loss=0.0448, data_loss=0.0448, ref_loss=0.0000, physics_loss=1.8806E+00, it_time=0.00069 s total_time=0.1 min
[Iteration 200] total_loss=0.0372, data_loss=0.0372, ref_loss=0.0000, physics_loss=1.8730E+00, it_time=0.00068 s total_time=0.1 min
[Iteration 225] total_loss=0.0341, data_loss=0.0341, ref_loss=0.0000, physics_loss=1.6236E+00, it_time=0.00069 s total_time=0.1 min
[Iteration 250] total_loss=0.0329, data_loss=0.0329, ref_loss=0.0000, physics_loss=1.4886E+00, it_time=0.00107 s total_time=0.1 min
[Iteration 275] total_loss=0.0298, data_loss=0.0298, ref_loss=0.0000, physics_loss=1.4249E+00, it_time=0.00093 s total_time=0.1 min
[Iteration 300] total_loss=0.0281, data_loss=0.0281, ref_loss=0.0000, physics_loss=1.4555E+00, it_time=0.00069 s total_time=0.1 min
[Iteration 325] total_loss=0.0326, data_loss=0.0326, ref_loss=0.0000, physics_loss=1.5716E+00, it_time=0.00069 s total_time=0.1 min
[Iteration 350] total_loss=0.0248, data_loss=0.0248, ref_loss=0.0000, physics_loss=1.7354E+00, it_time=0.0007 s total_time=0.1 min
[Iteration 375] total_loss=0.0271, data_loss=0.0271, ref_loss=0.0000, physics_loss=2.0762E+00, it_time=0.00223 s total_time=0.1 min
[Iteration 400] total_loss=0.0226, data_loss=0.0226, ref_loss=0.0000, physics_loss=2.4063E+00, it_time=0.00098 s total_time=0.1 min
[Iteration 425] total_loss=0.0215, data_loss=0.0215, ref_loss=0.0000, physics_loss=3.0900E+00, it_time=0.00174 s total_time=0.1 min
[Iteration 450] total_loss=0.0211, data_loss=0.0211, ref_loss=0.0000, physics_loss=3.1871E+00, it_time=0.00064 s total_time=0.2 min
[Iteration 475] total_loss=0.0198, data_loss=0.0198, ref_loss=0.0000, physics_loss=3.2263E+00, it_time=0.00147 s total_time=0.2 min
[Iteration 500] total_loss=0.0315, data_loss=0.0315, ref_loss=0.0000, physics_loss=3.2847E+00, it_time=0.00069 s total_time=0.2 min
Total avg
Relative error [Fluid] 23.0
Relative error [Bound] 42.6
Relative error [Core] 15.1
Absolute error [Fluid] 0.1590
Absolute error [Bound] 0.2497
Absolute error [Core] 0.1224
Absolute error [Non-F] 0.0000
R.M.S.   error [Fluid] 0.2004
R.M.S.   error [Bound] 0.2969
R.M.S.   error [Core] 0.1445
R.M.S.   error [Non-F] 0.0000
[Iteration 525] total_loss=0.0193, data_loss=0.0193, ref_loss=0.0000, physics_loss=2.5242E+00, it_time=0.00068 s total_time=0.2 min
[Iteration 550] total_loss=0.0179, data_loss=0.0179, ref_loss=0.0000, physics_loss=2.4825E+00, it_time=0.00069 s total_time=0.2 min
[Iteration 575] total_loss=0.0171, data_loss=0.0171, ref_loss=0.0000, physics_loss=2.6320E+00, it_time=0.00069 s total_time=0.2 min
[Iteration 600] total_loss=0.0183, data_loss=0.0183, ref_loss=0.0000, physics_loss=2.9203E+00, it_time=0.00068 s total_time=0.2 min
[Iteration 625] total_loss=0.0162, data_loss=0.0162, ref_loss=0.0000, physics_loss=2.9490E+00, it_time=0.00069 s total_time=0.2 min
[Iteration 650] total_loss=0.0154, data_loss=0.0154, ref_loss=0.0000, physics_loss=3.0819E+00, it_time=0.00068 s total_time=0.2 min
[Iteration 675] total_loss=0.0148, data_loss=0.0148, ref_loss=0.0000, physics_loss=3.2486E+00, it_time=0.00198 s total_time=0.2 min
[Iteration 700] total_loss=0.0151, data_loss=0.0151, ref_loss=0.0000, physics_loss=3.2977E+00, it_time=0.0007 s total_time=0.2 min
[Iteration 725] total_loss=0.0139, data_loss=0.0139, ref_loss=0.0000, physics_loss=3.5765E+00, it_time=0.00082 s total_time=0.3 min
[Iteration 750] total_loss=0.0143, data_loss=0.0143, ref_loss=0.0000, physics_loss=4.1115E+00, it_time=0.00069 s total_time=0.3 min
[Iteration 775] total_loss=0.0130, data_loss=0.0130, ref_loss=0.0000, physics_loss=4.1817E+00, it_time=0.00084 s total_time=0.3 min
[Iteration 800] total_loss=0.0125, data_loss=0.0125, ref_loss=0.0000, physics_loss=4.5802E+00, it_time=0.00068 s total_time=0.3 min
[Iteration 825] total_loss=0.0121, data_loss=0.0121, ref_loss=0.0000, physics_loss=4.9451E+00, it_time=0.00079 s total_time=0.3 min
[Iteration 850] total_loss=0.0139, data_loss=0.0139, ref_loss=0.0000, physics_loss=5.6825E+00, it_time=0.0017 s total_time=0.3 min
[Iteration 875] total_loss=0.0115, data_loss=0.0115, ref_loss=0.0000, physics_loss=5.7027E+00, it_time=0.0007 s total_time=0.3 min
[Iteration 900] total_loss=0.0110, data_loss=0.0109, ref_loss=0.0000, physics_loss=6.5304E+00, it_time=0.00069 s total_time=0.3 min
[Iteration 925] total_loss=0.0107, data_loss=0.0107, ref_loss=0.0000, physics_loss=6.7232E+00, it_time=0.0007 s total_time=0.3 min
[Iteration 950] total_loss=0.0103, data_loss=0.0102, ref_loss=0.0000, physics_loss=7.3965E+00, it_time=0.0007 s total_time=0.3 min
[Iteration 975] total_loss=0.0099, data_loss=0.0099, ref_loss=0.0000, physics_loss=7.1874E+00, it_time=0.00079 s total_time=0.3 min
[Iteration 1000] total_loss=0.0112, data_loss=0.0112, ref_loss=0.0000, physics_loss=8.9801E+00, it_time=0.00069 s total_time=0.3 min
Total avg
Relative error [Fluid] 21.2
Relative error [Bound] 40.3
Relative error [Core] 13.5
Absolute error [Fluid] 0.1459
Absolute error [Bound] 0.2327
Absolute error [Core] 0.1110
Absolute error [Non-F] 0.0000
R.M.S.   error [Fluid] 0.1974
R.M.S.   error [Bound] 0.3035
R.M.S.   error [Core] 0.1327
R.M.S.   error [Non-F] 0.0000
Checkpoint saved to ../models/260406_Aomodel_4dsim_V250_div_w_PINN_sweep/260406_Aomodel_4dsim_V250_div_w_PINN_sweep_FFN_1t_20260407-1731/checkpoints/260406_Aomodel_4dsim_V250_div_w_PINN_sweep_FFN_1t_it1000.pth
[Iteration 1025] total_loss=0.0094, data_loss=0.0094, ref_loss=0.0000, physics_loss=7.9521E+00, it_time=0.00181 s total_time=0.4 min
[Iteration 1050] total_loss=0.0090, data_loss=0.0090, ref_loss=0.0000, physics_loss=8.7479E+00, it_time=0.00069 s total_time=0.4 min
[Iteration 1075] total_loss=0.0088, data_loss=0.0088, ref_loss=0.0000, physics_loss=8.9833E+00, it_time=0.00068 s total_time=0.4 min
[Iteration 1100] total_loss=0.0102, data_loss=0.0102, ref_loss=0.0000, physics_loss=7.9350E+00, it_time=0.0007 s total_time=0.4 min
[Iteration 1125] total_loss=0.0088, data_loss=0.0088, ref_loss=0.0000, physics_loss=8.7199E+00, it_time=0.0007 s total_time=0.4 min
[Iteration 1150] total_loss=0.0083, data_loss=0.0083, ref_loss=0.0000, physics_loss=9.1994E+00, it_time=0.00069 s total_time=0.4 min
[Iteration 1175] total_loss=0.0081, data_loss=0.0081, ref_loss=0.0000, physics_loss=9.4554E+00, it_time=0.00069 s total_time=0.4 min
[Iteration 1200] total_loss=0.0084, data_loss=0.0084, ref_loss=0.0000, physics_loss=9.6401E+00, it_time=0.00069 s total_time=0.4 min
[Iteration 1225] total_loss=0.0078, data_loss=0.0078, ref_loss=0.0000, physics_loss=9.6236E+00, it_time=0.0007 s total_time=0.4 min
[Iteration 1250] total_loss=0.0078, data_loss=0.0078, ref_loss=0.0000, physics_loss=9.4847E+00, it_time=0.00069 s total_time=0.4 min
[Iteration 1275] total_loss=0.0075, data_loss=0.0075, ref_loss=0.0000, physics_loss=9.6766E+00, it_time=0.00069 s total_time=0.4 min
[Iteration 1300] total_loss=0.0075, data_loss=0.0074, ref_loss=0.0000, physics_loss=9.8999E+00, it_time=0.00069 s total_time=0.4 min
[Iteration 1325] total_loss=0.0073, data_loss=0.0073, ref_loss=0.0000, physics_loss=9.9509E+00, it_time=0.00069 s total_time=0.4 min
[Iteration 1350] total_loss=0.0071, data_loss=0.0071, ref_loss=0.0000, physics_loss=1.0085E+01, it_time=0.0007 s total_time=0.4 min
[Iteration 1375] total_loss=0.0079, data_loss=0.0079, ref_loss=0.0000, physics_loss=9.3856E+00, it_time=0.0007 s total_time=0.5 min
[Iteration 1400] total_loss=0.0069, data_loss=0.0069, ref_loss=0.0000, physics_loss=9.8440E+00, it_time=0.00081 s total_time=0.5 min
[Iteration 1425] total_loss=0.0067, data_loss=0.0066, ref_loss=0.0000, physics_loss=1.0322E+01, it_time=0.00069 s total_time=0.5 min
[Iteration 1450] total_loss=0.0072, data_loss=0.0072, ref_loss=0.0000, physics_loss=1.0237E+01, it_time=0.00199 s total_time=0.5 min
[Iteration 1475] total_loss=0.0067, data_loss=0.0067, ref_loss=0.0000, physics_loss=1.0412E+01, it_time=0.00069 s total_time=0.5 min
[Iteration 1500] total_loss=0.0065, data_loss=0.0065, ref_loss=0.0000, physics_loss=1.0774E+01, it_time=0.00069 s total_time=0.5 min
Total avg
Relative error [Fluid] 18.3
Relative error [Bound] 39.1
Relative error [Core] 9.9
Absolute error [Fluid] 0.1255
Absolute error [Bound] 0.2314
Absolute error [Core] 0.0829
Absolute error [Non-F] 0.0000
R.M.S.   error [Fluid] 0.1919
R.M.S.   error [Bound] 0.3150
R.M.S.   error [Core] 0.1083
R.M.S.   error [Non-F] 0.0000
[Iteration 1525] total_loss=0.0062, data_loss=0.0062, ref_loss=0.0000, physics_loss=1.1258E+01, it_time=0.00069 s total_time=0.5 min
[Iteration 1550] total_loss=0.0064, data_loss=0.0064, ref_loss=0.0000, physics_loss=1.1565E+01, it_time=0.00079 s total_time=0.5 min
[Iteration 1575] total_loss=0.0061, data_loss=0.0060, ref_loss=0.0000, physics_loss=1.2013E+01, it_time=0.0007 s total_time=0.5 min
[Iteration 1600] total_loss=0.0062, data_loss=0.0062, ref_loss=0.0000, physics_loss=1.2081E+01, it_time=0.00069 s total_time=0.5 min
[Iteration 1625] total_loss=0.0063, data_loss=0.0063, ref_loss=0.0000, physics_loss=1.2557E+01, it_time=0.00094 s total_time=0.6 min
[Iteration 1650] total_loss=0.0067, data_loss=0.0067, ref_loss=0.0000, physics_loss=1.0996E+01, it_time=0.00069 s total_time=0.6 min
[Iteration 1675] total_loss=0.0059, data_loss=0.0058, ref_loss=0.0000, physics_loss=1.2371E+01, it_time=0.00069 s total_time=0.6 min
[Iteration 1700] total_loss=0.0057, data_loss=0.0057, ref_loss=0.0000, physics_loss=1.2521E+01, it_time=0.00069 s total_time=0.6 min
[Iteration 1725] total_loss=0.0056, data_loss=0.0056, ref_loss=0.0000, physics_loss=1.2932E+01, it_time=0.00068 s total_time=0.6 min
[Iteration 1750] total_loss=0.0058, data_loss=0.0058, ref_loss=0.0000, physics_loss=1.2928E+01, it_time=0.00094 s total_time=0.6 min
[Iteration 1775] total_loss=0.0056, data_loss=0.0056, ref_loss=0.0000, physics_loss=1.3487E+01, it_time=0.00157 s total_time=0.6 min
[Iteration 1800] total_loss=0.0056, data_loss=0.0056, ref_loss=0.0000, physics_loss=1.3697E+01, it_time=0.00069 s total_time=0.6 min
[Iteration 1825] total_loss=0.0060, data_loss=0.0060, ref_loss=0.0000, physics_loss=1.3540E+01, it_time=0.00069 s total_time=0.6 min
[Iteration 1850] total_loss=0.0055, data_loss=0.0055, ref_loss=0.0000, physics_loss=1.3553E+01, it_time=0.00068 s total_time=0.6 min
[Iteration 1875] total_loss=0.0053, data_loss=0.0053, ref_loss=0.0000, physics_loss=1.4031E+01, it_time=0.00069 s total_time=0.6 min
[Iteration 1900] total_loss=0.0092, data_loss=0.0092, ref_loss=0.0000, physics_loss=1.3595E+01, it_time=0.00069 s total_time=0.6 min
[Iteration 1925] total_loss=0.0056, data_loss=0.0056, ref_loss=0.0000, physics_loss=1.2869E+01, it_time=0.00069 s total_time=0.6 min
[Iteration 1950] total_loss=0.0052, data_loss=0.0052, ref_loss=0.0000, physics_loss=1.3611E+01, it_time=0.00069 s total_time=0.6 min
[Iteration 1975] total_loss=0.0052, data_loss=0.0052, ref_loss=0.0000, physics_loss=1.3962E+01, it_time=0.00223 s total_time=0.7 min
[Iteration 2000] total_loss=0.0052, data_loss=0.0052, ref_loss=0.0000, physics_loss=1.4214E+01, it_time=0.00069 s total_time=0.7 min
Total avg
Relative error [Fluid] 18.1
Relative error [Bound] 39.4
Relative error [Core] 9.5
Absolute error [Fluid] 0.1252
Absolute error [Bound] 0.2384
Absolute error [Core] 0.0796
Absolute error [Non-F] 0.0000
R.M.S.   error [Fluid] 0.1962
R.M.S.   error [Bound] 0.3276
R.M.S.   error [Core] 0.1038
R.M.S.   error [Non-F] 0.0000
Checkpoint saved to ../models/260406_Aomodel_4dsim_V250_div_w_PINN_sweep/260406_Aomodel_4dsim_V250_div_w_PINN_sweep_FFN_1t_20260407-1731/checkpoints/260406_Aomodel_4dsim_V250_div_w_PINN_sweep_FFN_1t_it2000.pth
[Iteration 2025] total_loss=0.0050, data_loss=0.0050, ref_loss=0.0000, physics_loss=1.4931E+01, it_time=0.00069 s total_time=0.7 min
[Iteration 2050] total_loss=0.0049, data_loss=0.0049, ref_loss=0.0000, physics_loss=1.5296E+01, it_time=0.00069 s total_time=0.7 min
[Iteration 2075] total_loss=0.0051, data_loss=0.0051, ref_loss=0.0000, physics_loss=1.5522E+01, it_time=0.00069 s total_time=0.7 min
[Iteration 2100] total_loss=0.0049, data_loss=0.0049, ref_loss=0.0000, physics_loss=1.5007E+01, it_time=0.00069 s total_time=0.7 min
[Iteration 2125] total_loss=0.0048, data_loss=0.0048, ref_loss=0.0000, physics_loss=1.5242E+01, it_time=0.00093 s total_time=0.7 min
[Iteration 2150] total_loss=0.0048, data_loss=0.0048, ref_loss=0.0000, physics_loss=1.5347E+01, it_time=0.00108 s total_time=0.7 min
[Iteration 2175] total_loss=0.0075, data_loss=0.0075, ref_loss=0.0000, physics_loss=1.4562E+01, it_time=0.00101 s total_time=0.7 min
[Iteration 2200] total_loss=0.0053, data_loss=0.0053, ref_loss=0.0000, physics_loss=1.5585E+01, it_time=0.00174 s total_time=0.7 min
[Iteration 2225] total_loss=0.0049, data_loss=0.0049, ref_loss=0.0000, physics_loss=1.4937E+01, it_time=0.00068 s total_time=0.7 min
[Iteration 2250] total_loss=0.0047, data_loss=0.0047, ref_loss=0.0000, physics_loss=1.5148E+01, it_time=0.00069 s total_time=0.8 min
[Iteration 2275] total_loss=0.0047, data_loss=0.0047, ref_loss=0.0000, physics_loss=1.5423E+01, it_time=0.00069 s total_time=0.8 min
[Iteration 2300] total_loss=0.0049, data_loss=0.0048, ref_loss=0.0000, physics_loss=1.5396E+01, it_time=0.00069 s total_time=0.8 min
[Iteration 2325] total_loss=0.0047, data_loss=0.0047, ref_loss=0.0000, physics_loss=1.5371E+01, it_time=0.00069 s total_time=0.8 min
[Iteration 2350] total_loss=0.0047, data_loss=0.0047, ref_loss=0.0000, physics_loss=1.5444E+01, it_time=0.00069 s total_time=0.8 min
[Iteration 2375] total_loss=0.0048, data_loss=0.0048, ref_loss=0.0000, physics_loss=1.5323E+01, it_time=0.00093 s total_time=0.8 min
[Iteration 2400] total_loss=0.0047, data_loss=0.0046, ref_loss=0.0000, physics_loss=1.5209E+01, it_time=0.00078 s total_time=0.8 min
[Iteration 2425] total_loss=0.0047, data_loss=0.0047, ref_loss=0.0000, physics_loss=1.5396E+01, it_time=0.00068 s total_time=0.8 min
[Iteration 2450] total_loss=0.0046, data_loss=0.0046, ref_loss=0.0000, physics_loss=1.4744E+01, it_time=0.00127 s total_time=0.8 min
[Iteration 2475] total_loss=0.0047, data_loss=0.0046, ref_loss=0.0000, physics_loss=1.5020E+01, it_time=0.00068 s total_time=0.8 min
[Iteration 2500] total_loss=0.0046, data_loss=0.0045, ref_loss=0.0000, physics_loss=1.4661E+01, it_time=0.00068 s total_time=0.8 min
Total avg
Relative error [Fluid] 17.9
Relative error [Bound] 39.1
Relative error [Core] 9.3
Absolute error [Fluid] 0.1242
Absolute error [Bound] 0.2392
Absolute error [Core] 0.0779
Absolute error [Non-F] 0.0000
R.M.S.   error [Fluid] 0.1967
R.M.S.   error [Bound] 0.3300
R.M.S.   error [Core] 0.1022
R.M.S.   error [Non-F] 0.0000
[Iteration 2525] total_loss=0.0044, data_loss=0.0044, ref_loss=0.0000, physics_loss=1.5016E+01, it_time=0.00069 s total_time=0.9 min
[Iteration 2550] total_loss=0.0044, data_loss=0.0044, ref_loss=0.0000, physics_loss=1.5296E+01, it_time=0.00069 s total_time=0.9 min
[Iteration 2575] total_loss=0.0044, data_loss=0.0044, ref_loss=0.0000, physics_loss=1.5233E+01, it_time=0.00069 s total_time=0.9 min
[Iteration 2600] total_loss=0.0044, data_loss=0.0044, ref_loss=0.0000, physics_loss=1.5255E+01, it_time=0.00069 s total_time=0.9 min
[Iteration 2625] total_loss=0.0045, data_loss=0.0045, ref_loss=0.0000, physics_loss=1.5402E+01, it_time=0.00068 s total_time=0.9 min
[Iteration 2650] total_loss=0.0046, data_loss=0.0046, ref_loss=0.0000, physics_loss=1.5112E+01, it_time=0.00069 s total_time=0.9 min
[Iteration 2675] total_loss=0.0044, data_loss=0.0044, ref_loss=0.0000, physics_loss=1.5023E+01, it_time=0.0007 s total_time=0.9 min
[Iteration 2700] total_loss=0.0045, data_loss=0.0045, ref_loss=0.0000, physics_loss=1.5196E+01, it_time=0.00069 s total_time=0.9 min
[Iteration 2725] total_loss=0.0044, data_loss=0.0044, ref_loss=0.0000, physics_loss=1.4921E+01, it_time=0.00102 s total_time=0.9 min
[Iteration 2750] total_loss=0.0046, data_loss=0.0046, ref_loss=0.0000, physics_loss=1.4780E+01, it_time=0.00068 s total_time=0.9 min
[Iteration 2775] total_loss=0.0043, data_loss=0.0043, ref_loss=0.0000, physics_loss=1.5143E+01, it_time=0.00069 s total_time=0.9 min
[Iteration 2800] total_loss=0.0045, data_loss=0.0044, ref_loss=0.0000, physics_loss=1.5076E+01, it_time=0.00069 s total_time=0.9 min
[Iteration 2825] total_loss=0.0043, data_loss=0.0043, ref_loss=0.0000, physics_loss=1.5102E+01, it_time=0.00069 s total_time=0.9 min
[Iteration 2850] total_loss=0.0046, data_loss=0.0046, ref_loss=0.0000, physics_loss=1.5690E+01, it_time=0.00069 s total_time=0.9 min
[Iteration 2875] total_loss=0.0042, data_loss=0.0042, ref_loss=0.0000, physics_loss=1.5012E+01, it_time=0.00069 s total_time=1.0 min
[Iteration 2900] total_loss=0.0081, data_loss=0.0081, ref_loss=0.0000, physics_loss=2.1995E+01, it_time=0.00095 s total_time=1.0 min
[Iteration 2925] total_loss=0.0045, data_loss=0.0045, ref_loss=0.0000, physics_loss=1.3875E+01, it_time=0.00069 s total_time=1.0 min
[Iteration 2950] total_loss=0.0042, data_loss=0.0042, ref_loss=0.0000, physics_loss=1.4434E+01, it_time=0.00069 s total_time=1.0 min
[Iteration 2975] total_loss=0.0041, data_loss=0.0041, ref_loss=0.0000, physics_loss=1.4792E+01, it_time=0.0007 s total_time=1.0 min
[Iteration 3000] total_loss=0.0042, data_loss=0.0042, ref_loss=0.0000, physics_loss=1.4858E+01, it_time=0.00068 s total_time=1.0 min
Total avg
Relative error [Fluid] 17.7
Relative error [Bound] 39.1
Relative error [Core] 9.2
Absolute error [Fluid] 0.1237
Absolute error [Bound] 0.2389
Absolute error [Core] 0.0773
Absolute error [Non-F] 0.0000
R.M.S.   error [Fluid] 0.1959
R.M.S.   error [Bound] 0.3288
R.M.S.   error [Core] 0.1016
R.M.S.   error [Non-F] 0.0000
Checkpoint saved to ../models/260406_Aomodel_4dsim_V250_div_w_PINN_sweep/260406_Aomodel_4dsim_V250_div_w_PINN_sweep_FFN_1t_20260407-1731/checkpoints/260406_Aomodel_4dsim_V250_div_w_PINN_sweep_FFN_1t_it3000.pth
[Iteration 3025] total_loss=0.0041, data_loss=0.0041, ref_loss=0.0000, physics_loss=1.5042E+01, it_time=0.00069 s total_time=1.0 min
[Iteration 3050] total_loss=0.0041, data_loss=0.0041, ref_loss=0.0000, physics_loss=1.5125E+01, it_time=0.00069 s total_time=1.0 min
[Iteration 3075] total_loss=0.0041, data_loss=0.0040, ref_loss=0.0000, physics_loss=1.5190E+01, it_time=0.00069 s total_time=1.0 min
[Iteration 3100] total_loss=0.0041, data_loss=0.0040, ref_loss=0.0000, physics_loss=1.5245E+01, it_time=0.00069 s total_time=1.0 min
[Iteration 3125] total_loss=0.0041, data_loss=0.0041, ref_loss=0.0000, physics_loss=1.5376E+01, it_time=0.00079 s total_time=1.0 min
[Iteration 3150] total_loss=0.0041, data_loss=0.0041, ref_loss=0.0000, physics_loss=1.5276E+01, it_time=0.00151 s total_time=1.1 min
[Iteration 3175] total_loss=0.0041, data_loss=0.0041, ref_loss=0.0000, physics_loss=1.5161E+01, it_time=0.00084 s total_time=1.1 min
[Iteration 3200] total_loss=0.0041, data_loss=0.0041, ref_loss=0.0000, physics_loss=1.5142E+01, it_time=0.00069 s total_time=1.1 min
[Iteration 3225] total_loss=0.0045, data_loss=0.0045, ref_loss=0.0000, physics_loss=1.5204E+01, it_time=0.00069 s total_time=1.1 min
[Iteration 3250] total_loss=0.0040, data_loss=0.0040, ref_loss=0.0000, physics_loss=1.5220E+01, it_time=0.00069 s total_time=1.1 min
[Iteration 3275] total_loss=0.0041, data_loss=0.0041, ref_loss=0.0000, physics_loss=1.5105E+01, it_time=0.00069 s total_time=1.1 min
[Iteration 3300] total_loss=0.0040, data_loss=0.0040, ref_loss=0.0000, physics_loss=1.5056E+01, it_time=0.00069 s total_time=1.1 min
[Iteration 3325] total_loss=0.0040, data_loss=0.0039, ref_loss=0.0000, physics_loss=1.5348E+01, it_time=0.00069 s total_time=1.1 min
[Iteration 3350] total_loss=0.0043, data_loss=0.0043, ref_loss=0.0000, physics_loss=1.5930E+01, it_time=0.00069 s total_time=1.1 min
[Iteration 3375] total_loss=0.0040, data_loss=0.0040, ref_loss=0.0000, physics_loss=1.4890E+01, it_time=0.00069 s total_time=1.1 min
[Iteration 3400] total_loss=0.0039, data_loss=0.0039, ref_loss=0.0000, physics_loss=1.5198E+01, it_time=0.00069 s total_time=1.1 min
[Iteration 3425] total_loss=0.0039, data_loss=0.0039, ref_loss=0.0000, physics_loss=1.5298E+01, it_time=0.00102 s total_time=1.1 min
[Iteration 3450] total_loss=0.0044, data_loss=0.0043, ref_loss=0.0000, physics_loss=1.8171E+01, it_time=0.00069 s total_time=1.1 min
[Iteration 3475] total_loss=0.0052, data_loss=0.0051, ref_loss=0.0000, physics_loss=1.6477E+01, it_time=0.00069 s total_time=1.1 min
[Iteration 3500] total_loss=0.0040, data_loss=0.0040, ref_loss=0.0000, physics_loss=1.5538E+01, it_time=0.00093 s total_time=1.2 min
Total avg
Relative error [Fluid] 17.7
Relative error [Bound] 39.0
Relative error [Core] 9.1
Absolute error [Fluid] 0.1239
Absolute error [Bound] 0.2419
Absolute error [Core] 0.0764
Absolute error [Non-F] 0.0000
R.M.S.   error [Fluid] 0.1983
R.M.S.   error [Bound] 0.3354
R.M.S.   error [Core] 0.0996
R.M.S.   error [Non-F] 0.0000
Final model saved to ../models/260406_Aomodel_4dsim_V250_div_w_PINN_sweep/260406_Aomodel_4dsim_V250_div_w_PINN_sweep_FFN_1t_20260407-1731/260406_Aomodel_4dsim_V250_div_w_PINN_sweep_FFN_1t_final.pth
Starting script
Copying source code to model directory...
Loaded resolution from file: 0.002, 0.002, 0.002, 0.01874
VNRMSE [Noisy]: 0.096484
Directional error [Noisy]: 0.024761
Divergence [Noisy]: 0.070040
Total avg
Relative error [Fluid] 89.3
Relative error [Bound] 90.2
Relative error [Core] 88.9
Absolute error [Fluid] 0.8305
Absolute error [Bound] 0.6926
Absolute error [Core] 0.8858
Absolute error [Non-F] 0.0000
R.M.S.   error [Fluid] 0.9309
R.M.S.   error [Bound] 0.7966
R.M.S.   error [Core] 0.9797
R.M.S.   error [Non-F] 0.0000
[Iteration 25] total_loss=0.1655, data_loss=0.1655, ref_loss=0.0000, physics_loss=3.9100E-01, it_time=0.00069 s total_time=0.0 min
[Iteration 50] total_loss=0.1284, data_loss=0.1284, ref_loss=0.0000, physics_loss=5.2438E-01, it_time=0.00069 s total_time=0.0 min
[Iteration 75] total_loss=0.0964, data_loss=0.0964, ref_loss=0.0000, physics_loss=5.9277E-01, it_time=0.00246 s total_time=0.0 min
[Iteration 100] total_loss=0.0710, data_loss=0.0710, ref_loss=0.0000, physics_loss=1.1746E+00, it_time=0.00107 s total_time=0.1 min
[Iteration 125] total_loss=0.0567, data_loss=0.0567, ref_loss=0.0000, physics_loss=1.6824E+00, it_time=0.00094 s total_time=0.1 min
[Iteration 150] total_loss=0.0460, data_loss=0.0460, ref_loss=0.0000, physics_loss=2.0075E+00, it_time=0.00068 s total_time=0.1 min
[Iteration 175] total_loss=0.0439, data_loss=0.0439, ref_loss=0.0000, physics_loss=2.0027E+00, it_time=0.00069 s total_time=0.1 min
[Iteration 200] total_loss=0.0367, data_loss=0.0367, ref_loss=0.0000, physics_loss=1.8943E+00, it_time=0.00069 s total_time=0.1 min
[Iteration 225] total_loss=0.0339, data_loss=0.0339, ref_loss=0.0000, physics_loss=1.6505E+00, it_time=0.00078 s total_time=0.1 min
[Iteration 250] total_loss=0.0315, data_loss=0.0315, ref_loss=0.0000, physics_loss=1.3990E+00, it_time=0.00069 s total_time=0.1 min
[Iteration 275] total_loss=0.0294, data_loss=0.0293, ref_loss=0.0000, physics_loss=1.4799E+00, it_time=0.00068 s total_time=0.1 min
[Iteration 300] total_loss=0.0291, data_loss=0.0291, ref_loss=0.0000, physics_loss=1.4578E+00, it_time=0.00093 s total_time=0.1 min
[Iteration 325] total_loss=0.0260, data_loss=0.0260, ref_loss=0.0000, physics_loss=1.5637E+00, it_time=0.00195 s total_time=0.1 min
[Iteration 350] total_loss=0.0256, data_loss=0.0256, ref_loss=0.0000, physics_loss=1.6312E+00, it_time=0.00069 s total_time=0.1 min
[Iteration 375] total_loss=0.0234, data_loss=0.0234, ref_loss=0.0000, physics_loss=2.1366E+00, it_time=0.00068 s total_time=0.1 min
[Iteration 400] total_loss=0.0235, data_loss=0.0235, ref_loss=0.0000, physics_loss=2.3827E+00, it_time=0.00069 s total_time=0.1 min
[Iteration 425] total_loss=0.0215, data_loss=0.0215, ref_loss=0.0000, physics_loss=2.9942E+00, it_time=0.00069 s total_time=0.1 min
[Iteration 450] total_loss=0.0211, data_loss=0.0211, ref_loss=0.0000, physics_loss=3.0252E+00, it_time=0.00068 s total_time=0.2 min
[Iteration 475] total_loss=0.0199, data_loss=0.0199, ref_loss=0.0000, physics_loss=3.0909E+00, it_time=0.00069 s total_time=0.2 min
[Iteration 500] total_loss=0.0202, data_loss=0.0202, ref_loss=0.0000, physics_loss=2.6500E+00, it_time=0.00069 s total_time=0.2 min
Total avg
Relative error [Fluid] 21.6
Relative error [Bound] 41.2
Relative error [Core] 13.7
Absolute error [Fluid] 0.1464
Absolute error [Bound] 0.2362
Absolute error [Core] 0.1102
Absolute error [Non-F] 0.0000
R.M.S.   error [Fluid] 0.1920
R.M.S.   error [Bound] 0.2876
R.M.S.   error [Core] 0.1357
R.M.S.   error [Non-F] 0.0000
[Iteration 525] total_loss=0.0185, data_loss=0.0185, ref_loss=0.0000, physics_loss=2.5995E+00, it_time=0.00078 s total_time=0.2 min
[Iteration 550] total_loss=0.0177, data_loss=0.0176, ref_loss=0.0000, physics_loss=2.6837E+00, it_time=0.00101 s total_time=0.2 min
[Iteration 575] total_loss=0.0187, data_loss=0.0187, ref_loss=0.0000, physics_loss=2.5131E+00, it_time=0.00069 s total_time=0.2 min
[Iteration 600] total_loss=0.0166, data_loss=0.0166, ref_loss=0.0000, physics_loss=2.6210E+00, it_time=0.00069 s total_time=0.2 min
[Iteration 625] total_loss=0.0246, data_loss=0.0246, ref_loss=0.0000, physics_loss=2.8290E+00, it_time=0.00151 s total_time=0.2 min
[Iteration 650] total_loss=0.0157, data_loss=0.0157, ref_loss=0.0000, physics_loss=2.8266E+00, it_time=0.00069 s total_time=0.2 min
[Iteration 675] total_loss=0.0149, data_loss=0.0149, ref_loss=0.0000, physics_loss=3.0581E+00, it_time=0.00069 s total_time=0.2 min
[Iteration 700] total_loss=0.0143, data_loss=0.0143, ref_loss=0.0000, physics_loss=3.3208E+00, it_time=0.00173 s total_time=0.2 min
[Iteration 725] total_loss=0.0166, data_loss=0.0165, ref_loss=0.0000, physics_loss=3.7583E+00, it_time=0.00069 s total_time=0.2 min
[Iteration 750] total_loss=0.0136, data_loss=0.0136, ref_loss=0.0000, physics_loss=3.5116E+00, it_time=0.00069 s total_time=0.2 min
[Iteration 775] total_loss=0.0132, data_loss=0.0131, ref_loss=0.0000, physics_loss=3.7706E+00, it_time=0.00069 s total_time=0.3 min
[Iteration 800] total_loss=0.0131, data_loss=0.0130, ref_loss=0.0000, physics_loss=3.9420E+00, it_time=0.00069 s total_time=0.3 min
[Iteration 825] total_loss=0.0121, data_loss=0.0121, ref_loss=0.0000, physics_loss=4.6026E+00, it_time=0.00093 s total_time=0.3 min
[Iteration 850] total_loss=0.0162, data_loss=0.0162, ref_loss=0.0000, physics_loss=5.9976E+00, it_time=0.00069 s total_time=0.3 min
[Iteration 875] total_loss=0.0118, data_loss=0.0118, ref_loss=0.0000, physics_loss=5.0673E+00, it_time=0.00069 s total_time=0.3 min
[Iteration 900] total_loss=0.0109, data_loss=0.0109, ref_loss=0.0000, physics_loss=5.7733E+00, it_time=0.0007 s total_time=0.3 min
[Iteration 925] total_loss=0.0113, data_loss=0.0112, ref_loss=0.0000, physics_loss=6.0905E+00, it_time=0.00069 s total_time=0.3 min
[Iteration 950] total_loss=0.0104, data_loss=0.0103, ref_loss=0.0000, physics_loss=6.2829E+00, it_time=0.00069 s total_time=0.3 min
[Iteration 975] total_loss=0.0164, data_loss=0.0164, ref_loss=0.0000, physics_loss=6.6240E+00, it_time=0.00092 s total_time=0.3 min
[Iteration 1000] total_loss=0.0105, data_loss=0.0105, ref_loss=0.0000, physics_loss=6.2823E+00, it_time=0.0007 s total_time=0.3 min
Total avg
Relative error [Fluid] 18.8
Relative error [Bound] 38.2
Relative error [Core] 11.0
Absolute error [Fluid] 0.1276
Absolute error [Bound] 0.2149
Absolute error [Core] 0.0924
Absolute error [Non-F] 0.0000
R.M.S.   error [Fluid] 0.1836
R.M.S.   error [Bound] 0.2876
R.M.S.   error [Core] 0.1184
R.M.S.   error [Non-F] 0.0000
Checkpoint saved to ../models/260406_Aomodel_4dsim_V250_div_w_PINN_sweep/260406_Aomodel_4dsim_V250_div_w_PINN_sweep_FFN_1t_20260407-1732/checkpoints/260406_Aomodel_4dsim_V250_div_w_PINN_sweep_FFN_1t_it1000.pth
[Iteration 1025] total_loss=0.0095, data_loss=0.0095, ref_loss=0.0000, physics_loss=6.5894E+00, it_time=0.00094 s total_time=0.3 min
[Iteration 1050] total_loss=0.0092, data_loss=0.0092, ref_loss=0.0000, physics_loss=6.8228E+00, it_time=0.00093 s total_time=0.4 min
[Iteration 1075] total_loss=0.0089, data_loss=0.0089, ref_loss=0.0000, physics_loss=6.8432E+00, it_time=0.00069 s total_time=0.4 min
[Iteration 1100] total_loss=0.0087, data_loss=0.0087, ref_loss=0.0000, physics_loss=6.8265E+00, it_time=0.00069 s total_time=0.4 min
[Iteration 1125] total_loss=0.0094, data_loss=0.0094, ref_loss=0.0000, physics_loss=6.7883E+00, it_time=0.00069 s total_time=0.4 min
[Iteration 1150] total_loss=0.0086, data_loss=0.0086, ref_loss=0.0000, physics_loss=6.6975E+00, it_time=0.0007 s total_time=0.4 min
[Iteration 1175] total_loss=0.0082, data_loss=0.0082, ref_loss=0.0000, physics_loss=6.7677E+00, it_time=0.00093 s total_time=0.4 min
[Iteration 1200] total_loss=0.0083, data_loss=0.0082, ref_loss=0.0000, physics_loss=6.9901E+00, it_time=0.00069 s total_time=0.4 min
[Iteration 1225] total_loss=0.0081, data_loss=0.0081, ref_loss=0.0000, physics_loss=6.8055E+00, it_time=0.00069 s total_time=0.4 min
[Iteration 1250] total_loss=0.0078, data_loss=0.0078, ref_loss=0.0000, physics_loss=6.6022E+00, it_time=0.00069 s total_time=0.4 min
[Iteration 1275] total_loss=0.0078, data_loss=0.0078, ref_loss=0.0000, physics_loss=6.1439E+00, it_time=0.0007 s total_time=0.4 min
[Iteration 1300] total_loss=0.0075, data_loss=0.0074, ref_loss=0.0000, physics_loss=6.7221E+00, it_time=0.00069 s total_time=0.4 min
[Iteration 1325] total_loss=0.0092, data_loss=0.0092, ref_loss=0.0000, physics_loss=7.2684E+00, it_time=0.00069 s total_time=0.4 min
[Iteration 1350] total_loss=0.0073, data_loss=0.0073, ref_loss=0.0000, physics_loss=6.5901E+00, it_time=0.00069 s total_time=0.4 min
[Iteration 1375] total_loss=0.0070, data_loss=0.0070, ref_loss=0.0000, physics_loss=6.6016E+00, it_time=0.00069 s total_time=0.4 min
[Iteration 1400] total_loss=0.0068, data_loss=0.0068, ref_loss=0.0000, physics_loss=6.7809E+00, it_time=0.00203 s total_time=0.4 min
[Iteration 1425] total_loss=0.0090, data_loss=0.0090, ref_loss=0.0000, physics_loss=7.2877E+00, it_time=0.00069 s total_time=0.5 min
[Iteration 1450] total_loss=0.0068, data_loss=0.0068, ref_loss=0.0000, physics_loss=6.7737E+00, it_time=0.00068 s total_time=0.5 min
[Iteration 1475] total_loss=0.0065, data_loss=0.0065, ref_loss=0.0000, physics_loss=7.0343E+00, it_time=0.00069 s total_time=0.5 min
[Iteration 1500] total_loss=0.0078, data_loss=0.0078, ref_loss=0.0000, physics_loss=8.0334E+00, it_time=0.00069 s total_time=0.5 min
Total avg
Relative error [Fluid] 18.9
Relative error [Bound] 39.9
Relative error [Core] 10.4
Absolute error [Fluid] 0.1302
Absolute error [Bound] 0.2422
Absolute error [Core] 0.0852
Absolute error [Non-F] 0.0000
R.M.S.   error [Fluid] 0.2021
R.M.S.   error [Bound] 0.3356
R.M.S.   error [Core] 0.1095
R.M.S.   error [Non-F] 0.0000
[Iteration 1525] total_loss=0.0064, data_loss=0.0064, ref_loss=0.0000, physics_loss=7.5437E+00, it_time=0.00069 s total_time=0.5 min
[Iteration 1550] total_loss=0.0062, data_loss=0.0061, ref_loss=0.0000, physics_loss=7.7082E+00, it_time=0.00068 s total_time=0.5 min
[Iteration 1575] total_loss=0.0061, data_loss=0.0060, ref_loss=0.0000, physics_loss=7.9343E+00, it_time=0.00068 s total_time=0.5 min
[Iteration 1600] total_loss=0.0064, data_loss=0.0063, ref_loss=0.0000, physics_loss=8.1359E+00, it_time=0.00068 s total_time=0.5 min
[Iteration 1625] total_loss=0.0062, data_loss=0.0062, ref_loss=0.0000, physics_loss=8.2671E+00, it_time=0.00069 s total_time=0.5 min
[Iteration 1650] total_loss=0.0078, data_loss=0.0077, ref_loss=0.0000, physics_loss=8.9890E+00, it_time=0.0007 s total_time=0.5 min
[Iteration 1675] total_loss=0.0059, data_loss=0.0058, ref_loss=0.0000, physics_loss=8.3651E+00, it_time=0.00068 s total_time=0.5 min
[Iteration 1700] total_loss=0.0058, data_loss=0.0058, ref_loss=0.0000, physics_loss=8.2784E+00, it_time=0.00069 s total_time=0.6 min
[Iteration 1725] total_loss=0.0057, data_loss=0.0057, ref_loss=0.0000, physics_loss=8.0202E+00, it_time=0.00086 s total_time=0.6 min
[Iteration 1750] total_loss=0.0056, data_loss=0.0056, ref_loss=0.0000, physics_loss=8.0931E+00, it_time=0.00069 s total_time=0.6 min
[Iteration 1775] total_loss=0.0057, data_loss=0.0057, ref_loss=0.0000, physics_loss=8.2973E+00, it_time=0.00069 s total_time=0.6 min
[Iteration 1800] total_loss=0.0061, data_loss=0.0060, ref_loss=0.0000, physics_loss=8.3552E+00, it_time=0.00069 s total_time=0.6 min
[Iteration 1825] total_loss=0.0059, data_loss=0.0058, ref_loss=0.0000, physics_loss=8.1643E+00, it_time=0.00093 s total_time=0.6 min
[Iteration 1850] total_loss=0.0090, data_loss=0.0090, ref_loss=0.0000, physics_loss=1.0082E+01, it_time=0.00203 s total_time=0.6 min
[Iteration 1875] total_loss=0.0061, data_loss=0.0061, ref_loss=0.0000, physics_loss=8.0075E+00, it_time=0.00068 s total_time=0.6 min
[Iteration 1900] total_loss=0.0054, data_loss=0.0054, ref_loss=0.0000, physics_loss=7.8806E+00, it_time=0.0008 s total_time=0.6 min
[Iteration 1925] total_loss=0.0053, data_loss=0.0052, ref_loss=0.0000, physics_loss=7.8669E+00, it_time=0.00128 s total_time=0.6 min
[Iteration 1950] total_loss=0.0056, data_loss=0.0055, ref_loss=0.0000, physics_loss=8.0050E+00, it_time=0.00069 s total_time=0.6 min
[Iteration 1975] total_loss=0.0052, data_loss=0.0052, ref_loss=0.0000, physics_loss=8.0732E+00, it_time=0.00125 s total_time=0.6 min
[Iteration 2000] total_loss=0.0054, data_loss=0.0054, ref_loss=0.0000, physics_loss=8.1391E+00, it_time=0.00069 s total_time=0.6 min
Total avg
Relative error [Fluid] 18.1
Relative error [Bound] 39.5
Relative error [Core] 9.5
Absolute error [Fluid] 0.1263
Absolute error [Bound] 0.2412
Absolute error [Core] 0.0801
Absolute error [Non-F] 0.0000
R.M.S.   error [Fluid] 0.1973
R.M.S.   error [Bound] 0.3299
R.M.S.   error [Core] 0.1041
R.M.S.   error [Non-F] 0.0000
Checkpoint saved to ../models/260406_Aomodel_4dsim_V250_div_w_PINN_sweep/260406_Aomodel_4dsim_V250_div_w_PINN_sweep_FFN_1t_20260407-1732/checkpoints/260406_Aomodel_4dsim_V250_div_w_PINN_sweep_FFN_1t_it2000.pth
[Iteration 2025] total_loss=0.0051, data_loss=0.0050, ref_loss=0.0000, physics_loss=7.9115E+00, it_time=0.00069 s total_time=0.7 min
[Iteration 2050] total_loss=0.0050, data_loss=0.0049, ref_loss=0.0000, physics_loss=7.9917E+00, it_time=0.00069 s total_time=0.7 min
[Iteration 2075] total_loss=0.0049, data_loss=0.0049, ref_loss=0.0000, physics_loss=7.9963E+00, it_time=0.00069 s total_time=0.7 min
[Iteration 2100] total_loss=0.0052, data_loss=0.0052, ref_loss=0.0000, physics_loss=8.4397E+00, it_time=0.00069 s total_time=0.7 min
[Iteration 2125] total_loss=0.0052, data_loss=0.0051, ref_loss=0.0000, physics_loss=8.1729E+00, it_time=0.00069 s total_time=0.7 min
[Iteration 2150] total_loss=0.0050, data_loss=0.0050, ref_loss=0.0000, physics_loss=7.8418E+00, it_time=0.00069 s total_time=0.7 min
[Iteration 2175] total_loss=0.0049, data_loss=0.0048, ref_loss=0.0000, physics_loss=7.7668E+00, it_time=0.00069 s total_time=0.7 min
[Iteration 2200] total_loss=0.0053, data_loss=0.0053, ref_loss=0.0000, physics_loss=7.9785E+00, it_time=0.00069 s total_time=0.7 min
[Iteration 2225] total_loss=0.0049, data_loss=0.0049, ref_loss=0.0000, physics_loss=7.6787E+00, it_time=0.00069 s total_time=0.7 min
[Iteration 2250] total_loss=0.0050, data_loss=0.0050, ref_loss=0.0000, physics_loss=7.7765E+00, it_time=0.00081 s total_time=0.7 min
[Iteration 2275] total_loss=0.0048, data_loss=0.0047, ref_loss=0.0000, physics_loss=7.4997E+00, it_time=0.00069 s total_time=0.7 min
[Iteration 2300] total_loss=0.0072, data_loss=0.0071, ref_loss=0.0000, physics_loss=8.8076E+00, it_time=0.00069 s total_time=0.7 min
[Iteration 2325] total_loss=0.0052, data_loss=0.0052, ref_loss=0.0000, physics_loss=7.5614E+00, it_time=0.00125 s total_time=0.8 min
[Iteration 2350] total_loss=0.0047, data_loss=0.0047, ref_loss=0.0000, physics_loss=7.2154E+00, it_time=0.00079 s total_time=0.8 min
[Iteration 2375] total_loss=0.0046, data_loss=0.0046, ref_loss=0.0000, physics_loss=7.3980E+00, it_time=0.00242 s total_time=0.8 min
[Iteration 2400] total_loss=0.0046, data_loss=0.0045, ref_loss=0.0000, physics_loss=7.4010E+00, it_time=0.00069 s total_time=0.8 min
[Iteration 2425] total_loss=0.0046, data_loss=0.0046, ref_loss=0.0000, physics_loss=7.5007E+00, it_time=0.00203 s total_time=0.8 min
[Iteration 2450] total_loss=0.0046, data_loss=0.0046, ref_loss=0.0000, physics_loss=7.3593E+00, it_time=0.00197 s total_time=0.8 min
[Iteration 2475] total_loss=0.0046, data_loss=0.0045, ref_loss=0.0000, physics_loss=7.3258E+00, it_time=0.0022 s total_time=0.8 min
[Iteration 2500] total_loss=0.0046, data_loss=0.0045, ref_loss=0.0000, physics_loss=7.3601E+00, it_time=0.00161 s total_time=0.8 min
Total avg
Relative error [Fluid] 17.8
Relative error [Bound] 39.1
Relative error [Core] 9.2
Absolute error [Fluid] 0.1237
Absolute error [Bound] 0.2394
Absolute error [Core] 0.0772
Absolute error [Non-F] 0.0000
R.M.S.   error [Fluid] 0.1974
R.M.S.   error [Bound] 0.3323
R.M.S.   error [Core] 0.1012
R.M.S.   error [Non-F] 0.0000
[Iteration 2525] total_loss=0.0045, data_loss=0.0044, ref_loss=0.0000, physics_loss=7.2959E+00, it_time=0.00068 s total_time=0.8 min
[Iteration 2550] total_loss=0.0044, data_loss=0.0044, ref_loss=0.0000, physics_loss=7.3364E+00, it_time=0.00092 s total_time=0.8 min
[Iteration 2575] total_loss=0.0044, data_loss=0.0044, ref_loss=0.0000, physics_loss=7.3189E+00, it_time=0.00152 s total_time=0.9 min
[Iteration 2600] total_loss=0.0048, data_loss=0.0047, ref_loss=0.0000, physics_loss=7.4736E+00, it_time=0.00223 s total_time=0.9 min
[Iteration 2625] total_loss=0.0044, data_loss=0.0044, ref_loss=0.0000, physics_loss=7.2431E+00, it_time=0.00069 s total_time=0.9 min
[Iteration 2650] total_loss=0.0045, data_loss=0.0044, ref_loss=0.0000, physics_loss=7.3735E+00, it_time=0.00068 s total_time=0.9 min
[Iteration 2675] total_loss=0.0045, data_loss=0.0045, ref_loss=0.0000, physics_loss=7.3402E+00, it_time=0.00069 s total_time=0.9 min
[Iteration 2700] total_loss=0.0051, data_loss=0.0050, ref_loss=0.0000, physics_loss=7.9074E+00, it_time=0.00069 s total_time=0.9 min
[Iteration 2725] total_loss=0.0044, data_loss=0.0044, ref_loss=0.0000, physics_loss=7.5123E+00, it_time=0.00069 s total_time=0.9 min
[Iteration 2750] total_loss=0.0045, data_loss=0.0045, ref_loss=0.0000, physics_loss=7.2772E+00, it_time=0.00069 s total_time=0.9 min
[Iteration 2775] total_loss=0.0044, data_loss=0.0044, ref_loss=0.0000, physics_loss=7.2415E+00, it_time=0.00069 s total_time=0.9 min
[Iteration 2800] total_loss=0.0047, data_loss=0.0047, ref_loss=0.0000, physics_loss=7.6374E+00, it_time=0.00069 s total_time=0.9 min
[Iteration 2825] total_loss=0.0043, data_loss=0.0043, ref_loss=0.0000, physics_loss=7.1698E+00, it_time=0.00078 s total_time=0.9 min
[Iteration 2850] total_loss=0.0045, data_loss=0.0045, ref_loss=0.0000, physics_loss=7.5345E+00, it_time=0.00069 s total_time=0.9 min
[Iteration 2875] total_loss=0.0047, data_loss=0.0047, ref_loss=0.0000, physics_loss=9.5727E+00, it_time=0.0007 s total_time=0.9 min
[Iteration 2900] total_loss=0.0045, data_loss=0.0045, ref_loss=0.0000, physics_loss=7.9028E+00, it_time=0.00069 s total_time=0.9 min
[Iteration 2925] total_loss=0.0042, data_loss=0.0042, ref_loss=0.0000, physics_loss=7.1723E+00, it_time=0.00124 s total_time=0.9 min
[Iteration 2950] total_loss=0.0042, data_loss=0.0041, ref_loss=0.0000, physics_loss=7.1412E+00, it_time=0.00068 s total_time=0.9 min
[Iteration 2975] total_loss=0.0043, data_loss=0.0043, ref_loss=0.0000, physics_loss=7.3180E+00, it_time=0.00133 s total_time=1.0 min
[Iteration 3000] total_loss=0.0042, data_loss=0.0041, ref_loss=0.0000, physics_loss=7.2676E+00, it_time=0.0007 s total_time=1.0 min
Total avg
Relative error [Fluid] 17.6
Relative error [Bound] 39.0
Relative error [Core] 9.0
Absolute error [Fluid] 0.1236
Absolute error [Bound] 0.2413
Absolute error [Core] 0.0763
Absolute error [Non-F] 0.0000
R.M.S.   error [Fluid] 0.1983
R.M.S.   error [Bound] 0.3349
R.M.S.   error [Core] 0.1001
R.M.S.   error [Non-F] 0.0000
Checkpoint saved to ../models/260406_Aomodel_4dsim_V250_div_w_PINN_sweep/260406_Aomodel_4dsim_V250_div_w_PINN_sweep_FFN_1t_20260407-1732/checkpoints/260406_Aomodel_4dsim_V250_div_w_PINN_sweep_FFN_1t_it3000.pth
[Iteration 3025] total_loss=0.0041, data_loss=0.0041, ref_loss=0.0000, physics_loss=7.1859E+00, it_time=0.00068 s total_time=1.0 min
[Iteration 3050] total_loss=0.0041, data_loss=0.0041, ref_loss=0.0000, physics_loss=7.2405E+00, it_time=0.00069 s total_time=1.0 min
[Iteration 3075] total_loss=0.0041, data_loss=0.0041, ref_loss=0.0000, physics_loss=7.3555E+00, it_time=0.00069 s total_time=1.0 min
[Iteration 3100] total_loss=0.0041, data_loss=0.0041, ref_loss=0.0000, physics_loss=7.3044E+00, it_time=0.00068 s total_time=1.0 min
[Iteration 3125] total_loss=0.0042, data_loss=0.0041, ref_loss=0.0000, physics_loss=7.3066E+00, it_time=0.00197 s total_time=1.0 min
[Iteration 3150] total_loss=0.0046, data_loss=0.0046, ref_loss=0.0000, physics_loss=7.8939E+00, it_time=0.00069 s total_time=1.0 min
[Iteration 3175] total_loss=0.0041, data_loss=0.0041, ref_loss=0.0000, physics_loss=7.1712E+00, it_time=0.00069 s total_time=1.0 min
[Iteration 3200] total_loss=0.0041, data_loss=0.0040, ref_loss=0.0000, physics_loss=7.3416E+00, it_time=0.00069 s total_time=1.0 min
[Iteration 3225] total_loss=0.0041, data_loss=0.0041, ref_loss=0.0000, physics_loss=7.4412E+00, it_time=0.00069 s total_time=1.0 min
[Iteration 3250] total_loss=0.0042, data_loss=0.0042, ref_loss=0.0000, physics_loss=7.5196E+00, it_time=0.00069 s total_time=1.0 min
[Iteration 3275] total_loss=0.0040, data_loss=0.0040, ref_loss=0.0000, physics_loss=7.4291E+00, it_time=0.00069 s total_time=1.1 min
[Iteration 3300] total_loss=0.0045, data_loss=0.0044, ref_loss=0.0000, physics_loss=9.2212E+00, it_time=0.00069 s total_time=1.1 min
[Iteration 3325] total_loss=0.0040, data_loss=0.0040, ref_loss=0.0000, physics_loss=7.1204E+00, it_time=0.00094 s total_time=1.1 min
[Iteration 3350] total_loss=0.0042, data_loss=0.0042, ref_loss=0.0000, physics_loss=7.6204E+00, it_time=0.00069 s total_time=1.1 min
[Iteration 3375] total_loss=0.0040, data_loss=0.0040, ref_loss=0.0000, physics_loss=7.2247E+00, it_time=0.0007 s total_time=1.1 min
[Iteration 3400] total_loss=0.0042, data_loss=0.0041, ref_loss=0.0000, physics_loss=7.6869E+00, it_time=0.00069 s total_time=1.1 min
[Iteration 3425] total_loss=0.0043, data_loss=0.0043, ref_loss=0.0000, physics_loss=8.0603E+00, it_time=0.0007 s total_time=1.1 min
[Iteration 3450] total_loss=0.0040, data_loss=0.0039, ref_loss=0.0000, physics_loss=7.3785E+00, it_time=0.00069 s total_time=1.1 min
[Iteration 3475] total_loss=0.0039, data_loss=0.0039, ref_loss=0.0000, physics_loss=7.1347E+00, it_time=0.00068 s total_time=1.1 min
[Iteration 3500] total_loss=0.0041, data_loss=0.0040, ref_loss=0.0000, physics_loss=7.3640E+00, it_time=0.00069 s total_time=1.1 min
Total avg
Relative error [Fluid] 17.8
Relative error [Bound] 39.1
Relative error [Core] 9.3
Absolute error [Fluid] 0.1247
Absolute error [Bound] 0.2404
Absolute error [Core] 0.0782
Absolute error [Non-F] 0.0000
R.M.S.   error [Fluid] 0.1968
R.M.S.   error [Bound] 0.3302
R.M.S.   error [Core] 0.1023
R.M.S.   error [Non-F] 0.0000
Final model saved to ../models/260406_Aomodel_4dsim_V250_div_w_PINN_sweep/260406_Aomodel_4dsim_V250_div_w_PINN_sweep_FFN_1t_20260407-1732/260406_Aomodel_4dsim_V250_div_w_PINN_sweep_FFN_1t_final.pth
Starting script
Copying source code to model directory...
Loaded resolution from file: 0.002, 0.002, 0.002, 0.01874
VNRMSE [Noisy]: 0.096484
Directional error [Noisy]: 0.024761
Divergence [Noisy]: 0.070040
Total avg
Relative error [Fluid] 89.3
Relative error [Bound] 90.2
Relative error [Core] 88.9
Absolute error [Fluid] 0.8305
Absolute error [Bound] 0.6926
Absolute error [Core] 0.8858
Absolute error [Non-F] 0.0000
R.M.S.   error [Fluid] 0.9309
R.M.S.   error [Bound] 0.7966
R.M.S.   error [Core] 0.9797
R.M.S.   error [Non-F] 0.0000
[Iteration 25] total_loss=0.1655, data_loss=0.1655, ref_loss=0.0000, physics_loss=3.9080E-01, it_time=0.00069 s total_time=0.0 min
[Iteration 50] total_loss=0.1284, data_loss=0.1284, ref_loss=0.0000, physics_loss=5.2349E-01, it_time=0.00174 s total_time=0.0 min
[Iteration 75] total_loss=0.0965, data_loss=0.0965, ref_loss=0.0000, physics_loss=5.9191E-01, it_time=0.00069 s total_time=0.0 min
[Iteration 100] total_loss=0.0723, data_loss=0.0723, ref_loss=0.0000, physics_loss=1.1828E+00, it_time=0.00069 s total_time=0.0 min
[Iteration 125] total_loss=0.0549, data_loss=0.0549, ref_loss=0.0000, physics_loss=1.7187E+00, it_time=0.00093 s total_time=0.1 min
[Iteration 150] total_loss=0.0472, data_loss=0.0472, ref_loss=0.0000, physics_loss=1.6919E+00, it_time=0.00068 s total_time=0.1 min
[Iteration 175] total_loss=0.0409, data_loss=0.0409, ref_loss=0.0000, physics_loss=2.1103E+00, it_time=0.00069 s total_time=0.1 min
[Iteration 200] total_loss=0.0453, data_loss=0.0453, ref_loss=0.0000, physics_loss=2.0379E+00, it_time=0.00083 s total_time=0.1 min
[Iteration 225] total_loss=0.0346, data_loss=0.0346, ref_loss=0.0000, physics_loss=1.6502E+00, it_time=0.00086 s total_time=0.1 min
[Iteration 250] total_loss=0.0332, data_loss=0.0332, ref_loss=0.0000, physics_loss=1.4496E+00, it_time=0.00157 s total_time=0.1 min
[Iteration 275] total_loss=0.0305, data_loss=0.0305, ref_loss=0.0000, physics_loss=1.4224E+00, it_time=0.00069 s total_time=0.1 min
[Iteration 300] total_loss=0.0279, data_loss=0.0279, ref_loss=0.0000, physics_loss=1.4864E+00, it_time=0.00069 s total_time=0.1 min
[Iteration 325] total_loss=0.0261, data_loss=0.0261, ref_loss=0.0000, physics_loss=1.4915E+00, it_time=0.00069 s total_time=0.1 min
[Iteration 350] total_loss=0.0261, data_loss=0.0261, ref_loss=0.0000, physics_loss=1.6964E+00, it_time=0.00069 s total_time=0.1 min
[Iteration 375] total_loss=0.0240, data_loss=0.0240, ref_loss=0.0000, physics_loss=2.0689E+00, it_time=0.00069 s total_time=0.1 min
[Iteration 400] total_loss=0.0225, data_loss=0.0225, ref_loss=0.0000, physics_loss=2.2842E+00, it_time=0.00069 s total_time=0.1 min
[Iteration 425] total_loss=0.0260, data_loss=0.0260, ref_loss=0.0000, physics_loss=2.9406E+00, it_time=0.00069 s total_time=0.1 min
[Iteration 450] total_loss=0.0208, data_loss=0.0208, ref_loss=0.0000, physics_loss=2.7837E+00, it_time=0.00069 s total_time=0.1 min
[Iteration 475] total_loss=0.0202, data_loss=0.0202, ref_loss=0.0000, physics_loss=2.4856E+00, it_time=0.00068 s total_time=0.1 min
[Iteration 500] total_loss=0.0189, data_loss=0.0188, ref_loss=0.0000, physics_loss=2.4852E+00, it_time=0.00069 s total_time=0.2 min
Total avg
Relative error [Fluid] 20.7
Relative error [Bound] 40.6
Relative error [Core] 12.7
Absolute error [Fluid] 0.1404
Absolute error [Bound] 0.2316
Absolute error [Core] 0.1037
Absolute error [Non-F] 0.0000
R.M.S.   error [Fluid] 0.1883
R.M.S.   error [Bound] 0.2840
R.M.S.   error [Core] 0.1314
R.M.S.   error [Non-F] 0.0000
[Iteration 525] total_loss=0.0191, data_loss=0.0191, ref_loss=0.0000, physics_loss=2.5362E+00, it_time=0.00093 s total_time=0.2 min
[Iteration 550] total_loss=0.0179, data_loss=0.0179, ref_loss=0.0000, physics_loss=2.4072E+00, it_time=0.00068 s total_time=0.2 min
[Iteration 575] total_loss=0.0167, data_loss=0.0167, ref_loss=0.0000, physics_loss=2.5819E+00, it_time=0.00067 s total_time=0.2 min
[Iteration 600] total_loss=0.0175, data_loss=0.0174, ref_loss=0.0000, physics_loss=2.2917E+00, it_time=0.00069 s total_time=0.2 min
[Iteration 625] total_loss=0.0157, data_loss=0.0156, ref_loss=0.0000, physics_loss=2.6820E+00, it_time=0.00112 s total_time=0.2 min
[Iteration 650] total_loss=0.0150, data_loss=0.0150, ref_loss=0.0000, physics_loss=2.9214E+00, it_time=0.00068 s total_time=0.2 min
[Iteration 675] total_loss=0.0149, data_loss=0.0149, ref_loss=0.0000, physics_loss=3.0836E+00, it_time=0.00069 s total_time=0.2 min
[Iteration 700] total_loss=0.0157, data_loss=0.0157, ref_loss=0.0000, physics_loss=3.4823E+00, it_time=0.00068 s total_time=0.2 min
[Iteration 725] total_loss=0.0136, data_loss=0.0135, ref_loss=0.0000, physics_loss=3.4447E+00, it_time=0.00069 s total_time=0.2 min
[Iteration 750] total_loss=0.0132, data_loss=0.0132, ref_loss=0.0000, physics_loss=3.5156E+00, it_time=0.00067 s total_time=0.2 min
[Iteration 775] total_loss=0.0133, data_loss=0.0133, ref_loss=0.0000, physics_loss=3.9600E+00, it_time=0.00078 s total_time=0.3 min
[Iteration 800] total_loss=0.0122, data_loss=0.0122, ref_loss=0.0000, physics_loss=4.3811E+00, it_time=0.00093 s total_time=0.3 min
[Iteration 825] total_loss=0.0143, data_loss=0.0142, ref_loss=0.0000, physics_loss=4.3052E+00, it_time=0.00068 s total_time=0.3 min
[Iteration 850] total_loss=0.0115, data_loss=0.0114, ref_loss=0.0000, physics_loss=4.6851E+00, it_time=0.00069 s total_time=0.3 min
[Iteration 875] total_loss=0.0113, data_loss=0.0113, ref_loss=0.0000, physics_loss=5.1258E+00, it_time=0.0007 s total_time=0.3 min
[Iteration 900] total_loss=0.0108, data_loss=0.0108, ref_loss=0.0000, physics_loss=4.9487E+00, it_time=0.00069 s total_time=0.3 min
[Iteration 925] total_loss=0.0105, data_loss=0.0105, ref_loss=0.0000, physics_loss=5.4862E+00, it_time=0.00068 s total_time=0.3 min
[Iteration 950] total_loss=0.0103, data_loss=0.0103, ref_loss=0.0000, physics_loss=5.4030E+00, it_time=0.00093 s total_time=0.3 min
[Iteration 975] total_loss=0.0100, data_loss=0.0099, ref_loss=0.0000, physics_loss=5.4794E+00, it_time=0.00068 s total_time=0.3 min
[Iteration 1000] total_loss=0.0106, data_loss=0.0105, ref_loss=0.0000, physics_loss=5.6884E+00, it_time=0.00069 s total_time=0.3 min
Total avg
Relative error [Fluid] 18.7
Relative error [Bound] 38.9
Relative error [Core] 10.6
Absolute error [Fluid] 0.1272
Absolute error [Bound] 0.2258
Absolute error [Core] 0.0875
Absolute error [Non-F] 0.0000
R.M.S.   error [Fluid] 0.1911
R.M.S.   error [Bound] 0.3083
R.M.S.   error [Core] 0.1140
R.M.S.   error [Non-F] 0.0000
Checkpoint saved to ../models/260406_Aomodel_4dsim_V250_div_w_PINN_sweep/260406_Aomodel_4dsim_V250_div_w_PINN_sweep_FFN_1t_20260407-1734/checkpoints/260406_Aomodel_4dsim_V250_div_w_PINN_sweep_FFN_1t_it1000.pth
[Iteration 1025] total_loss=0.0093, data_loss=0.0092, ref_loss=0.0000, physics_loss=5.4235E+00, it_time=0.00069 s total_time=0.3 min
[Iteration 1050] total_loss=0.0089, data_loss=0.0089, ref_loss=0.0000, physics_loss=5.3996E+00, it_time=0.00138 s total_time=0.3 min
[Iteration 1075] total_loss=0.0087, data_loss=0.0087, ref_loss=0.0000, physics_loss=5.2967E+00, it_time=0.00069 s total_time=0.4 min
[Iteration 1100] total_loss=0.0090, data_loss=0.0089, ref_loss=0.0000, physics_loss=5.0696E+00, it_time=0.00069 s total_time=0.4 min
[Iteration 1125] total_loss=0.0084, data_loss=0.0083, ref_loss=0.0000, physics_loss=5.0833E+00, it_time=0.00069 s total_time=0.4 min
[Iteration 1150] total_loss=0.0083, data_loss=0.0083, ref_loss=0.0000, physics_loss=4.9360E+00, it_time=0.00069 s total_time=0.4 min
[Iteration 1175] total_loss=0.0081, data_loss=0.0081, ref_loss=0.0000, physics_loss=4.9888E+00, it_time=0.00069 s total_time=0.4 min
[Iteration 1200] total_loss=0.0084, data_loss=0.0083, ref_loss=0.0000, physics_loss=4.8117E+00, it_time=0.00069 s total_time=0.4 min
[Iteration 1225] total_loss=0.0076, data_loss=0.0076, ref_loss=0.0000, physics_loss=4.8685E+00, it_time=0.00069 s total_time=0.4 min
[Iteration 1250] total_loss=0.0081, data_loss=0.0081, ref_loss=0.0000, physics_loss=4.9275E+00, it_time=0.00101 s total_time=0.4 min
[Iteration 1275] total_loss=0.0074, data_loss=0.0073, ref_loss=0.0000, physics_loss=5.0445E+00, it_time=0.00069 s total_time=0.4 min
[Iteration 1300] total_loss=0.0080, data_loss=0.0080, ref_loss=0.0000, physics_loss=5.8346E+00, it_time=0.00069 s total_time=0.4 min
[Iteration 1325] total_loss=0.0071, data_loss=0.0070, ref_loss=0.0000, physics_loss=5.1342E+00, it_time=0.00222 s total_time=0.4 min
[Iteration 1350] total_loss=0.0080, data_loss=0.0079, ref_loss=0.0000, physics_loss=5.8573E+00, it_time=0.00093 s total_time=0.4 min
[Iteration 1375] total_loss=0.0069, data_loss=0.0068, ref_loss=0.0000, physics_loss=5.4473E+00, it_time=0.00168 s total_time=0.4 min
[Iteration 1400] total_loss=0.0083, data_loss=0.0082, ref_loss=0.0000, physics_loss=5.9691E+00, it_time=0.0007 s total_time=0.4 min
[Iteration 1425] total_loss=0.0067, data_loss=0.0067, ref_loss=0.0000, physics_loss=5.3416E+00, it_time=0.00102 s total_time=0.5 min
[Iteration 1450] total_loss=0.0065, data_loss=0.0064, ref_loss=0.0000, physics_loss=5.5477E+00, it_time=0.00069 s total_time=0.5 min
[Iteration 1475] total_loss=0.0064, data_loss=0.0064, ref_loss=0.0000, physics_loss=5.6505E+00, it_time=0.00069 s total_time=0.5 min
[Iteration 1500] total_loss=0.0086, data_loss=0.0085, ref_loss=0.0000, physics_loss=7.0825E+00, it_time=0.00069 s total_time=0.5 min
Total avg
Relative error [Fluid] 18.8
Relative error [Bound] 39.6
Relative error [Core] 10.4
Absolute error [Fluid] 0.1291
Absolute error [Bound] 0.2333
Absolute error [Core] 0.0872
Absolute error [Non-F] 0.0000
R.M.S.   error [Fluid] 0.1933
R.M.S.   error [Bound] 0.3153
R.M.S.   error [Core] 0.1115
R.M.S.   error [Non-F] 0.0000
[Iteration 1525] total_loss=0.0062, data_loss=0.0061, ref_loss=0.0000, physics_loss=5.5478E+00, it_time=0.00069 s total_time=0.5 min
[Iteration 1550] total_loss=0.0061, data_loss=0.0060, ref_loss=0.0000, physics_loss=5.7583E+00, it_time=0.0011 s total_time=0.5 min
[Iteration 1575] total_loss=0.0061, data_loss=0.0060, ref_loss=0.0000, physics_loss=5.8461E+00, it_time=0.00069 s total_time=0.5 min
[Iteration 1600] total_loss=0.0059, data_loss=0.0058, ref_loss=0.0000, physics_loss=5.8295E+00, it_time=0.00069 s total_time=0.5 min
[Iteration 1625] total_loss=0.0061, data_loss=0.0060, ref_loss=0.0000, physics_loss=5.9230E+00, it_time=0.00069 s total_time=0.5 min
[Iteration 1650] total_loss=0.0061, data_loss=0.0061, ref_loss=0.0000, physics_loss=6.0698E+00, it_time=0.00068 s total_time=0.5 min
[Iteration 1675] total_loss=0.0058, data_loss=0.0057, ref_loss=0.0000, physics_loss=5.8203E+00, it_time=0.00093 s total_time=0.5 min
[Iteration 1700] total_loss=0.0063, data_loss=0.0062, ref_loss=0.0000, physics_loss=6.1859E+00, it_time=0.00078 s total_time=0.5 min
[Iteration 1725] total_loss=0.0058, data_loss=0.0057, ref_loss=0.0000, physics_loss=5.6958E+00, it_time=0.00194 s total_time=0.6 min
[Iteration 1750] total_loss=0.0057, data_loss=0.0057, ref_loss=0.0000, physics_loss=5.6592E+00, it_time=0.00221 s total_time=0.6 min
[Iteration 1775] total_loss=0.0057, data_loss=0.0056, ref_loss=0.0000, physics_loss=5.7759E+00, it_time=0.00093 s total_time=0.6 min
[Iteration 1800] total_loss=0.0060, data_loss=0.0060, ref_loss=0.0000, physics_loss=5.6959E+00, it_time=0.00093 s total_time=0.6 min
[Iteration 1825] total_loss=0.0055, data_loss=0.0054, ref_loss=0.0000, physics_loss=5.5752E+00, it_time=0.00069 s total_time=0.6 min
[Iteration 1850] total_loss=0.0056, data_loss=0.0055, ref_loss=0.0000, physics_loss=5.8954E+00, it_time=0.0015 s total_time=0.6 min
[Iteration 1875] total_loss=0.0083, data_loss=0.0082, ref_loss=0.0000, physics_loss=7.1808E+00, it_time=0.00093 s total_time=0.6 min
[Iteration 1900] total_loss=0.0058, data_loss=0.0057, ref_loss=0.0000, physics_loss=5.2341E+00, it_time=0.00069 s total_time=0.6 min
[Iteration 1925] total_loss=0.0054, data_loss=0.0053, ref_loss=0.0000, physics_loss=5.3109E+00, it_time=0.00069 s total_time=0.6 min
[Iteration 1950] total_loss=0.0052, data_loss=0.0052, ref_loss=0.0000, physics_loss=5.3576E+00, it_time=0.00069 s total_time=0.6 min
[Iteration 1975] total_loss=0.0052, data_loss=0.0051, ref_loss=0.0000, physics_loss=5.4192E+00, it_time=0.00126 s total_time=0.6 min
[Iteration 2000] total_loss=0.0051, data_loss=0.0050, ref_loss=0.0000, physics_loss=5.4605E+00, it_time=0.00069 s total_time=0.6 min
Total avg
Relative error [Fluid] 18.0
Relative error [Bound] 39.3
Relative error [Core] 9.4
Absolute error [Fluid] 0.1247
Absolute error [Bound] 0.2385
Absolute error [Core] 0.0790
Absolute error [Non-F] 0.0000
R.M.S.   error [Fluid] 0.1963
R.M.S.   error [Bound] 0.3278
R.M.S.   error [Core] 0.1040
R.M.S.   error [Non-F] 0.0000
Checkpoint saved to ../models/260406_Aomodel_4dsim_V250_div_w_PINN_sweep/260406_Aomodel_4dsim_V250_div_w_PINN_sweep_FFN_1t_20260407-1734/checkpoints/260406_Aomodel_4dsim_V250_div_w_PINN_sweep_FFN_1t_it2000.pth
[Iteration 2025] total_loss=0.0050, data_loss=0.0050, ref_loss=0.0000, physics_loss=5.4852E+00, it_time=0.00069 s total_time=0.7 min
[Iteration 2050] total_loss=0.0050, data_loss=0.0049, ref_loss=0.0000, physics_loss=5.4966E+00, it_time=0.00069 s total_time=0.7 min
[Iteration 2075] total_loss=0.0050, data_loss=0.0049, ref_loss=0.0000, physics_loss=5.5011E+00, it_time=0.00107 s total_time=0.7 min
[Iteration 2100] total_loss=0.0049, data_loss=0.0049, ref_loss=0.0000, physics_loss=5.4986E+00, it_time=0.0007 s total_time=0.7 min
[Iteration 2125] total_loss=0.0049, data_loss=0.0049, ref_loss=0.0000, physics_loss=5.4488E+00, it_time=0.00069 s total_time=0.7 min
[Iteration 2150] total_loss=0.0050, data_loss=0.0049, ref_loss=0.0000, physics_loss=5.4707E+00, it_time=0.00069 s total_time=0.7 min
[Iteration 2175] total_loss=0.0049, data_loss=0.0049, ref_loss=0.0000, physics_loss=5.4416E+00, it_time=0.00069 s total_time=0.7 min
[Iteration 2200] total_loss=0.0049, data_loss=0.0048, ref_loss=0.0000, physics_loss=5.6276E+00, it_time=0.00093 s total_time=0.7 min
[Iteration 2225] total_loss=0.0052, data_loss=0.0051, ref_loss=0.0000, physics_loss=5.6331E+00, it_time=0.00069 s total_time=0.7 min
[Iteration 2250] total_loss=0.0048, data_loss=0.0047, ref_loss=0.0000, physics_loss=5.2121E+00, it_time=0.00069 s total_time=0.7 min
[Iteration 2275] total_loss=0.0049, data_loss=0.0048, ref_loss=0.0000, physics_loss=5.4489E+00, it_time=0.00069 s total_time=0.7 min
[Iteration 2300] total_loss=0.0048, data_loss=0.0047, ref_loss=0.0000, physics_loss=5.3183E+00, it_time=0.00069 s total_time=0.7 min
[Iteration 2325] total_loss=0.0047, data_loss=0.0046, ref_loss=0.0000, physics_loss=5.1218E+00, it_time=0.00078 s total_time=0.7 min
[Iteration 2350] total_loss=0.0064, data_loss=0.0063, ref_loss=0.0000, physics_loss=9.1089E+00, it_time=0.00069 s total_time=0.7 min
[Iteration 2375] total_loss=0.0053, data_loss=0.0052, ref_loss=0.0000, physics_loss=5.9936E+00, it_time=0.00079 s total_time=0.7 min
[Iteration 2400] total_loss=0.0047, data_loss=0.0046, ref_loss=0.0000, physics_loss=5.1220E+00, it_time=0.00067 s total_time=0.8 min
[Iteration 2425] total_loss=0.0046, data_loss=0.0045, ref_loss=0.0000, physics_loss=5.0379E+00, it_time=0.00069 s total_time=0.8 min
[Iteration 2450] total_loss=0.0045, data_loss=0.0045, ref_loss=0.0000, physics_loss=5.0301E+00, it_time=0.00069 s total_time=0.8 min
[Iteration 2475] total_loss=0.0052, data_loss=0.0051, ref_loss=0.0000, physics_loss=5.3229E+00, it_time=0.0007 s total_time=0.8 min
[Iteration 2500] total_loss=0.0045, data_loss=0.0045, ref_loss=0.0000, physics_loss=4.8822E+00, it_time=0.00079 s total_time=0.8 min
Total avg
Relative error [Fluid] 17.7
Relative error [Bound] 38.9
Relative error [Core] 9.2
Absolute error [Fluid] 0.1234
Absolute error [Bound] 0.2372
Absolute error [Core] 0.0776
Absolute error [Non-F] 0.0000
R.M.S.   error [Fluid] 0.1952
R.M.S.   error [Bound] 0.3270
R.M.S.   error [Core] 0.1020
R.M.S.   error [Non-F] 0.0000
[Iteration 2525] total_loss=0.0045, data_loss=0.0044, ref_loss=0.0000, physics_loss=4.9959E+00, it_time=0.00069 s total_time=0.8 min
[Iteration 2550] total_loss=0.0045, data_loss=0.0044, ref_loss=0.0000, physics_loss=5.0415E+00, it_time=0.00068 s total_time=0.8 min
[Iteration 2575] total_loss=0.0044, data_loss=0.0044, ref_loss=0.0000, physics_loss=5.0534E+00, it_time=0.00069 s total_time=0.8 min
[Iteration 2600] total_loss=0.0044, data_loss=0.0044, ref_loss=0.0000, physics_loss=5.0662E+00, it_time=0.00094 s total_time=0.8 min
[Iteration 2625] total_loss=0.0047, data_loss=0.0047, ref_loss=0.0000, physics_loss=5.4166E+00, it_time=0.00069 s total_time=0.8 min
[Iteration 2650] total_loss=0.0044, data_loss=0.0044, ref_loss=0.0000, physics_loss=5.0021E+00, it_time=0.00069 s total_time=0.8 min
[Iteration 2675] total_loss=0.0046, data_loss=0.0046, ref_loss=0.0000, physics_loss=5.3881E+00, it_time=0.00069 s total_time=0.9 min
[Iteration 2700] total_loss=0.0044, data_loss=0.0044, ref_loss=0.0000, physics_loss=4.9398E+00, it_time=0.00069 s total_time=0.9 min
[Iteration 2725] total_loss=0.0047, data_loss=0.0047, ref_loss=0.0000, physics_loss=5.6834E+00, it_time=0.00093 s total_time=0.9 min
[Iteration 2750] total_loss=0.0044, data_loss=0.0044, ref_loss=0.0000, physics_loss=5.1819E+00, it_time=0.00069 s total_time=0.9 min
[Iteration 2775] total_loss=0.0044, data_loss=0.0043, ref_loss=0.0000, physics_loss=5.0799E+00, it_time=0.00069 s total_time=0.9 min
[Iteration 2800] total_loss=0.0044, data_loss=0.0043, ref_loss=0.0000, physics_loss=4.9504E+00, it_time=0.00203 s total_time=0.9 min
[Iteration 2825] total_loss=0.0049, data_loss=0.0049, ref_loss=0.0000, physics_loss=5.5019E+00, it_time=0.00069 s total_time=0.9 min
[Iteration 2850] total_loss=0.0069, data_loss=0.0068, ref_loss=0.0000, physics_loss=8.4475E+00, it_time=0.00069 s total_time=0.9 min
[Iteration 2875] total_loss=0.0048, data_loss=0.0048, ref_loss=0.0000, physics_loss=5.7066E+00, it_time=0.00069 s total_time=0.9 min
[Iteration 2900] total_loss=0.0043, data_loss=0.0043, ref_loss=0.0000, physics_loss=4.8559E+00, it_time=0.00097 s total_time=0.9 min
[Iteration 2925] total_loss=0.0043, data_loss=0.0042, ref_loss=0.0000, physics_loss=4.7332E+00, it_time=0.00069 s total_time=0.9 min
[Iteration 2950] total_loss=0.0042, data_loss=0.0042, ref_loss=0.0000, physics_loss=4.7729E+00, it_time=0.00069 s total_time=0.9 min
[Iteration 2975] total_loss=0.0042, data_loss=0.0042, ref_loss=0.0000, physics_loss=4.8013E+00, it_time=0.00069 s total_time=0.9 min
[Iteration 3000] total_loss=0.0042, data_loss=0.0041, ref_loss=0.0000, physics_loss=4.8201E+00, it_time=0.00069 s total_time=0.9 min
Total avg
Relative error [Fluid] 17.7
Relative error [Bound] 39.0
Relative error [Core] 9.1
Absolute error [Fluid] 0.1236
Absolute error [Bound] 0.2404
Absolute error [Core] 0.0766
Absolute error [Non-F] 0.0000
R.M.S.   error [Fluid] 0.1971
R.M.S.   error [Bound] 0.3322
R.M.S.   error [Core] 0.1006
R.M.S.   error [Non-F] 0.0000
Checkpoint saved to ../models/260406_Aomodel_4dsim_V250_div_w_PINN_sweep/260406_Aomodel_4dsim_V250_div_w_PINN_sweep_FFN_1t_20260407-1734/checkpoints/260406_Aomodel_4dsim_V250_div_w_PINN_sweep_FFN_1t_it3000.pth
[Iteration 3025] total_loss=0.0042, data_loss=0.0041, ref_loss=0.0000, physics_loss=4.8320E+00, it_time=0.00068 s total_time=1.0 min
[Iteration 3050] total_loss=0.0041, data_loss=0.0041, ref_loss=0.0000, physics_loss=4.8328E+00, it_time=0.00068 s total_time=1.0 min
[Iteration 3075] total_loss=0.0041, data_loss=0.0041, ref_loss=0.0000, physics_loss=4.8301E+00, it_time=0.00069 s total_time=1.0 min
[Iteration 3100] total_loss=0.0041, data_loss=0.0041, ref_loss=0.0000, physics_loss=4.8299E+00, it_time=0.00069 s total_time=1.0 min
[Iteration 3125] total_loss=0.0041, data_loss=0.0041, ref_loss=0.0000, physics_loss=4.8290E+00, it_time=0.00069 s total_time=1.0 min
[Iteration 3150] total_loss=0.0053, data_loss=0.0052, ref_loss=0.0000, physics_loss=5.6876E+00, it_time=0.00072 s total_time=1.0 min
[Iteration 3175] total_loss=0.0042, data_loss=0.0041, ref_loss=0.0000, physics_loss=4.7669E+00, it_time=0.00068 s total_time=1.0 min
[Iteration 3200] total_loss=0.0041, data_loss=0.0040, ref_loss=0.0000, physics_loss=4.7651E+00, it_time=0.0007 s total_time=1.0 min
[Iteration 3225] total_loss=0.0041, data_loss=0.0040, ref_loss=0.0000, physics_loss=4.7202E+00, it_time=0.00102 s total_time=1.0 min
[Iteration 3250] total_loss=0.0041, data_loss=0.0040, ref_loss=0.0000, physics_loss=4.7246E+00, it_time=0.00069 s total_time=1.0 min
[Iteration 3275] total_loss=0.0042, data_loss=0.0041, ref_loss=0.0000, physics_loss=5.0273E+00, it_time=0.00069 s total_time=1.0 min
[Iteration 3300] total_loss=0.0041, data_loss=0.0040, ref_loss=0.0000, physics_loss=4.7202E+00, it_time=0.00069 s total_time=1.1 min
[Iteration 3325] total_loss=0.0042, data_loss=0.0041, ref_loss=0.0000, physics_loss=4.8457E+00, it_time=0.00069 s total_time=1.1 min
[Iteration 3350] total_loss=0.0040, data_loss=0.0040, ref_loss=0.0000, physics_loss=4.6721E+00, it_time=0.00069 s total_time=1.1 min
[Iteration 3375] total_loss=0.0042, data_loss=0.0042, ref_loss=0.0000, physics_loss=4.7912E+00, it_time=0.00068 s total_time=1.1 min
[Iteration 3400] total_loss=0.0040, data_loss=0.0040, ref_loss=0.0000, physics_loss=4.7352E+00, it_time=0.00069 s total_time=1.1 min
[Iteration 3425] total_loss=0.0040, data_loss=0.0040, ref_loss=0.0000, physics_loss=4.6758E+00, it_time=0.00069 s total_time=1.1 min
[Iteration 3450] total_loss=0.0041, data_loss=0.0040, ref_loss=0.0000, physics_loss=4.8017E+00, it_time=0.00069 s total_time=1.1 min
[Iteration 3475] total_loss=0.0052, data_loss=0.0052, ref_loss=0.0000, physics_loss=6.3664E+00, it_time=0.00104 s total_time=1.1 min
[Iteration 3500] total_loss=0.0056, data_loss=0.0056, ref_loss=0.0000, physics_loss=7.6535E+00, it_time=0.00093 s total_time=1.1 min
Total avg
Relative error [Fluid] 18.4
Relative error [Bound] 39.8
Relative error [Core] 9.8
Absolute error [Fluid] 0.1276
Absolute error [Bound] 0.2443
Absolute error [Core] 0.0807
Absolute error [Non-F] 0.0000
R.M.S.   error [Fluid] 0.1995
R.M.S.   error [Bound] 0.3347
R.M.S.   error [Core] 0.1037
R.M.S.   error [Non-F] 0.0000
Final model saved to ../models/260406_Aomodel_4dsim_V250_div_w_PINN_sweep/260406_Aomodel_4dsim_V250_div_w_PINN_sweep_FFN_1t_20260407-1734/260406_Aomodel_4dsim_V250_div_w_PINN_sweep_FFN_1t_final.pth
Starting script
Copying source code to model directory...
Loaded resolution from file: 0.002, 0.002, 0.002, 0.01874
VNRMSE [Noisy]: 0.096484
Directional error [Noisy]: 0.024761
Divergence [Noisy]: 0.070040
Total avg
Relative error [Fluid] 89.3
Relative error [Bound] 90.2
Relative error [Core] 88.9
Absolute error [Fluid] 0.8305
Absolute error [Bound] 0.6926
Absolute error [Core] 0.8858
Absolute error [Non-F] 0.0000
R.M.S.   error [Fluid] 0.9309
R.M.S.   error [Bound] 0.7966
R.M.S.   error [Core] 0.9797
R.M.S.   error [Non-F] 0.0000
[Iteration 25] total_loss=0.1656, data_loss=0.1655, ref_loss=0.0000, physics_loss=3.8919E-01, it_time=0.0007 s total_time=0.0 min
[Iteration 50] total_loss=0.1284, data_loss=0.1284, ref_loss=0.0000, physics_loss=5.1643E-01, it_time=0.00093 s total_time=0.0 min
[Iteration 75] total_loss=0.0967, data_loss=0.0967, ref_loss=0.0000, physics_loss=5.8514E-01, it_time=0.00069 s total_time=0.0 min
[Iteration 100] total_loss=0.0942, data_loss=0.0942, ref_loss=0.0000, physics_loss=1.3937E+00, it_time=0.00069 s total_time=0.0 min
[Iteration 125] total_loss=0.0563, data_loss=0.0562, ref_loss=0.0000, physics_loss=1.4640E+00, it_time=0.00068 s total_time=0.1 min
[Iteration 150] total_loss=0.0474, data_loss=0.0473, ref_loss=0.0000, physics_loss=1.7559E+00, it_time=0.00101 s total_time=0.1 min
[Iteration 175] total_loss=0.0408, data_loss=0.0407, ref_loss=0.0000, physics_loss=1.9543E+00, it_time=0.00069 s total_time=0.1 min
[Iteration 200] total_loss=0.0396, data_loss=0.0395, ref_loss=0.0000, physics_loss=1.8086E+00, it_time=0.00069 s total_time=0.1 min
[Iteration 225] total_loss=0.0338, data_loss=0.0337, ref_loss=0.0000, physics_loss=1.4245E+00, it_time=0.00069 s total_time=0.1 min
[Iteration 250] total_loss=0.0337, data_loss=0.0336, ref_loss=0.0000, physics_loss=1.2926E+00, it_time=0.00069 s total_time=0.1 min
[Iteration 275] total_loss=0.0295, data_loss=0.0295, ref_loss=0.0000, physics_loss=1.2996E+00, it_time=0.00078 s total_time=0.1 min
[Iteration 300] total_loss=0.0275, data_loss=0.0275, ref_loss=0.0000, physics_loss=1.3628E+00, it_time=0.00069 s total_time=0.1 min
[Iteration 325] total_loss=0.0280, data_loss=0.0279, ref_loss=0.0000, physics_loss=1.2824E+00, it_time=0.00069 s total_time=0.1 min
[Iteration 350] total_loss=0.0251, data_loss=0.0251, ref_loss=0.0000, physics_loss=1.4684E+00, it_time=0.00069 s total_time=0.1 min
[Iteration 375] total_loss=0.0237, data_loss=0.0236, ref_loss=0.0000, physics_loss=1.7920E+00, it_time=0.0007 s total_time=0.1 min
[Iteration 400] total_loss=0.0303, data_loss=0.0302, ref_loss=0.0000, physics_loss=2.1231E+00, it_time=0.00069 s total_time=0.1 min
[Iteration 425] total_loss=0.0225, data_loss=0.0224, ref_loss=0.0000, physics_loss=1.7209E+00, it_time=0.00069 s total_time=0.1 min
[Iteration 450] total_loss=0.0212, data_loss=0.0211, ref_loss=0.0000, physics_loss=2.0942E+00, it_time=0.0007 s total_time=0.1 min
[Iteration 475] total_loss=0.0202, data_loss=0.0201, ref_loss=0.0000, physics_loss=2.0192E+00, it_time=0.00071 s total_time=0.1 min
[Iteration 500] total_loss=0.0193, data_loss=0.0192, ref_loss=0.0000, physics_loss=1.8148E+00, it_time=0.00071 s total_time=0.2 min
Total avg
Relative error [Fluid] 20.9
Relative error [Bound] 40.8
Relative error [Core] 12.8
Absolute error [Fluid] 0.1414
Absolute error [Bound] 0.2332
Absolute error [Core] 0.1045
Absolute error [Non-F] 0.0000
R.M.S.   error [Fluid] 0.1894
R.M.S.   error [Bound] 0.2854
R.M.S.   error [Core] 0.1325
R.M.S.   error [Non-F] 0.0000
[Iteration 525] total_loss=0.0185, data_loss=0.0184, ref_loss=0.0000, physics_loss=1.7888E+00, it_time=0.00069 s total_time=0.2 min
[Iteration 550] total_loss=0.0190, data_loss=0.0189, ref_loss=0.0000, physics_loss=1.8273E+00, it_time=0.00069 s total_time=0.2 min
[Iteration 575] total_loss=0.0173, data_loss=0.0172, ref_loss=0.0000, physics_loss=1.9518E+00, it_time=0.00069 s total_time=0.2 min
[Iteration 600] total_loss=0.0166, data_loss=0.0165, ref_loss=0.0000, physics_loss=2.0237E+00, it_time=0.00069 s total_time=0.2 min
[Iteration 625] total_loss=0.0162, data_loss=0.0161, ref_loss=0.0000, physics_loss=1.9452E+00, it_time=0.00174 s total_time=0.2 min
[Iteration 650] total_loss=0.0154, data_loss=0.0153, ref_loss=0.0000, physics_loss=2.0928E+00, it_time=0.00069 s total_time=0.2 min
[Iteration 675] total_loss=0.0155, data_loss=0.0154, ref_loss=0.0000, physics_loss=2.1277E+00, it_time=0.00113 s total_time=0.2 min
[Iteration 700] total_loss=0.0184, data_loss=0.0183, ref_loss=0.0000, physics_loss=2.8102E+00, it_time=0.00068 s total_time=0.2 min
[Iteration 725] total_loss=0.0141, data_loss=0.0139, ref_loss=0.0000, physics_loss=2.4213E+00, it_time=0.00069 s total_time=0.2 min
[Iteration 750] total_loss=0.0173, data_loss=0.0171, ref_loss=0.0000, physics_loss=3.0124E+00, it_time=0.00069 s total_time=0.2 min
[Iteration 775] total_loss=0.0130, data_loss=0.0129, ref_loss=0.0000, physics_loss=2.6750E+00, it_time=0.00069 s total_time=0.3 min
[Iteration 800] total_loss=0.0128, data_loss=0.0127, ref_loss=0.0000, physics_loss=2.8743E+00, it_time=0.00108 s total_time=0.3 min
[Iteration 825] total_loss=0.0122, data_loss=0.0121, ref_loss=0.0000, physics_loss=2.9805E+00, it_time=0.00069 s total_time=0.3 min
[Iteration 850] total_loss=0.0120, data_loss=0.0119, ref_loss=0.0000, physics_loss=3.1239E+00, it_time=0.00069 s total_time=0.3 min
[Iteration 875] total_loss=0.0117, data_loss=0.0116, ref_loss=0.0000, physics_loss=2.9630E+00, it_time=0.00069 s total_time=0.3 min
[Iteration 900] total_loss=0.0110, data_loss=0.0109, ref_loss=0.0000, physics_loss=3.1695E+00, it_time=0.00069 s total_time=0.3 min
[Iteration 925] total_loss=0.0124, data_loss=0.0122, ref_loss=0.0000, physics_loss=3.5554E+00, it_time=0.00093 s total_time=0.3 min
[Iteration 950] total_loss=0.0109, data_loss=0.0107, ref_loss=0.0000, physics_loss=3.0895E+00, it_time=0.00064 s total_time=0.3 min
[Iteration 975] total_loss=0.0102, data_loss=0.0101, ref_loss=0.0000, physics_loss=3.1130E+00, it_time=0.00069 s total_time=0.3 min
[Iteration 1000] total_loss=0.0118, data_loss=0.0116, ref_loss=0.0000, physics_loss=3.3936E+00, it_time=0.00069 s total_time=0.3 min
Total avg
Relative error [Fluid] 18.8
Relative error [Bound] 38.2
Relative error [Core] 11.1
Absolute error [Fluid] 0.1274
Absolute error [Bound] 0.2121
Absolute error [Core] 0.0933
Absolute error [Non-F] 0.0000
R.M.S.   error [Fluid] 0.1797
R.M.S.   error [Bound] 0.2780
R.M.S.   error [Core] 0.1193
R.M.S.   error [Non-F] 0.0000
Checkpoint saved to ../models/260406_Aomodel_4dsim_V250_div_w_PINN_sweep/260406_Aomodel_4dsim_V250_div_w_PINN_sweep_FFN_1t_20260407-1735/checkpoints/260406_Aomodel_4dsim_V250_div_w_PINN_sweep_FFN_1t_it1000.pth
[Iteration 1025] total_loss=0.0099, data_loss=0.0097, ref_loss=0.0000, physics_loss=2.9973E+00, it_time=0.00069 s total_time=0.3 min
[Iteration 1050] total_loss=0.0093, data_loss=0.0092, ref_loss=0.0000, physics_loss=3.0057E+00, it_time=0.00068 s total_time=0.4 min
[Iteration 1075] total_loss=0.0091, data_loss=0.0089, ref_loss=0.0000, physics_loss=2.9537E+00, it_time=0.00068 s total_time=0.4 min
[Iteration 1100] total_loss=0.0088, data_loss=0.0087, ref_loss=0.0000, physics_loss=2.9042E+00, it_time=0.00069 s total_time=0.4 min
[Iteration 1125] total_loss=0.0093, data_loss=0.0092, ref_loss=0.0000, physics_loss=2.7355E+00, it_time=0.00069 s total_time=0.4 min
[Iteration 1150] total_loss=0.0087, data_loss=0.0085, ref_loss=0.0000, physics_loss=2.7634E+00, it_time=0.00093 s total_time=0.4 min
[Iteration 1175] total_loss=0.0085, data_loss=0.0084, ref_loss=0.0000, physics_loss=2.7632E+00, it_time=0.00069 s total_time=0.4 min
[Iteration 1200] total_loss=0.0082, data_loss=0.0081, ref_loss=0.0000, physics_loss=2.6156E+00, it_time=0.00069 s total_time=0.4 min
[Iteration 1225] total_loss=0.0080, data_loss=0.0079, ref_loss=0.0000, physics_loss=2.6416E+00, it_time=0.00069 s total_time=0.4 min
[Iteration 1250] total_loss=0.0090, data_loss=0.0089, ref_loss=0.0000, physics_loss=2.9293E+00, it_time=0.00068 s total_time=0.4 min
[Iteration 1275] total_loss=0.0078, data_loss=0.0077, ref_loss=0.0000, physics_loss=2.5742E+00, it_time=0.00068 s total_time=0.4 min
[Iteration 1300] total_loss=0.0075, data_loss=0.0074, ref_loss=0.0000, physics_loss=2.6016E+00, it_time=0.00094 s total_time=0.4 min
[Iteration 1325] total_loss=0.0086, data_loss=0.0085, ref_loss=0.0000, physics_loss=2.9431E+00, it_time=0.00069 s total_time=0.4 min
[Iteration 1350] total_loss=0.0074, data_loss=0.0072, ref_loss=0.0000, physics_loss=2.6317E+00, it_time=0.00068 s total_time=0.4 min
[Iteration 1375] total_loss=0.0071, data_loss=0.0070, ref_loss=0.0000, physics_loss=2.6299E+00, it_time=0.00069 s total_time=0.4 min
[Iteration 1400] total_loss=0.0077, data_loss=0.0076, ref_loss=0.0000, physics_loss=2.8658E+00, it_time=0.00093 s total_time=0.5 min
[Iteration 1425] total_loss=0.0071, data_loss=0.0069, ref_loss=0.0000, physics_loss=2.6826E+00, it_time=0.00069 s total_time=0.5 min
[Iteration 1450] total_loss=0.0068, data_loss=0.0067, ref_loss=0.0000, physics_loss=2.6205E+00, it_time=0.00221 s total_time=0.5 min
[Iteration 1475] total_loss=0.0090, data_loss=0.0089, ref_loss=0.0000, physics_loss=3.8056E+00, it_time=0.00069 s total_time=0.5 min
[Iteration 1500] total_loss=0.0071, data_loss=0.0069, ref_loss=0.0000, physics_loss=2.6389E+00, it_time=0.00069 s total_time=0.5 min
Total avg
Relative error [Fluid] 18.3
Relative error [Bound] 38.9
Relative error [Core] 10.0
Absolute error [Fluid] 0.1249
Absolute error [Bound] 0.2263
Absolute error [Core] 0.0841
Absolute error [Non-F] 0.0000
R.M.S.   error [Fluid] 0.1898
R.M.S.   error [Bound] 0.3093
R.M.S.   error [Core] 0.1097
R.M.S.   error [Non-F] 0.0000
[Iteration 1525] total_loss=0.0065, data_loss=0.0064, ref_loss=0.0000, physics_loss=2.5477E+00, it_time=0.00083 s total_time=0.5 min
[Iteration 1550] total_loss=0.0064, data_loss=0.0063, ref_loss=0.0000, physics_loss=2.6034E+00, it_time=0.00069 s total_time=0.5 min
[Iteration 1575] total_loss=0.0063, data_loss=0.0062, ref_loss=0.0000, physics_loss=2.6194E+00, it_time=0.00069 s total_time=0.5 min
[Iteration 1600] total_loss=0.0070, data_loss=0.0068, ref_loss=0.0000, physics_loss=2.8054E+00, it_time=0.00078 s total_time=0.5 min
[Iteration 1625] total_loss=0.0062, data_loss=0.0060, ref_loss=0.0000, physics_loss=2.5767E+00, it_time=0.00091 s total_time=0.5 min
[Iteration 1650] total_loss=0.0062, data_loss=0.0060, ref_loss=0.0000, physics_loss=2.6224E+00, it_time=0.00068 s total_time=0.5 min
[Iteration 1675] total_loss=0.0061, data_loss=0.0060, ref_loss=0.0000, physics_loss=2.5888E+00, it_time=0.00069 s total_time=0.5 min
[Iteration 1700] total_loss=0.0063, data_loss=0.0062, ref_loss=0.0000, physics_loss=2.5235E+00, it_time=0.00069 s total_time=0.6 min
[Iteration 1725] total_loss=0.0060, data_loss=0.0059, ref_loss=0.0000, physics_loss=2.5357E+00, it_time=0.00069 s total_time=0.6 min
[Iteration 1750] total_loss=0.0063, data_loss=0.0061, ref_loss=0.0000, physics_loss=2.6353E+00, it_time=0.00069 s total_time=0.6 min
[Iteration 1775] total_loss=0.0058, data_loss=0.0057, ref_loss=0.0000, physics_loss=2.3927E+00, it_time=0.00103 s total_time=0.6 min
[Iteration 1800] total_loss=0.0091, data_loss=0.0089, ref_loss=0.0000, physics_loss=4.9421E+00, it_time=0.00069 s total_time=0.6 min
[Iteration 1825] total_loss=0.0063, data_loss=0.0061, ref_loss=0.0000, physics_loss=2.7437E+00, it_time=0.00196 s total_time=0.6 min
[Iteration 1850] total_loss=0.0057, data_loss=0.0055, ref_loss=0.0000, physics_loss=2.2654E+00, it_time=0.00086 s total_time=0.6 min
[Iteration 1875] total_loss=0.0055, data_loss=0.0054, ref_loss=0.0000, physics_loss=2.2329E+00, it_time=0.00078 s total_time=0.6 min
[Iteration 1900] total_loss=0.0055, data_loss=0.0054, ref_loss=0.0000, physics_loss=2.2370E+00, it_time=0.00069 s total_time=0.6 min
[Iteration 1925] total_loss=0.0055, data_loss=0.0054, ref_loss=0.0000, physics_loss=2.2639E+00, it_time=0.00069 s total_time=0.6 min
[Iteration 1950] total_loss=0.0056, data_loss=0.0055, ref_loss=0.0000, physics_loss=2.2833E+00, it_time=0.00103 s total_time=0.6 min
[Iteration 1975] total_loss=0.0053, data_loss=0.0052, ref_loss=0.0000, physics_loss=2.1985E+00, it_time=0.00069 s total_time=0.6 min
[Iteration 2000] total_loss=0.0068, data_loss=0.0067, ref_loss=0.0000, physics_loss=2.6971E+00, it_time=0.00069 s total_time=0.6 min
Total avg
Relative error [Fluid] 19.2
Relative error [Bound] 40.1
Relative error [Core] 10.8
Absolute error [Fluid] 0.1340
Absolute error [Bound] 0.2440
Absolute error [Core] 0.0897
Absolute error [Non-F] 0.0000
R.M.S.   error [Fluid] 0.2017
R.M.S.   error [Bound] 0.3344
R.M.S.   error [Core] 0.1099
R.M.S.   error [Non-F] 0.0000
Checkpoint saved to ../models/260406_Aomodel_4dsim_V250_div_w_PINN_sweep/260406_Aomodel_4dsim_V250_div_w_PINN_sweep_FFN_1t_20260407-1735/checkpoints/260406_Aomodel_4dsim_V250_div_w_PINN_sweep_FFN_1t_it2000.pth
[Iteration 2025] total_loss=0.0053, data_loss=0.0052, ref_loss=0.0000, physics_loss=2.1465E+00, it_time=0.00069 s total_time=0.7 min
[Iteration 2050] total_loss=0.0052, data_loss=0.0051, ref_loss=0.0000, physics_loss=2.1637E+00, it_time=0.00205 s total_time=0.7 min
[Iteration 2075] total_loss=0.0051, data_loss=0.0050, ref_loss=0.0000, physics_loss=2.1481E+00, it_time=0.00069 s total_time=0.7 min
[Iteration 2100] total_loss=0.0051, data_loss=0.0050, ref_loss=0.0000, physics_loss=2.1554E+00, it_time=0.00068 s total_time=0.7 min
[Iteration 2125] total_loss=0.0055, data_loss=0.0053, ref_loss=0.0000, physics_loss=2.3649E+00, it_time=0.00069 s total_time=0.7 min
[Iteration 2150] total_loss=0.0051, data_loss=0.0050, ref_loss=0.0000, physics_loss=2.1112E+00, it_time=0.0007 s total_time=0.7 min
[Iteration 2175] total_loss=0.0055, data_loss=0.0053, ref_loss=0.0000, physics_loss=2.3379E+00, it_time=0.00069 s total_time=0.7 min
[Iteration 2200] total_loss=0.0050, data_loss=0.0049, ref_loss=0.0000, physics_loss=2.0883E+00, it_time=0.00068 s total_time=0.7 min
[Iteration 2225] total_loss=0.0079, data_loss=0.0076, ref_loss=0.0000, physics_loss=4.8222E+00, it_time=0.00068 s total_time=0.7 min
[Iteration 2250] total_loss=0.0052, data_loss=0.0050, ref_loss=0.0000, physics_loss=2.3557E+00, it_time=0.00093 s total_time=0.7 min
[Iteration 2275] total_loss=0.0049, data_loss=0.0048, ref_loss=0.0000, physics_loss=2.0316E+00, it_time=0.00068 s total_time=0.7 min
[Iteration 2300] total_loss=0.0049, data_loss=0.0048, ref_loss=0.0000, physics_loss=2.0459E+00, it_time=0.00069 s total_time=0.7 min
[Iteration 2325] total_loss=0.0052, data_loss=0.0051, ref_loss=0.0000, physics_loss=2.2367E+00, it_time=0.00069 s total_time=0.7 min
[Iteration 2350] total_loss=0.0049, data_loss=0.0048, ref_loss=0.0000, physics_loss=2.0248E+00, it_time=0.00069 s total_time=0.8 min
[Iteration 2375] total_loss=0.0048, data_loss=0.0047, ref_loss=0.0000, physics_loss=2.0090E+00, it_time=0.00069 s total_time=0.8 min
[Iteration 2400] total_loss=0.0048, data_loss=0.0047, ref_loss=0.0000, physics_loss=1.9528E+00, it_time=0.00069 s total_time=0.8 min
[Iteration 2425] total_loss=0.0048, data_loss=0.0047, ref_loss=0.0000, physics_loss=2.0562E+00, it_time=0.00068 s total_time=0.8 min
[Iteration 2450] total_loss=0.0050, data_loss=0.0049, ref_loss=0.0000, physics_loss=2.0998E+00, it_time=0.00069 s total_time=0.8 min
[Iteration 2475] total_loss=0.0071, data_loss=0.0069, ref_loss=0.0000, physics_loss=3.1992E+00, it_time=0.00078 s total_time=0.8 min
[Iteration 2500] total_loss=0.0049, data_loss=0.0048, ref_loss=0.0000, physics_loss=1.9834E+00, it_time=0.00198 s total_time=0.8 min
Total avg
Relative error [Fluid] 18.0
Relative error [Bound] 38.9
Relative error [Core] 9.6
Absolute error [Fluid] 0.1250
Absolute error [Bound] 0.2365
Absolute error [Core] 0.0801
Absolute error [Non-F] 0.0000
R.M.S.   error [Fluid] 0.1946
R.M.S.   error [Bound] 0.3244
R.M.S.   error [Core] 0.1039
R.M.S.   error [Non-F] 0.0000
[Iteration 2525] total_loss=0.0047, data_loss=0.0046, ref_loss=0.0000, physics_loss=1.8707E+00, it_time=0.00093 s total_time=0.8 min
[Iteration 2550] total_loss=0.0047, data_loss=0.0046, ref_loss=0.0000, physics_loss=1.8936E+00, it_time=0.00069 s total_time=0.8 min
[Iteration 2575] total_loss=0.0046, data_loss=0.0045, ref_loss=0.0000, physics_loss=2.0113E+00, it_time=0.00069 s total_time=0.8 min
[Iteration 2600] total_loss=0.0045, data_loss=0.0044, ref_loss=0.0000, physics_loss=2.0017E+00, it_time=0.00068 s total_time=0.8 min
[Iteration 2625] total_loss=0.0045, data_loss=0.0044, ref_loss=0.0000, physics_loss=1.9815E+00, it_time=0.00069 s total_time=0.8 min
[Iteration 2650] total_loss=0.0045, data_loss=0.0044, ref_loss=0.0000, physics_loss=1.9601E+00, it_time=0.00094 s total_time=0.9 min
[Iteration 2675] total_loss=0.0045, data_loss=0.0044, ref_loss=0.0000, physics_loss=1.9332E+00, it_time=0.00069 s total_time=0.9 min
[Iteration 2700] total_loss=0.0045, data_loss=0.0044, ref_loss=0.0000, physics_loss=1.9492E+00, it_time=0.00173 s total_time=0.9 min
[Iteration 2725] total_loss=0.0047, data_loss=0.0046, ref_loss=0.0000, physics_loss=2.0360E+00, it_time=0.00069 s total_time=0.9 min
[Iteration 2750] total_loss=0.0044, data_loss=0.0043, ref_loss=0.0000, physics_loss=1.9259E+00, it_time=0.00068 s total_time=0.9 min
[Iteration 2775] total_loss=0.0048, data_loss=0.0047, ref_loss=0.0000, physics_loss=2.3185E+00, it_time=0.00093 s total_time=0.9 min
[Iteration 2800] total_loss=0.0044, data_loss=0.0043, ref_loss=0.0000, physics_loss=1.8646E+00, it_time=0.00067 s total_time=0.9 min
[Iteration 2825] total_loss=0.0044, data_loss=0.0043, ref_loss=0.0000, physics_loss=1.8137E+00, it_time=0.00069 s total_time=0.9 min
[Iteration 2850] total_loss=0.0048, data_loss=0.0047, ref_loss=0.0000, physics_loss=1.9894E+00, it_time=0.00069 s total_time=0.9 min
[Iteration 2875] total_loss=0.0044, data_loss=0.0043, ref_loss=0.0000, physics_loss=1.8449E+00, it_time=0.00069 s total_time=0.9 min
[Iteration 2900] total_loss=0.0043, data_loss=0.0042, ref_loss=0.0000, physics_loss=1.7970E+00, it_time=0.00177 s total_time=0.9 min
[Iteration 2925] total_loss=0.0069, data_loss=0.0066, ref_loss=0.0000, physics_loss=5.2386E+00, it_time=0.00069 s total_time=0.9 min
[Iteration 2950] total_loss=0.0051, data_loss=0.0050, ref_loss=0.0000, physics_loss=2.7082E+00, it_time=0.00069 s total_time=0.9 min
[Iteration 2975] total_loss=0.0044, data_loss=0.0043, ref_loss=0.0000, physics_loss=1.9061E+00, it_time=0.00069 s total_time=1.0 min
[Iteration 3000] total_loss=0.0043, data_loss=0.0042, ref_loss=0.0000, physics_loss=1.7421E+00, it_time=0.00068 s total_time=1.0 min
Total avg
Relative error [Fluid] 17.6
Relative error [Bound] 38.9
Relative error [Core] 9.0
Absolute error [Fluid] 0.1230
Absolute error [Bound] 0.2392
Absolute error [Core] 0.0762
Absolute error [Non-F] 0.0000
R.M.S.   error [Fluid] 0.1964
R.M.S.   error [Bound] 0.3310
R.M.S.   error [Core] 0.1003
R.M.S.   error [Non-F] 0.0000
Checkpoint saved to ../models/260406_Aomodel_4dsim_V250_div_w_PINN_sweep/260406_Aomodel_4dsim_V250_div_w_PINN_sweep_FFN_1t_20260407-1735/checkpoints/260406_Aomodel_4dsim_V250_div_w_PINN_sweep_FFN_1t_it3000.pth
[Iteration 3025] total_loss=0.0043, data_loss=0.0042, ref_loss=0.0000, physics_loss=1.7211E+00, it_time=0.00181 s total_time=1.0 min
[Iteration 3050] total_loss=0.0042, data_loss=0.0042, ref_loss=0.0000, physics_loss=1.7267E+00, it_time=0.00068 s total_time=1.0 min
[Iteration 3075] total_loss=0.0042, data_loss=0.0041, ref_loss=0.0000, physics_loss=1.7288E+00, it_time=0.00092 s total_time=1.0 min
[Iteration 3100] total_loss=0.0042, data_loss=0.0041, ref_loss=0.0000, physics_loss=1.7301E+00, it_time=0.00068 s total_time=1.0 min
[Iteration 3125] total_loss=0.0042, data_loss=0.0041, ref_loss=0.0000, physics_loss=1.7289E+00, it_time=0.00067 s total_time=1.0 min
[Iteration 3150] total_loss=0.0042, data_loss=0.0041, ref_loss=0.0000, physics_loss=1.7259E+00, it_time=0.00069 s total_time=1.0 min
[Iteration 3175] total_loss=0.0043, data_loss=0.0042, ref_loss=0.0000, physics_loss=1.7442E+00, it_time=0.00067 s total_time=1.0 min
[Iteration 3200] total_loss=0.0042, data_loss=0.0041, ref_loss=0.0000, physics_loss=1.6986E+00, it_time=0.00077 s total_time=1.0 min
[Iteration 3225] total_loss=0.0047, data_loss=0.0046, ref_loss=0.0000, physics_loss=1.9772E+00, it_time=0.00069 s total_time=1.0 min
[Iteration 3250] total_loss=0.0042, data_loss=0.0041, ref_loss=0.0000, physics_loss=1.7554E+00, it_time=0.00068 s total_time=1.0 min
[Iteration 3275] total_loss=0.0042, data_loss=0.0041, ref_loss=0.0000, physics_loss=1.6979E+00, it_time=0.00069 s total_time=1.1 min
[Iteration 3300] total_loss=0.0041, data_loss=0.0040, ref_loss=0.0000, physics_loss=1.6975E+00, it_time=0.00096 s total_time=1.1 min
[Iteration 3325] total_loss=0.0042, data_loss=0.0041, ref_loss=0.0000, physics_loss=1.7218E+00, it_time=0.00063 s total_time=1.1 min
[Iteration 3350] total_loss=0.0042, data_loss=0.0041, ref_loss=0.0000, physics_loss=1.7011E+00, it_time=0.0007 s total_time=1.1 min
[Iteration 3375] total_loss=0.0046, data_loss=0.0045, ref_loss=0.0000, physics_loss=2.0064E+00, it_time=0.00102 s total_time=1.1 min
[Iteration 3400] total_loss=0.0041, data_loss=0.0040, ref_loss=0.0000, physics_loss=1.7151E+00, it_time=0.00093 s total_time=1.1 min
[Iteration 3425] total_loss=0.0045, data_loss=0.0044, ref_loss=0.0000, physics_loss=1.9653E+00, it_time=0.00069 s total_time=1.1 min
[Iteration 3450] total_loss=0.0041, data_loss=0.0040, ref_loss=0.0000, physics_loss=1.7035E+00, it_time=0.00092 s total_time=1.1 min
[Iteration 3475] total_loss=0.0045, data_loss=0.0045, ref_loss=0.0000, physics_loss=1.9362E+00, it_time=0.00068 s total_time=1.1 min
[Iteration 3500] total_loss=0.0041, data_loss=0.0040, ref_loss=0.0000, physics_loss=1.6509E+00, it_time=0.00153 s total_time=1.1 min
Total avg
Relative error [Fluid] 17.5
Relative error [Bound] 38.8
Relative error [Core] 9.0
Absolute error [Fluid] 0.1227
Absolute error [Bound] 0.2387
Absolute error [Core] 0.0760
Absolute error [Non-F] 0.0000
R.M.S.   error [Fluid] 0.1960
R.M.S.   error [Bound] 0.3306
R.M.S.   error [Core] 0.0996
R.M.S.   error [Non-F] 0.0000
Final model saved to ../models/260406_Aomodel_4dsim_V250_div_w_PINN_sweep/260406_Aomodel_4dsim_V250_div_w_PINN_sweep_FFN_1t_20260407-1735/260406_Aomodel_4dsim_V250_div_w_PINN_sweep_FFN_1t_final.pth
Starting script
Copying source code to model directory...
Loaded resolution from file: 0.002, 0.002, 0.002, 0.01874
VNRMSE [Noisy]: 0.096484
Directional error [Noisy]: 0.024761
Divergence [Noisy]: 0.070040
Total avg
Relative error [Fluid] 89.3
Relative error [Bound] 90.2
Relative error [Core] 88.9
Absolute error [Fluid] 0.8305
Absolute error [Bound] 0.6926
Absolute error [Core] 0.8858
Absolute error [Non-F] 0.0000
R.M.S.   error [Fluid] 0.9309
R.M.S.   error [Bound] 0.7966
R.M.S.   error [Core] 0.9797
R.M.S.   error [Non-F] 0.0000
[Iteration 25] total_loss=0.1656, data_loss=0.1655, ref_loss=0.0000, physics_loss=3.8719E-01, it_time=0.00069 s total_time=0.0 min
[Iteration 50] total_loss=0.1284, data_loss=0.1284, ref_loss=0.0000, physics_loss=5.0788E-01, it_time=0.00069 s total_time=0.0 min
[Iteration 75] total_loss=0.0970, data_loss=0.0969, ref_loss=0.0000, physics_loss=5.7702E-01, it_time=0.00069 s total_time=0.0 min
[Iteration 100] total_loss=0.0783, data_loss=0.0781, ref_loss=0.0000, physics_loss=1.2288E+00, it_time=0.00069 s total_time=0.0 min
[Iteration 125] total_loss=0.0572, data_loss=0.0571, ref_loss=0.0000, physics_loss=1.3997E+00, it_time=0.00102 s total_time=0.1 min
[Iteration 150] total_loss=0.0486, data_loss=0.0485, ref_loss=0.0000, physics_loss=1.7828E+00, it_time=0.00101 s total_time=0.1 min
[Iteration 175] total_loss=0.0407, data_loss=0.0406, ref_loss=0.0000, physics_loss=1.8696E+00, it_time=0.00068 s total_time=0.1 min
[Iteration 200] total_loss=0.0371, data_loss=0.0369, ref_loss=0.0000, physics_loss=1.6107E+00, it_time=0.00068 s total_time=0.1 min
[Iteration 225] total_loss=0.0352, data_loss=0.0350, ref_loss=0.0000, physics_loss=1.2952E+00, it_time=0.00172 s total_time=0.1 min
[Iteration 250] total_loss=0.0317, data_loss=0.0315, ref_loss=0.0000, physics_loss=1.2322E+00, it_time=0.0007 s total_time=0.1 min
[Iteration 275] total_loss=0.0352, data_loss=0.0350, ref_loss=0.0000, physics_loss=1.2507E+00, it_time=0.00068 s total_time=0.1 min
[Iteration 300] total_loss=0.0279, data_loss=0.0278, ref_loss=0.0000, physics_loss=1.2079E+00, it_time=0.00069 s total_time=0.1 min
[Iteration 325] total_loss=0.0273, data_loss=0.0272, ref_loss=0.0000, physics_loss=1.3191E+00, it_time=0.00069 s total_time=0.1 min
[Iteration 350] total_loss=0.0290, data_loss=0.0289, ref_loss=0.0000, physics_loss=1.2604E+00, it_time=0.00078 s total_time=0.1 min
[Iteration 375] total_loss=0.0240, data_loss=0.0238, ref_loss=0.0000, physics_loss=1.5220E+00, it_time=0.00207 s total_time=0.1 min
[Iteration 400] total_loss=0.0264, data_loss=0.0262, ref_loss=0.0000, physics_loss=1.7923E+00, it_time=0.00069 s total_time=0.1 min
[Iteration 425] total_loss=0.0224, data_loss=0.0222, ref_loss=0.0000, physics_loss=1.6210E+00, it_time=0.00171 s total_time=0.1 min
[Iteration 450] total_loss=0.0210, data_loss=0.0208, ref_loss=0.0000, physics_loss=1.6628E+00, it_time=0.00069 s total_time=0.1 min
[Iteration 475] total_loss=0.0207, data_loss=0.0205, ref_loss=0.0000, physics_loss=1.5208E+00, it_time=0.00069 s total_time=0.1 min
[Iteration 500] total_loss=0.0255, data_loss=0.0253, ref_loss=0.0000, physics_loss=1.4750E+00, it_time=0.00172 s total_time=0.2 min
Total avg
Relative error [Fluid] 22.1
Relative error [Bound] 41.5
Relative error [Core] 14.3
Absolute error [Fluid] 0.1491
Absolute error [Bound] 0.2402
Absolute error [Core] 0.1124
Absolute error [Non-F] 0.0000
R.M.S.   error [Fluid] 0.1984
R.M.S.   error [Bound] 0.3000
R.M.S.   error [Core] 0.1379
R.M.S.   error [Non-F] 0.0000
[Iteration 525] total_loss=0.0188, data_loss=0.0186, ref_loss=0.0000, physics_loss=1.4978E+00, it_time=0.00069 s total_time=0.2 min
[Iteration 550] total_loss=0.0178, data_loss=0.0177, ref_loss=0.0000, physics_loss=1.5631E+00, it_time=0.00069 s total_time=0.2 min
[Iteration 575] total_loss=0.0208, data_loss=0.0206, ref_loss=0.0000, physics_loss=1.6738E+00, it_time=0.00069 s total_time=0.2 min
[Iteration 600] total_loss=0.0168, data_loss=0.0167, ref_loss=0.0000, physics_loss=1.6386E+00, it_time=0.00093 s total_time=0.2 min
[Iteration 625] total_loss=0.0167, data_loss=0.0166, ref_loss=0.0000, physics_loss=1.6281E+00, it_time=0.00078 s total_time=0.2 min
[Iteration 650] total_loss=0.0158, data_loss=0.0157, ref_loss=0.0000, physics_loss=1.6407E+00, it_time=0.00069 s total_time=0.2 min
[Iteration 675] total_loss=0.0151, data_loss=0.0149, ref_loss=0.0000, physics_loss=1.7806E+00, it_time=0.00148 s total_time=0.2 min
[Iteration 700] total_loss=0.0166, data_loss=0.0164, ref_loss=0.0000, physics_loss=1.8106E+00, it_time=0.0007 s total_time=0.2 min
[Iteration 725] total_loss=0.0142, data_loss=0.0140, ref_loss=0.0000, physics_loss=1.9669E+00, it_time=0.00093 s total_time=0.2 min
[Iteration 750] total_loss=0.0136, data_loss=0.0134, ref_loss=0.0000, physics_loss=2.0543E+00, it_time=0.0007 s total_time=0.2 min
[Iteration 775] total_loss=0.0136, data_loss=0.0134, ref_loss=0.0000, physics_loss=2.0847E+00, it_time=0.00069 s total_time=0.3 min
[Iteration 800] total_loss=0.0136, data_loss=0.0133, ref_loss=0.0000, physics_loss=2.1310E+00, it_time=0.00069 s total_time=0.3 min
[Iteration 825] total_loss=0.0125, data_loss=0.0123, ref_loss=0.0000, physics_loss=2.2149E+00, it_time=0.00068 s total_time=0.3 min
[Iteration 850] total_loss=0.0134, data_loss=0.0131, ref_loss=0.0000, physics_loss=2.2989E+00, it_time=0.00068 s total_time=0.3 min
[Iteration 875] total_loss=0.0119, data_loss=0.0116, ref_loss=0.0000, physics_loss=2.2780E+00, it_time=0.00093 s total_time=0.3 min
[Iteration 900] total_loss=0.0160, data_loss=0.0157, ref_loss=0.0000, physics_loss=3.1471E+00, it_time=0.00151 s total_time=0.3 min
[Iteration 925] total_loss=0.0112, data_loss=0.0109, ref_loss=0.0000, physics_loss=2.1835E+00, it_time=0.00069 s total_time=0.3 min
[Iteration 950] total_loss=0.0107, data_loss=0.0105, ref_loss=0.0000, physics_loss=2.2639E+00, it_time=0.00069 s total_time=0.3 min
[Iteration 975] total_loss=0.0106, data_loss=0.0104, ref_loss=0.0000, physics_loss=2.1669E+00, it_time=0.00185 s total_time=0.3 min
[Iteration 1000] total_loss=0.0102, data_loss=0.0100, ref_loss=0.0000, physics_loss=2.2096E+00, it_time=0.00223 s total_time=0.3 min
Total avg
Relative error [Fluid] 18.7
Relative error [Bound] 39.0
Relative error [Core] 10.5
Absolute error [Fluid] 0.1268
Absolute error [Bound] 0.2262
Absolute error [Core] 0.0869
Absolute error [Non-F] 0.0000
R.M.S.   error [Fluid] 0.1900
R.M.S.   error [Bound] 0.3063
R.M.S.   error [Core] 0.1135
R.M.S.   error [Non-F] 0.0000
Checkpoint saved to ../models/260406_Aomodel_4dsim_V250_div_w_PINN_sweep/260406_Aomodel_4dsim_V250_div_w_PINN_sweep_FFN_1t_20260407-1736/checkpoints/260406_Aomodel_4dsim_V250_div_w_PINN_sweep_FFN_1t_it1000.pth
[Iteration 1025] total_loss=0.0099, data_loss=0.0096, ref_loss=0.0000, physics_loss=2.1757E+00, it_time=0.00173 s total_time=0.3 min
[Iteration 1050] total_loss=0.0108, data_loss=0.0105, ref_loss=0.0000, physics_loss=2.2848E+00, it_time=0.00069 s total_time=0.4 min
[Iteration 1075] total_loss=0.0094, data_loss=0.0092, ref_loss=0.0000, physics_loss=2.0779E+00, it_time=0.00129 s total_time=0.4 min
[Iteration 1100] total_loss=0.0108, data_loss=0.0106, ref_loss=0.0000, physics_loss=2.3203E+00, it_time=0.00068 s total_time=0.4 min
[Iteration 1125] total_loss=0.0093, data_loss=0.0091, ref_loss=0.0000, physics_loss=2.1289E+00, it_time=0.00069 s total_time=0.4 min
[Iteration 1150] total_loss=0.0088, data_loss=0.0086, ref_loss=0.0000, physics_loss=1.9782E+00, it_time=0.00068 s total_time=0.4 min
[Iteration 1175] total_loss=0.0109, data_loss=0.0107, ref_loss=0.0000, physics_loss=1.9220E+00, it_time=0.00078 s total_time=0.4 min
[Iteration 1200] total_loss=0.0087, data_loss=0.0085, ref_loss=0.0000, physics_loss=1.9194E+00, it_time=0.00069 s total_time=0.4 min
[Iteration 1225] total_loss=0.0083, data_loss=0.0081, ref_loss=0.0000, physics_loss=1.8495E+00, it_time=0.00162 s total_time=0.4 min
[Iteration 1250] total_loss=0.0081, data_loss=0.0079, ref_loss=0.0000, physics_loss=1.8630E+00, it_time=0.00068 s total_time=0.4 min
[Iteration 1275] total_loss=0.0079, data_loss=0.0077, ref_loss=0.0000, physics_loss=1.8603E+00, it_time=0.00172 s total_time=0.4 min
[Iteration 1300] total_loss=0.0081, data_loss=0.0079, ref_loss=0.0000, physics_loss=1.9625E+00, it_time=0.00092 s total_time=0.4 min
[Iteration 1325] total_loss=0.0078, data_loss=0.0076, ref_loss=0.0000, physics_loss=1.7665E+00, it_time=0.00069 s total_time=0.4 min
[Iteration 1350] total_loss=0.0076, data_loss=0.0074, ref_loss=0.0000, physics_loss=1.7866E+00, it_time=0.0009 s total_time=0.4 min
[Iteration 1375] total_loss=0.0124, data_loss=0.0121, ref_loss=0.0000, physics_loss=3.3713E+00, it_time=0.00069 s total_time=0.4 min
[Iteration 1400] total_loss=0.0079, data_loss=0.0077, ref_loss=0.0000, physics_loss=1.8846E+00, it_time=0.0007 s total_time=0.5 min
[Iteration 1425] total_loss=0.0073, data_loss=0.0071, ref_loss=0.0000, physics_loss=1.7271E+00, it_time=0.00094 s total_time=0.5 min
[Iteration 1450] total_loss=0.0071, data_loss=0.0069, ref_loss=0.0000, physics_loss=1.7179E+00, it_time=0.00093 s total_time=0.5 min
[Iteration 1475] total_loss=0.0071, data_loss=0.0069, ref_loss=0.0000, physics_loss=1.7387E+00, it_time=0.00202 s total_time=0.5 min
[Iteration 1500] total_loss=0.0071, data_loss=0.0069, ref_loss=0.0000, physics_loss=1.7352E+00, it_time=0.0007 s total_time=0.5 min
Total avg
Relative error [Fluid] 18.3
Relative error [Bound] 39.1
Relative error [Core] 9.9
Absolute error [Fluid] 0.1248
Absolute error [Bound] 0.2316
Absolute error [Core] 0.0819
Absolute error [Non-F] 0.0000
R.M.S.   error [Fluid] 0.1934
R.M.S.   error [Bound] 0.3189
R.M.S.   error [Core] 0.1074
R.M.S.   error [Non-F] 0.0000
[Iteration 1525] total_loss=0.0068, data_loss=0.0066, ref_loss=0.0000, physics_loss=1.6753E+00, it_time=0.00069 s total_time=0.5 min
[Iteration 1550] total_loss=0.0067, data_loss=0.0065, ref_loss=0.0000, physics_loss=1.6558E+00, it_time=0.0018 s total_time=0.5 min
[Iteration 1575] total_loss=0.0066, data_loss=0.0065, ref_loss=0.0000, physics_loss=1.6618E+00, it_time=0.00069 s total_time=0.5 min
[Iteration 1600] total_loss=0.0066, data_loss=0.0064, ref_loss=0.0000, physics_loss=1.6073E+00, it_time=0.00069 s total_time=0.5 min
[Iteration 1625] total_loss=0.0076, data_loss=0.0074, ref_loss=0.0000, physics_loss=1.9853E+00, it_time=0.00068 s total_time=0.5 min
[Iteration 1650] total_loss=0.0065, data_loss=0.0064, ref_loss=0.0000, physics_loss=1.5972E+00, it_time=0.00069 s total_time=0.5 min
[Iteration 1675] total_loss=0.0064, data_loss=0.0063, ref_loss=0.0000, physics_loss=1.6114E+00, it_time=0.00068 s total_time=0.5 min
[Iteration 1700] total_loss=0.0063, data_loss=0.0061, ref_loss=0.0000, physics_loss=1.5351E+00, it_time=0.00069 s total_time=0.6 min
[Iteration 1725] total_loss=0.0067, data_loss=0.0065, ref_loss=0.0000, physics_loss=1.6791E+00, it_time=0.00092 s total_time=0.6 min
[Iteration 1750] total_loss=0.0091, data_loss=0.0089, ref_loss=0.0000, physics_loss=2.5789E+00, it_time=0.0007 s total_time=0.6 min
[Iteration 1775] total_loss=0.0064, data_loss=0.0062, ref_loss=0.0000, physics_loss=1.5843E+00, it_time=0.00068 s total_time=0.6 min
[Iteration 1800] total_loss=0.0060, data_loss=0.0059, ref_loss=0.0000, physics_loss=1.5214E+00, it_time=0.00223 s total_time=0.6 min
[Iteration 1825] total_loss=0.0059, data_loss=0.0057, ref_loss=0.0000, physics_loss=1.5121E+00, it_time=0.00068 s total_time=0.6 min
[Iteration 1850] total_loss=0.0058, data_loss=0.0057, ref_loss=0.0000, physics_loss=1.5240E+00, it_time=0.00068 s total_time=0.6 min
[Iteration 1875] total_loss=0.0065, data_loss=0.0064, ref_loss=0.0000, physics_loss=1.7723E+00, it_time=0.00195 s total_time=0.6 min
[Iteration 1900] total_loss=0.0057, data_loss=0.0056, ref_loss=0.0000, physics_loss=1.5472E+00, it_time=0.00078 s total_time=0.6 min
[Iteration 1925] total_loss=0.0057, data_loss=0.0056, ref_loss=0.0000, physics_loss=1.7469E+00, it_time=0.00069 s total_time=0.6 min
[Iteration 1950] total_loss=0.0056, data_loss=0.0054, ref_loss=0.0000, physics_loss=1.5365E+00, it_time=0.00069 s total_time=0.6 min
[Iteration 1975] total_loss=0.0058, data_loss=0.0057, ref_loss=0.0000, physics_loss=1.5854E+00, it_time=0.00069 s total_time=0.6 min
[Iteration 2000] total_loss=0.0055, data_loss=0.0053, ref_loss=0.0000, physics_loss=1.4709E+00, it_time=0.00069 s total_time=0.6 min
Total avg
Relative error [Fluid] 18.0
Relative error [Bound] 39.1
Relative error [Core] 9.5
Absolute error [Fluid] 0.1239
Absolute error [Bound] 0.2348
Absolute error [Core] 0.0793
Absolute error [Non-F] 0.0000
R.M.S.   error [Fluid] 0.1948
R.M.S.   error [Bound] 0.3249
R.M.S.   error [Core] 0.1037
R.M.S.   error [Non-F] 0.0000
Checkpoint saved to ../models/260406_Aomodel_4dsim_V250_div_w_PINN_sweep/260406_Aomodel_4dsim_V250_div_w_PINN_sweep_FFN_1t_20260407-1736/checkpoints/260406_Aomodel_4dsim_V250_div_w_PINN_sweep_FFN_1t_it2000.pth
[Iteration 2025] total_loss=0.0053, data_loss=0.0052, ref_loss=0.0000, physics_loss=1.4078E+00, it_time=0.00093 s total_time=0.7 min
[Iteration 2050] total_loss=0.0053, data_loss=0.0052, ref_loss=0.0000, physics_loss=1.4489E+00, it_time=0.0007 s total_time=0.7 min
[Iteration 2075] total_loss=0.0056, data_loss=0.0055, ref_loss=0.0000, physics_loss=1.5311E+00, it_time=0.00069 s total_time=0.7 min
[Iteration 2100] total_loss=0.0052, data_loss=0.0051, ref_loss=0.0000, physics_loss=1.3857E+00, it_time=0.00195 s total_time=0.7 min
[Iteration 2125] total_loss=0.0052, data_loss=0.0051, ref_loss=0.0000, physics_loss=1.3979E+00, it_time=0.00094 s total_time=0.7 min
[Iteration 2150] total_loss=0.0052, data_loss=0.0050, ref_loss=0.0000, physics_loss=1.4201E+00, it_time=0.0007 s total_time=0.7 min
[Iteration 2175] total_loss=0.0054, data_loss=0.0052, ref_loss=0.0000, physics_loss=1.4415E+00, it_time=0.00069 s total_time=0.7 min
[Iteration 2200] total_loss=0.0050, data_loss=0.0049, ref_loss=0.0000, physics_loss=1.3176E+00, it_time=0.0022 s total_time=0.7 min
[Iteration 2225] total_loss=0.0071, data_loss=0.0067, ref_loss=0.0000, physics_loss=3.2360E+00, it_time=0.00069 s total_time=0.7 min
[Iteration 2250] total_loss=0.0058, data_loss=0.0056, ref_loss=0.0000, physics_loss=1.6826E+00, it_time=0.00069 s total_time=0.7 min
[Iteration 2275] total_loss=0.0051, data_loss=0.0050, ref_loss=0.0000, physics_loss=1.3311E+00, it_time=0.00068 s total_time=0.7 min
[Iteration 2300] total_loss=0.0050, data_loss=0.0048, ref_loss=0.0000, physics_loss=1.2680E+00, it_time=0.00068 s total_time=0.7 min
[Iteration 2325] total_loss=0.0049, data_loss=0.0048, ref_loss=0.0000, physics_loss=1.2546E+00, it_time=0.00069 s total_time=0.8 min
[Iteration 2350] total_loss=0.0049, data_loss=0.0047, ref_loss=0.0000, physics_loss=1.2545E+00, it_time=0.00092 s total_time=0.8 min
[Iteration 2375] total_loss=0.0059, data_loss=0.0057, ref_loss=0.0000, physics_loss=1.6746E+00, it_time=0.00069 s total_time=0.8 min
[Iteration 2400] total_loss=0.0050, data_loss=0.0049, ref_loss=0.0000, physics_loss=1.3775E+00, it_time=0.00199 s total_time=0.8 min
[Iteration 2425] total_loss=0.0048, data_loss=0.0047, ref_loss=0.0000, physics_loss=1.2155E+00, it_time=0.00068 s total_time=0.8 min
[Iteration 2450] total_loss=0.0048, data_loss=0.0046, ref_loss=0.0000, physics_loss=1.2116E+00, it_time=0.0007 s total_time=0.8 min
[Iteration 2475] total_loss=0.0052, data_loss=0.0050, ref_loss=0.0000, physics_loss=1.4219E+00, it_time=0.00069 s total_time=0.8 min
[Iteration 2500] total_loss=0.0047, data_loss=0.0046, ref_loss=0.0000, physics_loss=1.1988E+00, it_time=0.00068 s total_time=0.8 min
Total avg
Relative error [Fluid] 17.7
Relative error [Bound] 38.9
Relative error [Core] 9.2
Absolute error [Fluid] 0.1232
Absolute error [Bound] 0.2369
Absolute error [Core] 0.0775
Absolute error [Non-F] 0.0000
R.M.S.   error [Fluid] 0.1949
R.M.S.   error [Bound] 0.3266
R.M.S.   error [Core] 0.1018
R.M.S.   error [Non-F] 0.0000
[Iteration 2525] total_loss=0.0047, data_loss=0.0046, ref_loss=0.0000, physics_loss=1.1840E+00, it_time=0.00069 s total_time=0.8 min
[Iteration 2550] total_loss=0.0047, data_loss=0.0045, ref_loss=0.0000, physics_loss=1.1792E+00, it_time=0.0007 s total_time=0.8 min
[Iteration 2575] total_loss=0.0047, data_loss=0.0045, ref_loss=0.0000, physics_loss=1.1977E+00, it_time=0.00101 s total_time=0.8 min
[Iteration 2600] total_loss=0.0047, data_loss=0.0046, ref_loss=0.0000, physics_loss=1.3222E+00, it_time=0.00148 s total_time=0.9 min
[Iteration 2625] total_loss=0.0046, data_loss=0.0045, ref_loss=0.0000, physics_loss=1.1502E+00, it_time=0.00097 s total_time=0.9 min
[Iteration 2650] total_loss=0.0048, data_loss=0.0047, ref_loss=0.0000, physics_loss=1.2249E+00, it_time=0.00078 s total_time=0.9 min
[Iteration 2675] total_loss=0.0046, data_loss=0.0045, ref_loss=0.0000, physics_loss=1.1467E+00, it_time=0.00069 s total_time=0.9 min
[Iteration 2700] total_loss=0.0047, data_loss=0.0046, ref_loss=0.0000, physics_loss=1.2730E+00, it_time=0.00069 s total_time=0.9 min
[Iteration 2725] total_loss=0.0046, data_loss=0.0045, ref_loss=0.0000, physics_loss=1.1788E+00, it_time=0.00069 s total_time=0.9 min
[Iteration 2750] total_loss=0.0046, data_loss=0.0045, ref_loss=0.0000, physics_loss=1.1644E+00, it_time=0.00069 s total_time=0.9 min
[Iteration 2775] total_loss=0.0046, data_loss=0.0045, ref_loss=0.0000, physics_loss=1.2148E+00, it_time=0.00068 s total_time=0.9 min
[Iteration 2800] total_loss=0.0048, data_loss=0.0047, ref_loss=0.0000, physics_loss=1.2692E+00, it_time=0.00069 s total_time=0.9 min
[Iteration 2825] total_loss=0.0046, data_loss=0.0045, ref_loss=0.0000, physics_loss=1.1807E+00, it_time=0.00069 s total_time=0.9 min
[Iteration 2850] total_loss=0.0045, data_loss=0.0044, ref_loss=0.0000, physics_loss=1.0968E+00, it_time=0.00069 s total_time=0.9 min
[Iteration 2875] total_loss=0.0044, data_loss=0.0043, ref_loss=0.0000, physics_loss=1.0868E+00, it_time=0.00069 s total_time=0.9 min
[Iteration 2900] total_loss=0.0078, data_loss=0.0075, ref_loss=0.0000, physics_loss=3.6098E+00, it_time=0.00078 s total_time=0.9 min
[Iteration 2925] total_loss=0.0049, data_loss=0.0048, ref_loss=0.0000, physics_loss=1.4410E+00, it_time=0.00069 s total_time=0.9 min
[Iteration 2950] total_loss=0.0045, data_loss=0.0044, ref_loss=0.0000, physics_loss=1.0877E+00, it_time=0.00068 s total_time=0.9 min
[Iteration 2975] total_loss=0.0044, data_loss=0.0043, ref_loss=0.0000, physics_loss=1.0457E+00, it_time=0.00069 s total_time=1.0 min
[Iteration 3000] total_loss=0.0044, data_loss=0.0043, ref_loss=0.0000, physics_loss=1.0440E+00, it_time=0.00128 s total_time=1.0 min
Total avg
Relative error [Fluid] 17.6
Relative error [Bound] 38.9
Relative error [Core] 9.1
Absolute error [Fluid] 0.1230
Absolute error [Bound] 0.2388
Absolute error [Core] 0.0764
Absolute error [Non-F] 0.0000
R.M.S.   error [Fluid] 0.1962
R.M.S.   error [Bound] 0.3303
R.M.S.   error [Core] 0.1005
R.M.S.   error [Non-F] 0.0000
Checkpoint saved to ../models/260406_Aomodel_4dsim_V250_div_w_PINN_sweep/260406_Aomodel_4dsim_V250_div_w_PINN_sweep_FFN_1t_20260407-1736/checkpoints/260406_Aomodel_4dsim_V250_div_w_PINN_sweep_FFN_1t_it3000.pth
[Iteration 3025] total_loss=0.0044, data_loss=0.0042, ref_loss=0.0000, physics_loss=1.0458E+00, it_time=0.00094 s total_time=1.0 min
[Iteration 3050] total_loss=0.0043, data_loss=0.0042, ref_loss=0.0000, physics_loss=1.0464E+00, it_time=0.00069 s total_time=1.0 min
[Iteration 3075] total_loss=0.0043, data_loss=0.0042, ref_loss=0.0000, physics_loss=1.0462E+00, it_time=0.00067 s total_time=1.0 min
[Iteration 3100] total_loss=0.0043, data_loss=0.0042, ref_loss=0.0000, physics_loss=1.0444E+00, it_time=0.00069 s total_time=1.0 min
[Iteration 3125] total_loss=0.0044, data_loss=0.0043, ref_loss=0.0000, physics_loss=1.1593E+00, it_time=0.00069 s total_time=1.0 min
[Iteration 3150] total_loss=0.0043, data_loss=0.0042, ref_loss=0.0000, physics_loss=1.0323E+00, it_time=0.00069 s total_time=1.0 min
[Iteration 3175] total_loss=0.0045, data_loss=0.0044, ref_loss=0.0000, physics_loss=1.1606E+00, it_time=0.00164 s total_time=1.0 min
[Iteration 3200] total_loss=0.0043, data_loss=0.0042, ref_loss=0.0000, physics_loss=1.1111E+00, it_time=0.00069 s total_time=1.0 min
[Iteration 3225] total_loss=0.0042, data_loss=0.0041, ref_loss=0.0000, physics_loss=1.0530E+00, it_time=0.00068 s total_time=1.1 min
[Iteration 3250] total_loss=0.0045, data_loss=0.0044, ref_loss=0.0000, physics_loss=1.2684E+00, it_time=0.00069 s total_time=1.1 min
[Iteration 3275] total_loss=0.0043, data_loss=0.0042, ref_loss=0.0000, physics_loss=1.1225E+00, it_time=0.00069 s total_time=1.1 min
[Iteration 3300] total_loss=0.0042, data_loss=0.0041, ref_loss=0.0000, physics_loss=1.1159E+00, it_time=0.00068 s total_time=1.1 min
[Iteration 3325] total_loss=0.0042, data_loss=0.0041, ref_loss=0.0000, physics_loss=1.0376E+00, it_time=0.00196 s total_time=1.1 min
[Iteration 3350] total_loss=0.0042, data_loss=0.0041, ref_loss=0.0000, physics_loss=1.0483E+00, it_time=0.00078 s total_time=1.1 min
[Iteration 3375] total_loss=0.0042, data_loss=0.0041, ref_loss=0.0000, physics_loss=1.0807E+00, it_time=0.00068 s total_time=1.1 min
[Iteration 3400] total_loss=0.0042, data_loss=0.0041, ref_loss=0.0000, physics_loss=1.0434E+00, it_time=0.00182 s total_time=1.1 min
[Iteration 3425] total_loss=0.0084, data_loss=0.0078, ref_loss=0.0000, physics_loss=5.9434E+00, it_time=0.00093 s total_time=1.1 min
[Iteration 3450] total_loss=0.0049, data_loss=0.0047, ref_loss=0.0000, physics_loss=1.7100E+00, it_time=0.00069 s total_time=1.1 min
[Iteration 3475] total_loss=0.0042, data_loss=0.0041, ref_loss=0.0000, physics_loss=1.0150E+00, it_time=0.00199 s total_time=1.1 min
[Iteration 3500] total_loss=0.0041, data_loss=0.0040, ref_loss=0.0000, physics_loss=9.7478E-01, it_time=0.0007 s total_time=1.1 min
Total avg
Relative error [Fluid] 17.6
Relative error [Bound] 38.9
Relative error [Core] 9.0
Absolute error [Fluid] 0.1229
Absolute error [Bound] 0.2393
Absolute error [Core] 0.0761
Absolute error [Non-F] 0.0000
R.M.S.   error [Fluid] 0.1963
R.M.S.   error [Bound] 0.3310
R.M.S.   error [Core] 0.0999
R.M.S.   error [Non-F] 0.0000
Final model saved to ../models/260406_Aomodel_4dsim_V250_div_w_PINN_sweep/260406_Aomodel_4dsim_V250_div_w_PINN_sweep_FFN_1t_20260407-1736/260406_Aomodel_4dsim_V250_div_w_PINN_sweep_FFN_1t_final.pth
Starting script
Copying source code to model directory...
Loaded resolution from file: 0.002, 0.002, 0.002, 0.01874
VNRMSE [Noisy]: 0.096484
Directional error [Noisy]: 0.024761
Divergence [Noisy]: 0.070040
Total avg
Relative error [Fluid] 89.3
Relative error [Bound] 90.2
Relative error [Core] 88.9
Absolute error [Fluid] 0.8305
Absolute error [Bound] 0.6926
Absolute error [Core] 0.8858
Absolute error [Non-F] 0.0000
R.M.S.   error [Fluid] 0.9309
R.M.S.   error [Bound] 0.7966
R.M.S.   error [Core] 0.9797
R.M.S.   error [Non-F] 0.0000
[Iteration 25] total_loss=0.1658, data_loss=0.1656, ref_loss=0.0000, physics_loss=3.7210E-01, it_time=0.00069 s total_time=0.0 min
[Iteration 50] total_loss=0.1285, data_loss=0.1283, ref_loss=0.0000, physics_loss=4.4848E-01, it_time=0.00069 s total_time=0.0 min
[Iteration 75] total_loss=0.0987, data_loss=0.0984, ref_loss=0.0000, physics_loss=5.2212E-01, it_time=0.00069 s total_time=0.0 min
[Iteration 100] total_loss=0.0804, data_loss=0.0799, ref_loss=0.0000, physics_loss=1.0325E+00, it_time=0.00069 s total_time=0.1 min
[Iteration 125] total_loss=0.0595, data_loss=0.0589, ref_loss=0.0000, physics_loss=1.1727E+00, it_time=0.00151 s total_time=0.1 min
[Iteration 150] total_loss=0.0455, data_loss=0.0449, ref_loss=0.0000, physics_loss=1.2488E+00, it_time=0.00092 s total_time=0.1 min
[Iteration 175] total_loss=0.0407, data_loss=0.0401, ref_loss=0.0000, physics_loss=1.1020E+00, it_time=0.0007 s total_time=0.1 min
[Iteration 200] total_loss=0.0366, data_loss=0.0361, ref_loss=0.0000, physics_loss=9.2342E-01, it_time=0.0016 s total_time=0.1 min
[Iteration 225] total_loss=0.0382, data_loss=0.0378, ref_loss=0.0000, physics_loss=7.6222E-01, it_time=0.00102 s total_time=0.1 min
[Iteration 250] total_loss=0.0313, data_loss=0.0310, ref_loss=0.0000, physics_loss=7.4841E-01, it_time=0.00069 s total_time=0.1 min
[Iteration 275] total_loss=0.0293, data_loss=0.0289, ref_loss=0.0000, physics_loss=7.2903E-01, it_time=0.00068 s total_time=0.1 min
[Iteration 300] total_loss=0.0272, data_loss=0.0269, ref_loss=0.0000, physics_loss=7.8288E-01, it_time=0.00069 s total_time=0.1 min
[Iteration 325] total_loss=0.0266, data_loss=0.0262, ref_loss=0.0000, physics_loss=7.6285E-01, it_time=0.00069 s total_time=0.1 min
[Iteration 350] total_loss=0.0249, data_loss=0.0245, ref_loss=0.0000, physics_loss=8.7874E-01, it_time=0.00069 s total_time=0.1 min
[Iteration 375] total_loss=0.0236, data_loss=0.0232, ref_loss=0.0000, physics_loss=8.5272E-01, it_time=0.00093 s total_time=0.1 min
[Iteration 400] total_loss=0.0239, data_loss=0.0234, ref_loss=0.0000, physics_loss=8.5877E-01, it_time=0.00069 s total_time=0.1 min
[Iteration 425] total_loss=0.0272, data_loss=0.0267, ref_loss=0.0000, physics_loss=9.0061E-01, it_time=0.00084 s total_time=0.1 min
[Iteration 450] total_loss=0.0209, data_loss=0.0205, ref_loss=0.0000, physics_loss=7.6590E-01, it_time=0.00078 s total_time=0.1 min
[Iteration 475] total_loss=0.0207, data_loss=0.0204, ref_loss=0.0000, physics_loss=7.6321E-01, it_time=0.00147 s total_time=0.2 min
[Iteration 500] total_loss=0.0227, data_loss=0.0223, ref_loss=0.0000, physics_loss=8.1907E-01, it_time=0.00069 s total_time=0.2 min
Total avg
Relative error [Fluid] 23.1
Relative error [Bound] 42.7
Relative error [Core] 15.2
Absolute error [Fluid] 0.1646
Absolute error [Bound] 0.2547
Absolute error [Core] 0.1283
Absolute error [Non-F] 0.0000
R.M.S.   error [Fluid] 0.2108
R.M.S.   error [Bound] 0.3012
R.M.S.   error [Core] 0.1606
R.M.S.   error [Non-F] 0.0000
[Iteration 525] total_loss=0.0189, data_loss=0.0185, ref_loss=0.0000, physics_loss=7.5560E-01, it_time=0.00069 s total_time=0.2 min
[Iteration 550] total_loss=0.0181, data_loss=0.0177, ref_loss=0.0000, physics_loss=7.9710E-01, it_time=0.00069 s total_time=0.2 min
[Iteration 575] total_loss=0.0181, data_loss=0.0177, ref_loss=0.0000, physics_loss=8.4779E-01, it_time=0.00069 s total_time=0.2 min
[Iteration 600] total_loss=0.0170, data_loss=0.0166, ref_loss=0.0000, physics_loss=8.0644E-01, it_time=0.00093 s total_time=0.2 min
[Iteration 625] total_loss=0.0178, data_loss=0.0174, ref_loss=0.0000, physics_loss=8.5642E-01, it_time=0.00069 s total_time=0.2 min
[Iteration 650] total_loss=0.0163, data_loss=0.0159, ref_loss=0.0000, physics_loss=8.1725E-01, it_time=0.00069 s total_time=0.2 min
[Iteration 675] total_loss=0.0157, data_loss=0.0153, ref_loss=0.0000, physics_loss=8.0733E-01, it_time=0.00093 s total_time=0.2 min
[Iteration 700] total_loss=0.0157, data_loss=0.0152, ref_loss=0.0000, physics_loss=8.5356E-01, it_time=0.00069 s total_time=0.2 min
[Iteration 725] total_loss=0.0174, data_loss=0.0168, ref_loss=0.0000, physics_loss=1.1264E+00, it_time=0.00069 s total_time=0.2 min
[Iteration 750] total_loss=0.0145, data_loss=0.0141, ref_loss=0.0000, physics_loss=8.2113E-01, it_time=0.00102 s total_time=0.2 min
[Iteration 775] total_loss=0.0142, data_loss=0.0138, ref_loss=0.0000, physics_loss=8.1129E-01, it_time=0.00069 s total_time=0.3 min
[Iteration 800] total_loss=0.0151, data_loss=0.0146, ref_loss=0.0000, physics_loss=1.0058E+00, it_time=0.00069 s total_time=0.3 min
[Iteration 825] total_loss=0.0132, data_loss=0.0128, ref_loss=0.0000, physics_loss=8.1386E-01, it_time=0.00069 s total_time=0.3 min
[Iteration 850] total_loss=0.0134, data_loss=0.0130, ref_loss=0.0000, physics_loss=8.2645E-01, it_time=0.00093 s total_time=0.3 min
[Iteration 875] total_loss=0.0126, data_loss=0.0122, ref_loss=0.0000, physics_loss=8.4219E-01, it_time=0.00069 s total_time=0.3 min
[Iteration 900] total_loss=0.0123, data_loss=0.0119, ref_loss=0.0000, physics_loss=8.2098E-01, it_time=0.00069 s total_time=0.3 min
[Iteration 925] total_loss=0.0128, data_loss=0.0123, ref_loss=0.0000, physics_loss=8.7379E-01, it_time=0.00069 s total_time=0.3 min
[Iteration 950] total_loss=0.0115, data_loss=0.0111, ref_loss=0.0000, physics_loss=8.3753E-01, it_time=0.00187 s total_time=0.3 min
[Iteration 975] total_loss=0.0118, data_loss=0.0113, ref_loss=0.0000, physics_loss=9.0762E-01, it_time=0.00069 s total_time=0.3 min
[Iteration 1000] total_loss=0.0109, data_loss=0.0105, ref_loss=0.0000, physics_loss=7.8245E-01, it_time=0.00093 s total_time=0.3 min
Total avg
Relative error [Fluid] 18.7
Relative error [Bound] 38.6
Relative error [Core] 10.7
Absolute error [Fluid] 0.1260
Absolute error [Bound] 0.2196
Absolute error [Core] 0.0883
Absolute error [Non-F] 0.0000
R.M.S.   error [Fluid] 0.1842
R.M.S.   error [Bound] 0.2921
R.M.S.   error [Core] 0.1151
R.M.S.   error [Non-F] 0.0000
Checkpoint saved to ../models/260406_Aomodel_4dsim_V250_div_w_PINN_sweep/260406_Aomodel_4dsim_V250_div_w_PINN_sweep_FFN_1t_20260407-1737/checkpoints/260406_Aomodel_4dsim_V250_div_w_PINN_sweep_FFN_1t_it1000.pth
[Iteration 1025] total_loss=0.0105, data_loss=0.0101, ref_loss=0.0000, physics_loss=7.8556E-01, it_time=0.00223 s total_time=0.3 min
[Iteration 1050] total_loss=0.0103, data_loss=0.0099, ref_loss=0.0000, physics_loss=7.7632E-01, it_time=0.00093 s total_time=0.3 min
[Iteration 1075] total_loss=0.0128, data_loss=0.0123, ref_loss=0.0000, physics_loss=1.1495E+00, it_time=0.00069 s total_time=0.4 min
[Iteration 1100] total_loss=0.0101, data_loss=0.0096, ref_loss=0.0000, physics_loss=8.2750E-01, it_time=0.00069 s total_time=0.4 min
[Iteration 1125] total_loss=0.0096, data_loss=0.0093, ref_loss=0.0000, physics_loss=7.4162E-01, it_time=0.00069 s total_time=0.4 min
[Iteration 1150] total_loss=0.0099, data_loss=0.0095, ref_loss=0.0000, physics_loss=7.9489E-01, it_time=0.00069 s total_time=0.4 min
[Iteration 1175] total_loss=0.0092, data_loss=0.0088, ref_loss=0.0000, physics_loss=7.1312E-01, it_time=0.00069 s total_time=0.4 min
[Iteration 1200] total_loss=0.0133, data_loss=0.0128, ref_loss=0.0000, physics_loss=1.0453E+00, it_time=0.00078 s total_time=0.4 min
[Iteration 1225] total_loss=0.0090, data_loss=0.0087, ref_loss=0.0000, physics_loss=7.0592E-01, it_time=0.00173 s total_time=0.4 min
[Iteration 1250] total_loss=0.0090, data_loss=0.0086, ref_loss=0.0000, physics_loss=7.1853E-01, it_time=0.00069 s total_time=0.4 min
[Iteration 1275] total_loss=0.0085, data_loss=0.0082, ref_loss=0.0000, physics_loss=6.7670E-01, it_time=0.00069 s total_time=0.4 min
[Iteration 1300] total_loss=0.0084, data_loss=0.0081, ref_loss=0.0000, physics_loss=6.6537E-01, it_time=0.00071 s total_time=0.4 min
[Iteration 1325] total_loss=0.0085, data_loss=0.0081, ref_loss=0.0000, physics_loss=7.4009E-01, it_time=0.00069 s total_time=0.4 min
[Iteration 1350] total_loss=0.0082, data_loss=0.0079, ref_loss=0.0000, physics_loss=6.6222E-01, it_time=0.00093 s total_time=0.4 min
[Iteration 1375] total_loss=0.0080, data_loss=0.0077, ref_loss=0.0000, physics_loss=6.6448E-01, it_time=0.00069 s total_time=0.4 min
[Iteration 1400] total_loss=0.0098, data_loss=0.0094, ref_loss=0.0000, physics_loss=8.3283E-01, it_time=0.00069 s total_time=0.4 min
[Iteration 1425] total_loss=0.0079, data_loss=0.0076, ref_loss=0.0000, physics_loss=6.1579E-01, it_time=0.00078 s total_time=0.4 min
[Iteration 1450] total_loss=0.0076, data_loss=0.0073, ref_loss=0.0000, physics_loss=6.0030E-01, it_time=0.00069 s total_time=0.5 min
[Iteration 1475] total_loss=0.0075, data_loss=0.0072, ref_loss=0.0000, physics_loss=6.0398E-01, it_time=0.00069 s total_time=0.5 min
[Iteration 1500] total_loss=0.0078, data_loss=0.0074, ref_loss=0.0000, physics_loss=7.3082E-01, it_time=0.00212 s total_time=0.5 min
Total avg
Relative error [Fluid] 18.6
Relative error [Bound] 39.1
Relative error [Core] 10.3
Absolute error [Fluid] 0.1273
Absolute error [Bound] 0.2306
Absolute error [Core] 0.0858
Absolute error [Non-F] 0.0000
R.M.S.   error [Fluid] 0.1929
R.M.S.   error [Bound] 0.3150
R.M.S.   error [Core] 0.1108
R.M.S.   error [Non-F] 0.0000
[Iteration 1525] total_loss=0.0073, data_loss=0.0070, ref_loss=0.0000, physics_loss=5.9552E-01, it_time=0.00068 s total_time=0.5 min
[Iteration 1550] total_loss=0.0071, data_loss=0.0069, ref_loss=0.0000, physics_loss=5.8440E-01, it_time=0.00069 s total_time=0.5 min
[Iteration 1575] total_loss=0.0072, data_loss=0.0069, ref_loss=0.0000, physics_loss=6.4000E-01, it_time=0.00069 s total_time=0.5 min
[Iteration 1600] total_loss=0.0072, data_loss=0.0069, ref_loss=0.0000, physics_loss=6.5629E-01, it_time=0.00069 s total_time=0.5 min
[Iteration 1625] total_loss=0.0072, data_loss=0.0069, ref_loss=0.0000, physics_loss=7.2311E-01, it_time=0.00069 s total_time=0.5 min
[Iteration 1650] total_loss=0.0072, data_loss=0.0068, ref_loss=0.0000, physics_loss=6.9947E-01, it_time=0.00102 s total_time=0.5 min
[Iteration 1675] total_loss=0.0084, data_loss=0.0079, ref_loss=0.0000, physics_loss=9.2681E-01, it_time=0.00069 s total_time=0.5 min
[Iteration 1700] total_loss=0.0068, data_loss=0.0066, ref_loss=0.0000, physics_loss=5.6626E-01, it_time=0.00069 s total_time=0.5 min
[Iteration 1725] total_loss=0.0066, data_loss=0.0063, ref_loss=0.0000, physics_loss=5.2508E-01, it_time=0.00069 s total_time=0.6 min
[Iteration 1750] total_loss=0.0065, data_loss=0.0062, ref_loss=0.0000, physics_loss=5.2109E-01, it_time=0.00093 s total_time=0.6 min
[Iteration 1775] total_loss=0.0066, data_loss=0.0063, ref_loss=0.0000, physics_loss=5.8411E-01, it_time=0.00222 s total_time=0.6 min
[Iteration 1800] total_loss=0.0064, data_loss=0.0061, ref_loss=0.0000, physics_loss=5.1127E-01, it_time=0.00069 s total_time=0.6 min
[Iteration 1825] total_loss=0.0105, data_loss=0.0099, ref_loss=0.0000, physics_loss=1.1167E+00, it_time=0.00093 s total_time=0.6 min
[Iteration 1850] total_loss=0.0066, data_loss=0.0063, ref_loss=0.0000, physics_loss=5.6095E-01, it_time=0.00069 s total_time=0.6 min
[Iteration 1875] total_loss=0.0063, data_loss=0.0061, ref_loss=0.0000, physics_loss=4.8482E-01, it_time=0.00069 s total_time=0.6 min
[Iteration 1900] total_loss=0.0062, data_loss=0.0060, ref_loss=0.0000, physics_loss=4.7127E-01, it_time=0.00162 s total_time=0.6 min
[Iteration 1925] total_loss=0.0061, data_loss=0.0059, ref_loss=0.0000, physics_loss=4.6874E-01, it_time=0.00069 s total_time=0.6 min
[Iteration 1950] total_loss=0.0060, data_loss=0.0058, ref_loss=0.0000, physics_loss=4.6443E-01, it_time=0.00068 s total_time=0.6 min
[Iteration 1975] total_loss=0.0060, data_loss=0.0057, ref_loss=0.0000, physics_loss=4.5970E-01, it_time=0.00067 s total_time=0.6 min
[Iteration 2000] total_loss=0.0060, data_loss=0.0057, ref_loss=0.0000, physics_loss=4.6906E-01, it_time=0.00069 s total_time=0.6 min
Total avg
Relative error [Fluid] 17.9
Relative error [Bound] 39.0
Relative error [Core] 9.4
Absolute error [Fluid] 0.1229
Absolute error [Bound] 0.2325
Absolute error [Core] 0.0787
Absolute error [Non-F] 0.0000
R.M.S.   error [Fluid] 0.1930
R.M.S.   error [Bound] 0.3213
R.M.S.   error [Core] 0.1036
R.M.S.   error [Non-F] 0.0000
Checkpoint saved to ../models/260406_Aomodel_4dsim_V250_div_w_PINN_sweep/260406_Aomodel_4dsim_V250_div_w_PINN_sweep_FFN_1t_20260407-1737/checkpoints/260406_Aomodel_4dsim_V250_div_w_PINN_sweep_FFN_1t_it2000.pth
[Iteration 2025] total_loss=0.0059, data_loss=0.0056, ref_loss=0.0000, physics_loss=4.4658E-01, it_time=0.00069 s total_time=0.7 min
[Iteration 2050] total_loss=0.0058, data_loss=0.0056, ref_loss=0.0000, physics_loss=4.3924E-01, it_time=0.00203 s total_time=0.7 min
[Iteration 2075] total_loss=0.0058, data_loss=0.0056, ref_loss=0.0000, physics_loss=4.4427E-01, it_time=0.00069 s total_time=0.7 min
[Iteration 2100] total_loss=0.0058, data_loss=0.0056, ref_loss=0.0000, physics_loss=4.4839E-01, it_time=0.00069 s total_time=0.7 min
[Iteration 2125] total_loss=0.0058, data_loss=0.0055, ref_loss=0.0000, physics_loss=4.3812E-01, it_time=0.00106 s total_time=0.7 min
[Iteration 2150] total_loss=0.0061, data_loss=0.0058, ref_loss=0.0000, physics_loss=6.0279E-01, it_time=0.00069 s total_time=0.7 min
[Iteration 2175] total_loss=0.0057, data_loss=0.0055, ref_loss=0.0000, physics_loss=4.8599E-01, it_time=0.00069 s total_time=0.7 min
[Iteration 2200] total_loss=0.0056, data_loss=0.0054, ref_loss=0.0000, physics_loss=4.1479E-01, it_time=0.00069 s total_time=0.7 min
[Iteration 2225] total_loss=0.0056, data_loss=0.0054, ref_loss=0.0000, physics_loss=4.6451E-01, it_time=0.00068 s total_time=0.7 min
[Iteration 2250] total_loss=0.0056, data_loss=0.0054, ref_loss=0.0000, physics_loss=4.8725E-01, it_time=0.00069 s total_time=0.7 min
[Iteration 2275] total_loss=0.0098, data_loss=0.0090, ref_loss=0.0000, physics_loss=1.4886E+00, it_time=0.00069 s total_time=0.7 min
[Iteration 2300] total_loss=0.0060, data_loss=0.0057, ref_loss=0.0000, physics_loss=5.4984E-01, it_time=0.00093 s total_time=0.7 min
[Iteration 2325] total_loss=0.0055, data_loss=0.0053, ref_loss=0.0000, physics_loss=3.9192E-01, it_time=0.00083 s total_time=0.8 min
[Iteration 2350] total_loss=0.0054, data_loss=0.0052, ref_loss=0.0000, physics_loss=3.7014E-01, it_time=0.00068 s total_time=0.8 min
[Iteration 2375] total_loss=0.0054, data_loss=0.0052, ref_loss=0.0000, physics_loss=3.7493E-01, it_time=0.00069 s total_time=0.8 min
[Iteration 2400] total_loss=0.0053, data_loss=0.0051, ref_loss=0.0000, physics_loss=3.6885E-01, it_time=0.00069 s total_time=0.8 min
[Iteration 2425] total_loss=0.0053, data_loss=0.0051, ref_loss=0.0000, physics_loss=3.7603E-01, it_time=0.00133 s total_time=0.8 min
[Iteration 2450] total_loss=0.0053, data_loss=0.0051, ref_loss=0.0000, physics_loss=3.7434E-01, it_time=0.00068 s total_time=0.8 min
[Iteration 2475] total_loss=0.0052, data_loss=0.0050, ref_loss=0.0000, physics_loss=3.6883E-01, it_time=0.00069 s total_time=0.8 min
[Iteration 2500] total_loss=0.0055, data_loss=0.0052, ref_loss=0.0000, physics_loss=4.3869E-01, it_time=0.00092 s total_time=0.8 min
Total avg
Relative error [Fluid] 17.8
Relative error [Bound] 39.0
Relative error [Core] 9.3
Absolute error [Fluid] 0.1233
Absolute error [Bound] 0.2347
Absolute error [Core] 0.0785
Absolute error [Non-F] 0.0000
R.M.S.   error [Fluid] 0.1934
R.M.S.   error [Bound] 0.3228
R.M.S.   error [Core] 0.1028
R.M.S.   error [Non-F] 0.0000
[Iteration 2525] total_loss=0.0052, data_loss=0.0050, ref_loss=0.0000, physics_loss=3.6188E-01, it_time=0.00092 s total_time=0.8 min
[Iteration 2550] total_loss=0.0051, data_loss=0.0049, ref_loss=0.0000, physics_loss=3.5331E-01, it_time=0.00069 s total_time=0.8 min
[Iteration 2575] total_loss=0.0051, data_loss=0.0049, ref_loss=0.0000, physics_loss=3.5059E-01, it_time=0.00069 s total_time=0.8 min
[Iteration 2600] total_loss=0.0052, data_loss=0.0050, ref_loss=0.0000, physics_loss=4.0189E-01, it_time=0.00069 s total_time=0.8 min
[Iteration 2625] total_loss=0.0051, data_loss=0.0049, ref_loss=0.0000, physics_loss=3.4999E-01, it_time=0.00069 s total_time=0.9 min
[Iteration 2650] total_loss=0.0061, data_loss=0.0057, ref_loss=0.0000, physics_loss=7.7647E-01, it_time=0.00069 s total_time=0.9 min
[Iteration 2675] total_loss=0.0051, data_loss=0.0049, ref_loss=0.0000, physics_loss=3.7442E-01, it_time=0.00069 s total_time=0.9 min
[Iteration 2700] total_loss=0.0111, data_loss=0.0099, ref_loss=0.0000, physics_loss=2.2732E+00, it_time=0.00068 s total_time=0.9 min
[Iteration 2725] total_loss=0.0055, data_loss=0.0053, ref_loss=0.0000, physics_loss=4.8906E-01, it_time=0.00069 s total_time=0.9 min
[Iteration 2750] total_loss=0.0051, data_loss=0.0049, ref_loss=0.0000, physics_loss=3.3281E-01, it_time=0.00078 s total_time=0.9 min
[Iteration 2775] total_loss=0.0050, data_loss=0.0048, ref_loss=0.0000, physics_loss=3.1951E-01, it_time=0.00069 s total_time=0.9 min
[Iteration 2800] total_loss=0.0049, data_loss=0.0048, ref_loss=0.0000, physics_loss=3.1921E-01, it_time=0.00079 s total_time=0.9 min
[Iteration 2825] total_loss=0.0049, data_loss=0.0047, ref_loss=0.0000, physics_loss=3.1920E-01, it_time=0.00212 s total_time=0.9 min
[Iteration 2850] total_loss=0.0049, data_loss=0.0047, ref_loss=0.0000, physics_loss=3.1868E-01, it_time=0.00069 s total_time=0.9 min
[Iteration 2875] total_loss=0.0048, data_loss=0.0047, ref_loss=0.0000, physics_loss=3.2482E-01, it_time=0.00069 s total_time=0.9 min
[Iteration 2900] total_loss=0.0048, data_loss=0.0046, ref_loss=0.0000, physics_loss=3.5106E-01, it_time=0.00069 s total_time=0.9 min
[Iteration 2925] total_loss=0.0053, data_loss=0.0050, ref_loss=0.0000, physics_loss=5.4020E-01, it_time=0.00068 s total_time=0.9 min
[Iteration 2950] total_loss=0.0048, data_loss=0.0047, ref_loss=0.0000, physics_loss=3.4414E-01, it_time=0.00093 s total_time=0.9 min
[Iteration 2975] total_loss=0.0047, data_loss=0.0046, ref_loss=0.0000, physics_loss=3.1563E-01, it_time=0.00069 s total_time=1.0 min
[Iteration 3000] total_loss=0.0047, data_loss=0.0046, ref_loss=0.0000, physics_loss=3.2182E-01, it_time=0.00085 s total_time=1.0 min
Total avg
Relative error [Fluid] 17.6
Relative error [Bound] 38.9
Relative error [Core] 9.0
Absolute error [Fluid] 0.1218
Absolute error [Bound] 0.2369
Absolute error [Core] 0.0755
Absolute error [Non-F] 0.0000
R.M.S.   error [Fluid] 0.1944
R.M.S.   error [Bound] 0.3274
R.M.S.   error [Core] 0.0994
R.M.S.   error [Non-F] 0.0000
Checkpoint saved to ../models/260406_Aomodel_4dsim_V250_div_w_PINN_sweep/260406_Aomodel_4dsim_V250_div_w_PINN_sweep_FFN_1t_20260407-1737/checkpoints/260406_Aomodel_4dsim_V250_div_w_PINN_sweep_FFN_1t_it3000.pth
[Iteration 3025] total_loss=0.0053, data_loss=0.0050, ref_loss=0.0000, physics_loss=5.4595E-01, it_time=0.00092 s total_time=1.0 min
[Iteration 3050] total_loss=0.0047, data_loss=0.0046, ref_loss=0.0000, physics_loss=3.2093E-01, it_time=0.00069 s total_time=1.0 min
[Iteration 3075] total_loss=0.0047, data_loss=0.0045, ref_loss=0.0000, physics_loss=3.2199E-01, it_time=0.00069 s total_time=1.0 min
[Iteration 3100] total_loss=0.0046, data_loss=0.0045, ref_loss=0.0000, physics_loss=3.0054E-01, it_time=0.00069 s total_time=1.0 min
[Iteration 3125] total_loss=0.0046, data_loss=0.0044, ref_loss=0.0000, physics_loss=2.9866E-01, it_time=0.00069 s total_time=1.0 min
[Iteration 3150] total_loss=0.0046, data_loss=0.0044, ref_loss=0.0000, physics_loss=2.9719E-01, it_time=0.00069 s total_time=1.0 min
[Iteration 3175] total_loss=0.0047, data_loss=0.0045, ref_loss=0.0000, physics_loss=3.6436E-01, it_time=0.00133 s total_time=1.0 min
[Iteration 3200] total_loss=0.0046, data_loss=0.0044, ref_loss=0.0000, physics_loss=3.3018E-01, it_time=0.00205 s total_time=1.0 min
[Iteration 3225] total_loss=0.0046, data_loss=0.0044, ref_loss=0.0000, physics_loss=3.5311E-01, it_time=0.00154 s total_time=1.0 min
[Iteration 3250] total_loss=0.0045, data_loss=0.0044, ref_loss=0.0000, physics_loss=3.0204E-01, it_time=0.00069 s total_time=1.0 min
[Iteration 3275] total_loss=0.0048, data_loss=0.0046, ref_loss=0.0000, physics_loss=4.1714E-01, it_time=0.00069 s total_time=1.1 min
[Iteration 3300] total_loss=0.0045, data_loss=0.0044, ref_loss=0.0000, physics_loss=3.2301E-01, it_time=0.00069 s total_time=1.1 min
[Iteration 3325] total_loss=0.0046, data_loss=0.0044, ref_loss=0.0000, physics_loss=3.2945E-01, it_time=0.00069 s total_time=1.1 min
[Iteration 3350] total_loss=0.0097, data_loss=0.0087, ref_loss=0.0000, physics_loss=1.9093E+00, it_time=0.00069 s total_time=1.1 min
[Iteration 3375] total_loss=0.0054, data_loss=0.0050, ref_loss=0.0000, physics_loss=6.7385E-01, it_time=0.00069 s total_time=1.1 min
[Iteration 3400] total_loss=0.0046, data_loss=0.0045, ref_loss=0.0000, physics_loss=3.0184E-01, it_time=0.00068 s total_time=1.1 min
[Iteration 3425] total_loss=0.0045, data_loss=0.0044, ref_loss=0.0000, physics_loss=2.6940E-01, it_time=0.00069 s total_time=1.1 min
[Iteration 3450] total_loss=0.0044, data_loss=0.0043, ref_loss=0.0000, physics_loss=2.6486E-01, it_time=0.00194 s total_time=1.1 min
[Iteration 3475] total_loss=0.0044, data_loss=0.0043, ref_loss=0.0000, physics_loss=2.6441E-01, it_time=0.00069 s total_time=1.1 min
[Iteration 3500] total_loss=0.0044, data_loss=0.0043, ref_loss=0.0000, physics_loss=2.6407E-01, it_time=0.00069 s total_time=1.1 min
Total avg
Relative error [Fluid] 17.4
Relative error [Bound] 38.7
Relative error [Core] 8.9
Absolute error [Fluid] 0.1218
Absolute error [Bound] 0.2373
Absolute error [Core] 0.0753
Absolute error [Non-F] 0.0000
R.M.S.   error [Fluid] 0.1953
R.M.S.   error [Bound] 0.3294
R.M.S.   error [Core] 0.0993
R.M.S.   error [Non-F] 0.0000
Final model saved to ../models/260406_Aomodel_4dsim_V250_div_w_PINN_sweep/260406_Aomodel_4dsim_V250_div_w_PINN_sweep_FFN_1t_20260407-1737/260406_Aomodel_4dsim_V250_div_w_PINN_sweep_FFN_1t_final.pth
Starting script
Copying source code to model directory...
Loaded resolution from file: 0.002, 0.002, 0.002, 0.01874
VNRMSE [Noisy]: 0.096484
Directional error [Noisy]: 0.024761
Divergence [Noisy]: 0.070040
Total avg
Relative error [Fluid] 89.3
Relative error [Bound] 90.2
Relative error [Core] 88.9
Absolute error [Fluid] 0.8305
Absolute error [Bound] 0.6926
Absolute error [Core] 0.8858
Absolute error [Non-F] 0.0000
R.M.S.   error [Fluid] 0.9309
R.M.S.   error [Bound] 0.7966
R.M.S.   error [Core] 0.9797
R.M.S.   error [Non-F] 0.0000
[Iteration 25] total_loss=0.1660, data_loss=0.1657, ref_loss=0.0000, physics_loss=3.5521E-01, it_time=0.00069 s total_time=0.0 min
[Iteration 50] total_loss=0.1285, data_loss=0.1281, ref_loss=0.0000, physics_loss=3.9181E-01, it_time=0.00164 s total_time=0.0 min
[Iteration 75] total_loss=0.0973, data_loss=0.0968, ref_loss=0.0000, physics_loss=4.6963E-01, it_time=0.00069 s total_time=0.0 min
[Iteration 100] total_loss=0.0700, data_loss=0.0693, ref_loss=0.0000, physics_loss=7.2376E-01, it_time=0.00069 s total_time=0.1 min
[Iteration 125] total_loss=0.0546, data_loss=0.0537, ref_loss=0.0000, physics_loss=8.4396E-01, it_time=0.00069 s total_time=0.1 min
[Iteration 150] total_loss=0.0463, data_loss=0.0453, ref_loss=0.0000, physics_loss=9.2446E-01, it_time=0.00069 s total_time=0.1 min
[Iteration 175] total_loss=0.0412, data_loss=0.0405, ref_loss=0.0000, physics_loss=7.5300E-01, it_time=0.00069 s total_time=0.1 min
[Iteration 200] total_loss=0.0371, data_loss=0.0365, ref_loss=0.0000, physics_loss=6.2782E-01, it_time=0.00069 s total_time=0.1 min
[Iteration 225] total_loss=0.0371, data_loss=0.0366, ref_loss=0.0000, physics_loss=5.3277E-01, it_time=0.0007 s total_time=0.1 min
[Iteration 250] total_loss=0.0318, data_loss=0.0312, ref_loss=0.0000, physics_loss=5.5538E-01, it_time=0.0015 s total_time=0.1 min
[Iteration 275] total_loss=0.0296, data_loss=0.0290, ref_loss=0.0000, physics_loss=5.4688E-01, it_time=0.00173 s total_time=0.1 min
[Iteration 300] total_loss=0.0327, data_loss=0.0320, ref_loss=0.0000, physics_loss=6.3625E-01, it_time=0.00069 s total_time=0.1 min
[Iteration 325] total_loss=0.0278, data_loss=0.0272, ref_loss=0.0000, physics_loss=5.4292E-01, it_time=0.00069 s total_time=0.1 min
[Iteration 350] total_loss=0.0255, data_loss=0.0249, ref_loss=0.0000, physics_loss=6.0075E-01, it_time=0.00069 s total_time=0.1 min
[Iteration 375] total_loss=0.0241, data_loss=0.0235, ref_loss=0.0000, physics_loss=6.1554E-01, it_time=0.0007 s total_time=0.1 min
[Iteration 400] total_loss=0.0262, data_loss=0.0256, ref_loss=0.0000, physics_loss=6.1211E-01, it_time=0.00069 s total_time=0.1 min
[Iteration 425] total_loss=0.0226, data_loss=0.0220, ref_loss=0.0000, physics_loss=5.4452E-01, it_time=0.00069 s total_time=0.1 min
[Iteration 450] total_loss=0.0214, data_loss=0.0209, ref_loss=0.0000, physics_loss=5.3596E-01, it_time=0.00093 s total_time=0.1 min
[Iteration 475] total_loss=0.0228, data_loss=0.0223, ref_loss=0.0000, physics_loss=5.7603E-01, it_time=0.00198 s total_time=0.2 min
[Iteration 500] total_loss=0.0201, data_loss=0.0196, ref_loss=0.0000, physics_loss=5.0252E-01, it_time=0.00069 s total_time=0.2 min
Total avg
Relative error [Fluid] 20.8
Relative error [Bound] 40.8
Relative error [Core] 12.7
Absolute error [Fluid] 0.1402
Absolute error [Bound] 0.2324
Absolute error [Core] 0.1031
Absolute error [Non-F] 0.0000
R.M.S.   error [Fluid] 0.1884
R.M.S.   error [Bound] 0.2849
R.M.S.   error [Core] 0.1309
R.M.S.   error [Non-F] 0.0000
[Iteration 525] total_loss=0.0200, data_loss=0.0194, ref_loss=0.0000, physics_loss=5.3063E-01, it_time=0.00224 s total_time=0.2 min
[Iteration 550] total_loss=0.0192, data_loss=0.0187, ref_loss=0.0000, physics_loss=5.3723E-01, it_time=0.00069 s total_time=0.2 min
[Iteration 575] total_loss=0.0180, data_loss=0.0175, ref_loss=0.0000, physics_loss=5.1647E-01, it_time=0.00069 s total_time=0.2 min
[Iteration 600] total_loss=0.0174, data_loss=0.0169, ref_loss=0.0000, physics_loss=5.2392E-01, it_time=0.00069 s total_time=0.2 min
[Iteration 625] total_loss=0.0185, data_loss=0.0179, ref_loss=0.0000, physics_loss=5.8427E-01, it_time=0.00069 s total_time=0.2 min
[Iteration 650] total_loss=0.0167, data_loss=0.0162, ref_loss=0.0000, physics_loss=5.0998E-01, it_time=0.00055 s total_time=0.2 min
[Iteration 675] total_loss=0.0162, data_loss=0.0157, ref_loss=0.0000, physics_loss=5.0895E-01, it_time=0.00069 s total_time=0.2 min
[Iteration 700] total_loss=0.0190, data_loss=0.0185, ref_loss=0.0000, physics_loss=5.1829E-01, it_time=0.00066 s total_time=0.2 min
[Iteration 725] total_loss=0.0155, data_loss=0.0150, ref_loss=0.0000, physics_loss=5.0414E-01, it_time=0.00068 s total_time=0.2 min
[Iteration 750] total_loss=0.0151, data_loss=0.0146, ref_loss=0.0000, physics_loss=5.0697E-01, it_time=0.00184 s total_time=0.2 min
[Iteration 775] total_loss=0.0150, data_loss=0.0145, ref_loss=0.0000, physics_loss=4.8693E-01, it_time=0.00069 s total_time=0.3 min
[Iteration 800] total_loss=0.0142, data_loss=0.0137, ref_loss=0.0000, physics_loss=4.8545E-01, it_time=0.00085 s total_time=0.3 min
[Iteration 825] total_loss=0.0190, data_loss=0.0176, ref_loss=0.0000, physics_loss=1.3814E+00, it_time=0.00246 s total_time=0.3 min
[Iteration 850] total_loss=0.0147, data_loss=0.0142, ref_loss=0.0000, physics_loss=4.9148E-01, it_time=0.00078 s total_time=0.3 min
[Iteration 875] total_loss=0.0133, data_loss=0.0128, ref_loss=0.0000, physics_loss=4.8608E-01, it_time=0.00078 s total_time=0.3 min
[Iteration 900] total_loss=0.0128, data_loss=0.0123, ref_loss=0.0000, physics_loss=4.8667E-01, it_time=0.00069 s total_time=0.3 min
[Iteration 925] total_loss=0.0171, data_loss=0.0155, ref_loss=0.0000, physics_loss=1.5835E+00, it_time=0.00069 s total_time=0.3 min
[Iteration 950] total_loss=0.0125, data_loss=0.0120, ref_loss=0.0000, physics_loss=5.3055E-01, it_time=0.00069 s total_time=0.3 min
[Iteration 975] total_loss=0.0119, data_loss=0.0114, ref_loss=0.0000, physics_loss=4.8168E-01, it_time=0.00093 s total_time=0.3 min
[Iteration 1000] total_loss=0.0141, data_loss=0.0135, ref_loss=0.0000, physics_loss=5.6098E-01, it_time=0.00078 s total_time=0.3 min
Total avg
Relative error [Fluid] 18.9
Relative error [Bound] 39.2
Relative error [Core] 10.7
Absolute error [Fluid] 0.1280
Absolute error [Bound] 0.2285
Absolute error [Core] 0.0876
Absolute error [Non-F] 0.0000
R.M.S.   error [Fluid] 0.1910
R.M.S.   error [Bound] 0.3068
R.M.S.   error [Core] 0.1153
R.M.S.   error [Non-F] 0.0000
Checkpoint saved to ../models/260406_Aomodel_4dsim_V250_div_w_PINN_sweep/260406_Aomodel_4dsim_V250_div_w_PINN_sweep_FFN_1t_20260407-1739/checkpoints/260406_Aomodel_4dsim_V250_div_w_PINN_sweep_FFN_1t_it1000.pth
[Iteration 1025] total_loss=0.0113, data_loss=0.0109, ref_loss=0.0000, physics_loss=4.7285E-01, it_time=0.00101 s total_time=0.3 min
[Iteration 1050] total_loss=0.0109, data_loss=0.0104, ref_loss=0.0000, physics_loss=4.7372E-01, it_time=0.00069 s total_time=0.4 min
[Iteration 1075] total_loss=0.0119, data_loss=0.0110, ref_loss=0.0000, physics_loss=9.2245E-01, it_time=0.00069 s total_time=0.4 min
[Iteration 1100] total_loss=0.0105, data_loss=0.0100, ref_loss=0.0000, physics_loss=4.6743E-01, it_time=0.00095 s total_time=0.4 min
[Iteration 1125] total_loss=0.0107, data_loss=0.0102, ref_loss=0.0000, physics_loss=4.8177E-01, it_time=0.00069 s total_time=0.4 min
[Iteration 1150] total_loss=0.0103, data_loss=0.0098, ref_loss=0.0000, physics_loss=4.9050E-01, it_time=0.00173 s total_time=0.4 min
[Iteration 1175] total_loss=0.0100, data_loss=0.0096, ref_loss=0.0000, physics_loss=4.8016E-01, it_time=0.00069 s total_time=0.4 min
[Iteration 1200] total_loss=0.0096, data_loss=0.0091, ref_loss=0.0000, physics_loss=4.4129E-01, it_time=0.00069 s total_time=0.4 min
[Iteration 1225] total_loss=0.0105, data_loss=0.0100, ref_loss=0.0000, physics_loss=4.5097E-01, it_time=0.00069 s total_time=0.4 min
[Iteration 1250] total_loss=0.0093, data_loss=0.0088, ref_loss=0.0000, physics_loss=4.3081E-01, it_time=0.00069 s total_time=0.4 min
[Iteration 1275] total_loss=0.0090, data_loss=0.0086, ref_loss=0.0000, physics_loss=4.0532E-01, it_time=0.00068 s total_time=0.4 min
[Iteration 1300] total_loss=0.0095, data_loss=0.0090, ref_loss=0.0000, physics_loss=4.8404E-01, it_time=0.00087 s total_time=0.4 min
[Iteration 1325] total_loss=0.0088, data_loss=0.0084, ref_loss=0.0000, physics_loss=4.1705E-01, it_time=0.00109 s total_time=0.4 min
[Iteration 1350] total_loss=0.0087, data_loss=0.0082, ref_loss=0.0000, physics_loss=4.2712E-01, it_time=0.00068 s total_time=0.4 min
[Iteration 1375] total_loss=0.0093, data_loss=0.0088, ref_loss=0.0000, physics_loss=5.3829E-01, it_time=0.00069 s total_time=0.4 min
[Iteration 1400] total_loss=0.0085, data_loss=0.0081, ref_loss=0.0000, physics_loss=3.9715E-01, it_time=0.00079 s total_time=0.4 min
[Iteration 1425] total_loss=0.0081, data_loss=0.0078, ref_loss=0.0000, physics_loss=3.6120E-01, it_time=0.00069 s total_time=0.5 min
[Iteration 1450] total_loss=0.0096, data_loss=0.0087, ref_loss=0.0000, physics_loss=8.8989E-01, it_time=0.00078 s total_time=0.5 min
[Iteration 1475] total_loss=0.0080, data_loss=0.0076, ref_loss=0.0000, physics_loss=3.6353E-01, it_time=0.00069 s total_time=0.5 min
[Iteration 1500] total_loss=0.0077, data_loss=0.0074, ref_loss=0.0000, physics_loss=3.4338E-01, it_time=0.00069 s total_time=0.5 min
Total avg
Relative error [Fluid] 18.0
Relative error [Bound] 38.5
Relative error [Core] 9.8
Absolute error [Fluid] 0.1223
Absolute error [Bound] 0.2236
Absolute error [Core] 0.0815
Absolute error [Non-F] 0.0000
R.M.S.   error [Fluid] 0.1879
R.M.S.   error [Bound] 0.3078
R.M.S.   error [Core] 0.1068
R.M.S.   error [Non-F] 0.0000
[Iteration 1525] total_loss=0.0076, data_loss=0.0073, ref_loss=0.0000, physics_loss=3.4089E-01, it_time=0.00069 s total_time=0.5 min
[Iteration 1550] total_loss=0.0076, data_loss=0.0072, ref_loss=0.0000, physics_loss=3.9472E-01, it_time=0.00069 s total_time=0.5 min
[Iteration 1575] total_loss=0.0077, data_loss=0.0073, ref_loss=0.0000, physics_loss=4.1871E-01, it_time=0.00069 s total_time=0.5 min
[Iteration 1600] total_loss=0.0076, data_loss=0.0072, ref_loss=0.0000, physics_loss=3.9914E-01, it_time=0.00069 s total_time=0.5 min
[Iteration 1625] total_loss=0.0074, data_loss=0.0070, ref_loss=0.0000, physics_loss=3.4769E-01, it_time=0.00069 s total_time=0.5 min
[Iteration 1650] total_loss=0.0182, data_loss=0.0166, ref_loss=0.0000, physics_loss=1.6373E+00, it_time=0.00069 s total_time=0.5 min
[Iteration 1675] total_loss=0.0083, data_loss=0.0078, ref_loss=0.0000, physics_loss=5.2866E-01, it_time=0.00069 s total_time=0.5 min
[Iteration 1700] total_loss=0.0073, data_loss=0.0070, ref_loss=0.0000, physics_loss=3.2641E-01, it_time=0.00069 s total_time=0.5 min
[Iteration 1725] total_loss=0.0071, data_loss=0.0068, ref_loss=0.0000, physics_loss=3.0909E-01, it_time=0.00194 s total_time=0.6 min
[Iteration 1750] total_loss=0.0070, data_loss=0.0066, ref_loss=0.0000, physics_loss=3.0570E-01, it_time=0.00069 s total_time=0.6 min
[Iteration 1775] total_loss=0.0068, data_loss=0.0065, ref_loss=0.0000, physics_loss=3.0449E-01, it_time=0.00069 s total_time=0.6 min
[Iteration 1800] total_loss=0.0070, data_loss=0.0066, ref_loss=0.0000, physics_loss=3.2157E-01, it_time=0.00069 s total_time=0.6 min
[Iteration 1825] total_loss=0.0068, data_loss=0.0065, ref_loss=0.0000, physics_loss=3.1702E-01, it_time=0.00069 s total_time=0.6 min
[Iteration 1850] total_loss=0.0071, data_loss=0.0067, ref_loss=0.0000, physics_loss=3.6310E-01, it_time=0.00068 s total_time=0.6 min
[Iteration 1875] total_loss=0.0066, data_loss=0.0063, ref_loss=0.0000, physics_loss=2.9113E-01, it_time=0.00068 s total_time=0.6 min
[Iteration 1900] total_loss=0.0067, data_loss=0.0063, ref_loss=0.0000, physics_loss=3.5103E-01, it_time=0.00068 s total_time=0.6 min
[Iteration 1925] total_loss=0.0065, data_loss=0.0062, ref_loss=0.0000, physics_loss=2.8670E-01, it_time=0.00069 s total_time=0.6 min
[Iteration 1950] total_loss=0.0065, data_loss=0.0062, ref_loss=0.0000, physics_loss=2.9285E-01, it_time=0.00069 s total_time=0.6 min
[Iteration 1975] total_loss=0.0067, data_loss=0.0064, ref_loss=0.0000, physics_loss=3.3702E-01, it_time=0.0007 s total_time=0.6 min
[Iteration 2000] total_loss=0.0062, data_loss=0.0060, ref_loss=0.0000, physics_loss=2.6730E-01, it_time=0.00068 s total_time=0.6 min
Total avg
Relative error [Fluid] 17.8
Relative error [Bound] 38.7
Relative error [Core] 9.4
Absolute error [Fluid] 0.1225
Absolute error [Bound] 0.2307
Absolute error [Core] 0.0790
Absolute error [Non-F] 0.0000
R.M.S.   error [Fluid] 0.1914
R.M.S.   error [Bound] 0.3179
R.M.S.   error [Core] 0.1035
R.M.S.   error [Non-F] 0.0000
Checkpoint saved to ../models/260406_Aomodel_4dsim_V250_div_w_PINN_sweep/260406_Aomodel_4dsim_V250_div_w_PINN_sweep_FFN_1t_20260407-1739/checkpoints/260406_Aomodel_4dsim_V250_div_w_PINN_sweep_FFN_1t_it2000.pth
[Iteration 2025] total_loss=0.0061, data_loss=0.0059, ref_loss=0.0000, physics_loss=2.6065E-01, it_time=0.00069 s total_time=0.7 min
[Iteration 2050] total_loss=0.0064, data_loss=0.0061, ref_loss=0.0000, physics_loss=3.4850E-01, it_time=0.00069 s total_time=0.7 min
[Iteration 2075] total_loss=0.0062, data_loss=0.0059, ref_loss=0.0000, physics_loss=2.8070E-01, it_time=0.00176 s total_time=0.7 min
[Iteration 2100] total_loss=0.0072, data_loss=0.0067, ref_loss=0.0000, physics_loss=5.1032E-01, it_time=0.00102 s total_time=0.7 min
[Iteration 2125] total_loss=0.0063, data_loss=0.0060, ref_loss=0.0000, physics_loss=3.4453E-01, it_time=0.00069 s total_time=0.7 min
[Iteration 2150] total_loss=0.0059, data_loss=0.0057, ref_loss=0.0000, physics_loss=2.4635E-01, it_time=0.00069 s total_time=0.7 min
[Iteration 2175] total_loss=0.0063, data_loss=0.0060, ref_loss=0.0000, physics_loss=2.9870E-01, it_time=0.00068 s total_time=0.7 min
[Iteration 2200] total_loss=0.0063, data_loss=0.0059, ref_loss=0.0000, physics_loss=4.5934E-01, it_time=0.00069 s total_time=0.7 min
[Iteration 2225] total_loss=0.0058, data_loss=0.0056, ref_loss=0.0000, physics_loss=2.4216E-01, it_time=0.00069 s total_time=0.7 min
[Iteration 2250] total_loss=0.0060, data_loss=0.0057, ref_loss=0.0000, physics_loss=2.6678E-01, it_time=0.00069 s total_time=0.7 min
[Iteration 2275] total_loss=0.0060, data_loss=0.0057, ref_loss=0.0000, physics_loss=3.2488E-01, it_time=0.00069 s total_time=0.7 min
[Iteration 2300] total_loss=0.0059, data_loss=0.0056, ref_loss=0.0000, physics_loss=3.3196E-01, it_time=0.00078 s total_time=0.7 min
[Iteration 2325] total_loss=0.0060, data_loss=0.0057, ref_loss=0.0000, physics_loss=2.7195E-01, it_time=0.00069 s total_time=0.7 min
[Iteration 2350] total_loss=0.0057, data_loss=0.0055, ref_loss=0.0000, physics_loss=2.3382E-01, it_time=0.00092 s total_time=0.7 min
[Iteration 2375] total_loss=0.0158, data_loss=0.0139, ref_loss=0.0000, physics_loss=1.9102E+00, it_time=0.00069 s total_time=0.8 min
[Iteration 2400] total_loss=0.0071, data_loss=0.0066, ref_loss=0.0000, physics_loss=4.9141E-01, it_time=0.00069 s total_time=0.8 min
[Iteration 2425] total_loss=0.0060, data_loss=0.0057, ref_loss=0.0000, physics_loss=2.5975E-01, it_time=0.00068 s total_time=0.8 min
[Iteration 2450] total_loss=0.0057, data_loss=0.0055, ref_loss=0.0000, physics_loss=2.1425E-01, it_time=0.00069 s total_time=0.8 min
[Iteration 2475] total_loss=0.0056, data_loss=0.0054, ref_loss=0.0000, physics_loss=2.0415E-01, it_time=0.00068 s total_time=0.8 min
[Iteration 2500] total_loss=0.0055, data_loss=0.0053, ref_loss=0.0000, physics_loss=2.0055E-01, it_time=0.002 s total_time=0.8 min
Total avg
Relative error [Fluid] 17.7
Relative error [Bound] 38.7
Relative error [Core] 9.2
Absolute error [Fluid] 0.1220
Absolute error [Bound] 0.2329
Absolute error [Core] 0.0774
Absolute error [Non-F] 0.0000
R.M.S.   error [Fluid] 0.1924
R.M.S.   error [Bound] 0.3212
R.M.S.   error [Core] 0.1020
R.M.S.   error [Non-F] 0.0000
[Iteration 2525] total_loss=0.0055, data_loss=0.0053, ref_loss=0.0000, physics_loss=1.9882E-01, it_time=0.00128 s total_time=0.8 min
[Iteration 2550] total_loss=0.0054, data_loss=0.0053, ref_loss=0.0000, physics_loss=1.9749E-01, it_time=0.00069 s total_time=0.8 min
[Iteration 2575] total_loss=0.0054, data_loss=0.0052, ref_loss=0.0000, physics_loss=1.9622E-01, it_time=0.00068 s total_time=0.8 min
[Iteration 2600] total_loss=0.0054, data_loss=0.0052, ref_loss=0.0000, physics_loss=1.9491E-01, it_time=0.00195 s total_time=0.8 min
[Iteration 2625] total_loss=0.0053, data_loss=0.0051, ref_loss=0.0000, physics_loss=1.9354E-01, it_time=0.00069 s total_time=0.9 min
[Iteration 2650] total_loss=0.0056, data_loss=0.0054, ref_loss=0.0000, physics_loss=2.4846E-01, it_time=0.00069 s total_time=0.9 min
[Iteration 2675] total_loss=0.0054, data_loss=0.0052, ref_loss=0.0000, physics_loss=2.0073E-01, it_time=0.00069 s total_time=0.9 min
[Iteration 2700] total_loss=0.0053, data_loss=0.0051, ref_loss=0.0000, physics_loss=2.0456E-01, it_time=0.00069 s total_time=0.9 min
[Iteration 2725] total_loss=0.0053, data_loss=0.0051, ref_loss=0.0000, physics_loss=1.9795E-01, it_time=0.00069 s total_time=0.9 min
[Iteration 2750] total_loss=0.0052, data_loss=0.0050, ref_loss=0.0000, physics_loss=1.9145E-01, it_time=0.00219 s total_time=0.9 min
[Iteration 2775] total_loss=0.0054, data_loss=0.0052, ref_loss=0.0000, physics_loss=2.7518E-01, it_time=0.00069 s total_time=0.9 min
[Iteration 2800] total_loss=0.0052, data_loss=0.0050, ref_loss=0.0000, physics_loss=1.9183E-01, it_time=0.00069 s total_time=0.9 min
[Iteration 2825] total_loss=0.0051, data_loss=0.0049, ref_loss=0.0000, physics_loss=1.8224E-01, it_time=0.00068 s total_time=0.9 min
[Iteration 2850] total_loss=0.0053, data_loss=0.0051, ref_loss=0.0000, physics_loss=2.1212E-01, it_time=0.00069 s total_time=0.9 min
[Iteration 2875] total_loss=0.0051, data_loss=0.0049, ref_loss=0.0000, physics_loss=1.8880E-01, it_time=0.00069 s total_time=0.9 min
[Iteration 2900] total_loss=0.0052, data_loss=0.0050, ref_loss=0.0000, physics_loss=2.4517E-01, it_time=0.00068 s total_time=0.9 min
[Iteration 2925] total_loss=0.0125, data_loss=0.0098, ref_loss=0.0000, physics_loss=2.6443E+00, it_time=0.00069 s total_time=0.9 min
[Iteration 2950] total_loss=0.0068, data_loss=0.0063, ref_loss=0.0000, physics_loss=5.2899E-01, it_time=0.00068 s total_time=0.9 min
[Iteration 2975] total_loss=0.0054, data_loss=0.0051, ref_loss=0.0000, physics_loss=2.2423E-01, it_time=0.00078 s total_time=1.0 min
[Iteration 3000] total_loss=0.0052, data_loss=0.0050, ref_loss=0.0000, physics_loss=1.7739E-01, it_time=0.00067 s total_time=1.0 min
Total avg
Relative error [Fluid] 17.6
Relative error [Bound] 38.7
Relative error [Core] 9.1
Absolute error [Fluid] 0.1219
Absolute error [Bound] 0.2347
Absolute error [Core] 0.0765
Absolute error [Non-F] 0.0000
R.M.S.   error [Fluid] 0.1933
R.M.S.   error [Bound] 0.3237
R.M.S.   error [Core] 0.1011
R.M.S.   error [Non-F] 0.0000
Checkpoint saved to ../models/260406_Aomodel_4dsim_V250_div_w_PINN_sweep/260406_Aomodel_4dsim_V250_div_w_PINN_sweep_FFN_1t_20260407-1739/checkpoints/260406_Aomodel_4dsim_V250_div_w_PINN_sweep_FFN_1t_it3000.pth
[Iteration 3025] total_loss=0.0051, data_loss=0.0049, ref_loss=0.0000, physics_loss=1.6877E-01, it_time=0.00068 s total_time=1.0 min
[Iteration 3050] total_loss=0.0050, data_loss=0.0049, ref_loss=0.0000, physics_loss=1.6595E-01, it_time=0.00069 s total_time=1.0 min
[Iteration 3075] total_loss=0.0050, data_loss=0.0048, ref_loss=0.0000, physics_loss=1.6454E-01, it_time=0.00069 s total_time=1.0 min
[Iteration 3100] total_loss=0.0050, data_loss=0.0048, ref_loss=0.0000, physics_loss=1.6357E-01, it_time=0.00143 s total_time=1.0 min
[Iteration 3125] total_loss=0.0050, data_loss=0.0048, ref_loss=0.0000, physics_loss=1.6272E-01, it_time=0.00069 s total_time=1.0 min
[Iteration 3150] total_loss=0.0049, data_loss=0.0048, ref_loss=0.0000, physics_loss=1.6188E-01, it_time=0.00069 s total_time=1.0 min
[Iteration 3175] total_loss=0.0049, data_loss=0.0047, ref_loss=0.0000, physics_loss=1.6123E-01, it_time=0.00069 s total_time=1.0 min
[Iteration 3200] total_loss=0.0051, data_loss=0.0049, ref_loss=0.0000, physics_loss=2.2994E-01, it_time=0.00114 s total_time=1.0 min
[Iteration 3225] total_loss=0.0049, data_loss=0.0047, ref_loss=0.0000, physics_loss=1.6616E-01, it_time=0.00172 s total_time=1.0 min
[Iteration 3250] total_loss=0.0049, data_loss=0.0047, ref_loss=0.0000, physics_loss=1.5784E-01, it_time=0.00078 s total_time=1.1 min
[Iteration 3275] total_loss=0.0049, data_loss=0.0047, ref_loss=0.0000, physics_loss=1.6287E-01, it_time=0.00069 s total_time=1.1 min
[Iteration 3300] total_loss=0.0048, data_loss=0.0047, ref_loss=0.0000, physics_loss=1.6459E-01, it_time=0.00069 s total_time=1.1 min
[Iteration 3325] total_loss=0.0049, data_loss=0.0048, ref_loss=0.0000, physics_loss=1.6650E-01, it_time=0.00117 s total_time=1.1 min
[Iteration 3350] total_loss=0.0063, data_loss=0.0055, ref_loss=0.0000, physics_loss=8.1399E-01, it_time=0.00178 s total_time=1.1 min
[Iteration 3375] total_loss=0.0055, data_loss=0.0051, ref_loss=0.0000, physics_loss=4.1420E-01, it_time=0.00069 s total_time=1.1 min
[Iteration 3400] total_loss=0.0048, data_loss=0.0047, ref_loss=0.0000, physics_loss=1.7176E-01, it_time=0.00069 s total_time=1.1 min
[Iteration 3425] total_loss=0.0048, data_loss=0.0046, ref_loss=0.0000, physics_loss=1.4994E-01, it_time=0.00069 s total_time=1.1 min
[Iteration 3450] total_loss=0.0047, data_loss=0.0046, ref_loss=0.0000, physics_loss=1.4792E-01, it_time=0.00069 s total_time=1.1 min
[Iteration 3475] total_loss=0.0047, data_loss=0.0046, ref_loss=0.0000, physics_loss=1.5285E-01, it_time=0.00069 s total_time=1.1 min
[Iteration 3500] total_loss=0.0048, data_loss=0.0047, ref_loss=0.0000, physics_loss=1.5464E-01, it_time=0.00069 s total_time=1.1 min
Total avg
Relative error [Fluid] 17.7
Relative error [Bound] 38.7
Relative error [Core] 9.2
Absolute error [Fluid] 0.1229
Absolute error [Bound] 0.2355
Absolute error [Core] 0.0776
Absolute error [Non-F] 0.0000
R.M.S.   error [Fluid] 0.1936
R.M.S.   error [Bound] 0.3248
R.M.S.   error [Core] 0.1007
R.M.S.   error [Non-F] 0.0000
Final model saved to ../models/260406_Aomodel_4dsim_V250_div_w_PINN_sweep/260406_Aomodel_4dsim_V250_div_w_PINN_sweep_FFN_1t_20260407-1739/260406_Aomodel_4dsim_V250_div_w_PINN_sweep_FFN_1t_final.pth
Starting script
Copying source code to model directory...
Loaded resolution from file: 0.002, 0.002, 0.002, 0.01874
VNRMSE [Noisy]: 0.096484
Directional error [Noisy]: 0.024761
Divergence [Noisy]: 0.070040
Total avg
Relative error [Fluid] 89.3
Relative error [Bound] 90.2
Relative error [Core] 88.9
Absolute error [Fluid] 0.8305
Absolute error [Bound] 0.6926
Absolute error [Core] 0.8858
Absolute error [Non-F] 0.0000
R.M.S.   error [Fluid] 0.9309
R.M.S.   error [Bound] 0.7966
R.M.S.   error [Core] 0.9797
R.M.S.   error [Non-F] 0.0000
[Iteration 25] total_loss=0.1675, data_loss=0.1661, ref_loss=0.0000, physics_loss=2.7067E-01, it_time=0.00069 s total_time=0.0 min
[Iteration 50] total_loss=0.1287, data_loss=0.1276, ref_loss=0.0000, physics_loss=2.0966E-01, it_time=0.00068 s total_time=0.0 min
[Iteration 75] total_loss=0.0946, data_loss=0.0931, ref_loss=0.0000, physics_loss=3.0338E-01, it_time=0.00082 s total_time=0.0 min
[Iteration 100] total_loss=0.0725, data_loss=0.0710, ref_loss=0.0000, physics_loss=2.9903E-01, it_time=0.00093 s total_time=0.0 min
[Iteration 125] total_loss=0.0558, data_loss=0.0545, ref_loss=0.0000, physics_loss=2.7068E-01, it_time=0.00067 s total_time=0.1 min
[Iteration 150] total_loss=0.0468, data_loss=0.0456, ref_loss=0.0000, physics_loss=2.5527E-01, it_time=0.00069 s total_time=0.1 min
[Iteration 175] total_loss=0.0429, data_loss=0.0418, ref_loss=0.0000, physics_loss=2.3593E-01, it_time=0.00069 s total_time=0.1 min
[Iteration 200] total_loss=0.0389, data_loss=0.0379, ref_loss=0.0000, physics_loss=2.0240E-01, it_time=0.00069 s total_time=0.1 min
[Iteration 225] total_loss=0.0350, data_loss=0.0341, ref_loss=0.0000, physics_loss=1.7070E-01, it_time=0.00069 s total_time=0.1 min
[Iteration 250] total_loss=0.0326, data_loss=0.0318, ref_loss=0.0000, physics_loss=1.6134E-01, it_time=0.00067 s total_time=0.1 min
[Iteration 275] total_loss=0.0313, data_loss=0.0306, ref_loss=0.0000, physics_loss=1.5504E-01, it_time=0.00069 s total_time=0.1 min
[Iteration 300] total_loss=0.0292, data_loss=0.0285, ref_loss=0.0000, physics_loss=1.5152E-01, it_time=0.00069 s total_time=0.1 min
[Iteration 325] total_loss=0.0337, data_loss=0.0328, ref_loss=0.0000, physics_loss=1.8213E-01, it_time=0.00069 s total_time=0.1 min
[Iteration 350] total_loss=0.0273, data_loss=0.0265, ref_loss=0.0000, physics_loss=1.5509E-01, it_time=0.00069 s total_time=0.1 min
[Iteration 375] total_loss=0.0254, data_loss=0.0247, ref_loss=0.0000, physics_loss=1.4557E-01, it_time=0.00069 s total_time=0.1 min
[Iteration 400] total_loss=0.0249, data_loss=0.0241, ref_loss=0.0000, physics_loss=1.5017E-01, it_time=0.00069 s total_time=0.1 min
[Iteration 425] total_loss=0.0241, data_loss=0.0234, ref_loss=0.0000, physics_loss=1.4450E-01, it_time=0.00069 s total_time=0.1 min
[Iteration 450] total_loss=0.0231, data_loss=0.0224, ref_loss=0.0000, physics_loss=1.2712E-01, it_time=0.00069 s total_time=0.1 min
[Iteration 475] total_loss=0.0220, data_loss=0.0213, ref_loss=0.0000, physics_loss=1.2274E-01, it_time=0.00173 s total_time=0.2 min
[Iteration 500] total_loss=0.0212, data_loss=0.0206, ref_loss=0.0000, physics_loss=1.1964E-01, it_time=0.00164 s total_time=0.2 min
Total avg
Relative error [Fluid] 21.0
Relative error [Bound] 41.1
Relative error [Core] 12.9
Absolute error [Fluid] 0.1413
Absolute error [Bound] 0.2347
Absolute error [Core] 0.1037
Absolute error [Non-F] 0.0000
R.M.S.   error [Fluid] 0.1891
R.M.S.   error [Bound] 0.2864
R.M.S.   error [Core] 0.1310
R.M.S.   error [Non-F] 0.0000
[Iteration 525] total_loss=0.0215, data_loss=0.0205, ref_loss=0.0000, physics_loss=2.0137E-01, it_time=0.00093 s total_time=0.2 min
[Iteration 550] total_loss=0.0202, data_loss=0.0197, ref_loss=0.0000, physics_loss=1.1342E-01, it_time=0.00069 s total_time=0.2 min
[Iteration 575] total_loss=0.0238, data_loss=0.0214, ref_loss=0.0000, physics_loss=4.7922E-01, it_time=0.00069 s total_time=0.2 min
[Iteration 600] total_loss=0.0191, data_loss=0.0186, ref_loss=0.0000, physics_loss=1.1391E-01, it_time=0.00069 s total_time=0.2 min
[Iteration 625] total_loss=0.0188, data_loss=0.0182, ref_loss=0.0000, physics_loss=1.1587E-01, it_time=0.00069 s total_time=0.2 min
[Iteration 650] total_loss=0.0191, data_loss=0.0184, ref_loss=0.0000, physics_loss=1.2988E-01, it_time=0.00101 s total_time=0.2 min
[Iteration 675] total_loss=0.0179, data_loss=0.0173, ref_loss=0.0000, physics_loss=1.1946E-01, it_time=0.00067 s total_time=0.2 min
[Iteration 700] total_loss=0.0184, data_loss=0.0174, ref_loss=0.0000, physics_loss=1.9749E-01, it_time=0.00069 s total_time=0.2 min
[Iteration 725] total_loss=0.0172, data_loss=0.0167, ref_loss=0.0000, physics_loss=1.1617E-01, it_time=0.00083 s total_time=0.2 min
[Iteration 750] total_loss=0.0172, data_loss=0.0163, ref_loss=0.0000, physics_loss=1.8491E-01, it_time=0.00069 s total_time=0.3 min
[Iteration 775] total_loss=0.0165, data_loss=0.0159, ref_loss=0.0000, physics_loss=1.1795E-01, it_time=0.00078 s total_time=0.3 min
[Iteration 800] total_loss=0.0160, data_loss=0.0154, ref_loss=0.0000, physics_loss=1.1488E-01, it_time=0.00069 s total_time=0.3 min
[Iteration 825] total_loss=0.0179, data_loss=0.0167, ref_loss=0.0000, physics_loss=2.3951E-01, it_time=0.00069 s total_time=0.3 min
[Iteration 850] total_loss=0.0156, data_loss=0.0150, ref_loss=0.0000, physics_loss=1.2632E-01, it_time=0.00069 s total_time=0.3 min
[Iteration 875] total_loss=0.0156, data_loss=0.0150, ref_loss=0.0000, physics_loss=1.2090E-01, it_time=0.00069 s total_time=0.3 min
[Iteration 900] total_loss=0.0148, data_loss=0.0143, ref_loss=0.0000, physics_loss=1.0953E-01, it_time=0.00069 s total_time=0.3 min
[Iteration 925] total_loss=0.0153, data_loss=0.0146, ref_loss=0.0000, physics_loss=1.3108E-01, it_time=0.00068 s total_time=0.3 min
[Iteration 950] total_loss=0.0143, data_loss=0.0137, ref_loss=0.0000, physics_loss=1.1711E-01, it_time=0.00068 s total_time=0.3 min
[Iteration 975] total_loss=0.0142, data_loss=0.0136, ref_loss=0.0000, physics_loss=1.1399E-01, it_time=0.00069 s total_time=0.3 min
[Iteration 1000] total_loss=0.0137, data_loss=0.0131, ref_loss=0.0000, physics_loss=1.1119E-01, it_time=0.00069 s total_time=0.3 min
Total avg
Relative error [Fluid] 18.6
Relative error [Bound] 38.3
Relative error [Core] 10.7
Absolute error [Fluid] 0.1238
Absolute error [Bound] 0.2122
Absolute error [Core] 0.0882
Absolute error [Non-F] 0.0000
R.M.S.   error [Fluid] 0.1763
R.M.S.   error [Bound] 0.2755
R.M.S.   error [Core] 0.1143
R.M.S.   error [Non-F] 0.0000
Checkpoint saved to ../models/260406_Aomodel_4dsim_V250_div_w_PINN_sweep/260406_Aomodel_4dsim_V250_div_w_PINN_sweep_FFN_1t_20260407-1740/checkpoints/260406_Aomodel_4dsim_V250_div_w_PINN_sweep_FFN_1t_it1000.pth
[Iteration 1025] total_loss=0.0133, data_loss=0.0128, ref_loss=0.0000, physics_loss=1.1066E-01, it_time=0.00093 s total_time=0.4 min
[Iteration 1050] total_loss=0.0142, data_loss=0.0133, ref_loss=0.0000, physics_loss=1.7047E-01, it_time=0.001 s total_time=0.4 min
[Iteration 1075] total_loss=0.0134, data_loss=0.0128, ref_loss=0.0000, physics_loss=1.3144E-01, it_time=0.00069 s total_time=0.4 min
[Iteration 1100] total_loss=0.0127, data_loss=0.0121, ref_loss=0.0000, physics_loss=1.1275E-01, it_time=0.00069 s total_time=0.4 min
[Iteration 1125] total_loss=0.0124, data_loss=0.0118, ref_loss=0.0000, physics_loss=1.2282E-01, it_time=0.00079 s total_time=0.4 min
[Iteration 1150] total_loss=0.0125, data_loss=0.0119, ref_loss=0.0000, physics_loss=1.1641E-01, it_time=0.00069 s total_time=0.4 min
[Iteration 1175] total_loss=0.0119, data_loss=0.0113, ref_loss=0.0000, physics_loss=1.1047E-01, it_time=0.00068 s total_time=0.4 min
[Iteration 1200] total_loss=0.0116, data_loss=0.0110, ref_loss=0.0000, physics_loss=1.1042E-01, it_time=0.00067 s total_time=0.4 min
[Iteration 1225] total_loss=0.0129, data_loss=0.0120, ref_loss=0.0000, physics_loss=1.7277E-01, it_time=0.00068 s total_time=0.4 min
[Iteration 1250] total_loss=0.0116, data_loss=0.0109, ref_loss=0.0000, physics_loss=1.2780E-01, it_time=0.00078 s total_time=0.4 min
[Iteration 1275] total_loss=0.0110, data_loss=0.0105, ref_loss=0.0000, physics_loss=1.0504E-01, it_time=0.00069 s total_time=0.4 min
[Iteration 1300] total_loss=0.0108, data_loss=0.0103, ref_loss=0.0000, physics_loss=1.0477E-01, it_time=0.00068 s total_time=0.4 min
[Iteration 1325] total_loss=0.0156, data_loss=0.0131, ref_loss=0.0000, physics_loss=5.1033E-01, it_time=0.00092 s total_time=0.4 min
[Iteration 1350] total_loss=0.0108, data_loss=0.0102, ref_loss=0.0000, physics_loss=1.2766E-01, it_time=0.00068 s total_time=0.4 min
[Iteration 1375] total_loss=0.0103, data_loss=0.0098, ref_loss=0.0000, physics_loss=1.0121E-01, it_time=0.0007 s total_time=0.4 min
[Iteration 1400] total_loss=0.0129, data_loss=0.0106, ref_loss=0.0000, physics_loss=4.6494E-01, it_time=0.00069 s total_time=0.5 min
[Iteration 1425] total_loss=0.0101, data_loss=0.0096, ref_loss=0.0000, physics_loss=1.0426E-01, it_time=0.00068 s total_time=0.5 min
[Iteration 1450] total_loss=0.0098, data_loss=0.0093, ref_loss=0.0000, physics_loss=9.6001E-02, it_time=0.00171 s total_time=0.5 min
[Iteration 1475] total_loss=0.0109, data_loss=0.0097, ref_loss=0.0000, physics_loss=2.4477E-01, it_time=0.00069 s total_time=0.5 min
[Iteration 1500] total_loss=0.0096, data_loss=0.0091, ref_loss=0.0000, physics_loss=1.0081E-01, it_time=0.00069 s total_time=0.5 min
Total avg
Relative error [Fluid] 18.2
Relative error [Bound] 38.8
Relative error [Core] 10.0
Absolute error [Fluid] 0.1220
Absolute error [Bound] 0.2193
Absolute error [Core] 0.0828
Absolute error [Non-F] 0.0000
R.M.S.   error [Fluid] 0.1825
R.M.S.   error [Bound] 0.2944
R.M.S.   error [Core] 0.1088
R.M.S.   error [Non-F] 0.0000
[Iteration 1525] total_loss=0.0094, data_loss=0.0089, ref_loss=0.0000, physics_loss=9.0306E-02, it_time=0.00069 s total_time=0.5 min
[Iteration 1550] total_loss=0.0093, data_loss=0.0088, ref_loss=0.0000, physics_loss=1.0644E-01, it_time=0.00222 s total_time=0.5 min
[Iteration 1575] total_loss=0.0093, data_loss=0.0088, ref_loss=0.0000, physics_loss=9.9114E-02, it_time=0.00069 s total_time=0.5 min
[Iteration 1600] total_loss=0.0090, data_loss=0.0086, ref_loss=0.0000, physics_loss=8.5861E-02, it_time=0.00069 s total_time=0.5 min
[Iteration 1625] total_loss=0.0110, data_loss=0.0096, ref_loss=0.0000, physics_loss=2.8729E-01, it_time=0.00069 s total_time=0.5 min
[Iteration 1650] total_loss=0.0092, data_loss=0.0086, ref_loss=0.0000, physics_loss=1.2699E-01, it_time=0.00069 s total_time=0.5 min
[Iteration 1675] total_loss=0.0087, data_loss=0.0083, ref_loss=0.0000, physics_loss=8.3172E-02, it_time=0.00196 s total_time=0.6 min
[Iteration 1700] total_loss=0.0086, data_loss=0.0082, ref_loss=0.0000, physics_loss=8.5466E-02, it_time=0.001 s total_time=0.6 min
[Iteration 1725] total_loss=0.0087, data_loss=0.0082, ref_loss=0.0000, physics_loss=1.0653E-01, it_time=0.00069 s total_time=0.6 min
[Iteration 1750] total_loss=0.0084, data_loss=0.0080, ref_loss=0.0000, physics_loss=8.7936E-02, it_time=0.00068 s total_time=0.6 min
[Iteration 1775] total_loss=0.0084, data_loss=0.0080, ref_loss=0.0000, physics_loss=8.6285E-02, it_time=0.00069 s total_time=0.6 min
[Iteration 1800] total_loss=0.0082, data_loss=0.0078, ref_loss=0.0000, physics_loss=8.3218E-02, it_time=0.00069 s total_time=0.6 min
[Iteration 1825] total_loss=0.0084, data_loss=0.0079, ref_loss=0.0000, physics_loss=1.0305E-01, it_time=0.00068 s total_time=0.6 min
[Iteration 1850] total_loss=0.0091, data_loss=0.0084, ref_loss=0.0000, physics_loss=1.4414E-01, it_time=0.00069 s total_time=0.6 min
[Iteration 1875] total_loss=0.0082, data_loss=0.0077, ref_loss=0.0000, physics_loss=1.0698E-01, it_time=0.00069 s total_time=0.6 min
[Iteration 1900] total_loss=0.0085, data_loss=0.0076, ref_loss=0.0000, physics_loss=1.6548E-01, it_time=0.0007 s total_time=0.6 min
[Iteration 1925] total_loss=0.0079, data_loss=0.0074, ref_loss=0.0000, physics_loss=8.5353E-02, it_time=0.00069 s total_time=0.6 min
[Iteration 1950] total_loss=0.0080, data_loss=0.0075, ref_loss=0.0000, physics_loss=1.0153E-01, it_time=0.00069 s total_time=0.6 min
[Iteration 1975] total_loss=0.0078, data_loss=0.0074, ref_loss=0.0000, physics_loss=8.3041E-02, it_time=0.00195 s total_time=0.6 min
[Iteration 2000] total_loss=0.0082, data_loss=0.0075, ref_loss=0.0000, physics_loss=1.5209E-01, it_time=0.00093 s total_time=0.6 min
Total avg
Relative error [Fluid] 18.4
Relative error [Bound] 39.3
Relative error [Core] 10.1
Absolute error [Fluid] 0.1252
Absolute error [Bound] 0.2288
Absolute error [Core] 0.0836
Absolute error [Non-F] 0.0000
R.M.S.   error [Fluid] 0.1896
R.M.S.   error [Bound] 0.3098
R.M.S.   error [Core] 0.1086
R.M.S.   error [Non-F] 0.0000
Checkpoint saved to ../models/260406_Aomodel_4dsim_V250_div_w_PINN_sweep/260406_Aomodel_4dsim_V250_div_w_PINN_sweep_FFN_1t_20260407-1740/checkpoints/260406_Aomodel_4dsim_V250_div_w_PINN_sweep_FFN_1t_it2000.pth
[Iteration 2025] total_loss=0.0075, data_loss=0.0072, ref_loss=0.0000, physics_loss=7.4754E-02, it_time=0.00069 s total_time=0.7 min
[Iteration 2050] total_loss=0.0074, data_loss=0.0071, ref_loss=0.0000, physics_loss=6.5290E-02, it_time=0.00069 s total_time=0.7 min
[Iteration 2075] total_loss=0.0089, data_loss=0.0079, ref_loss=0.0000, physics_loss=2.0089E-01, it_time=0.00079 s total_time=0.7 min
[Iteration 2100] total_loss=0.0226, data_loss=0.0184, ref_loss=0.0000, physics_loss=8.4122E-01, it_time=0.00069 s total_time=0.7 min
[Iteration 2125] total_loss=0.0099, data_loss=0.0091, ref_loss=0.0000, physics_loss=1.6622E-01, it_time=0.00069 s total_time=0.7 min
[Iteration 2150] total_loss=0.0082, data_loss=0.0078, ref_loss=0.0000, physics_loss=8.3835E-02, it_time=0.00093 s total_time=0.7 min
[Iteration 2175] total_loss=0.0077, data_loss=0.0074, ref_loss=0.0000, physics_loss=6.7754E-02, it_time=0.00068 s total_time=0.7 min
[Iteration 2200] total_loss=0.0075, data_loss=0.0071, ref_loss=0.0000, physics_loss=6.3405E-02, it_time=0.00068 s total_time=0.7 min
[Iteration 2225] total_loss=0.0073, data_loss=0.0070, ref_loss=0.0000, physics_loss=6.1853E-02, it_time=0.00068 s total_time=0.7 min
[Iteration 2250] total_loss=0.0072, data_loss=0.0069, ref_loss=0.0000, physics_loss=6.1228E-02, it_time=0.00069 s total_time=0.7 min
[Iteration 2275] total_loss=0.0071, data_loss=0.0068, ref_loss=0.0000, physics_loss=6.0835E-02, it_time=0.00068 s total_time=0.7 min
[Iteration 2300] total_loss=0.0070, data_loss=0.0067, ref_loss=0.0000, physics_loss=6.0425E-02, it_time=0.00124 s total_time=0.8 min
[Iteration 2325] total_loss=0.0070, data_loss=0.0067, ref_loss=0.0000, physics_loss=5.9945E-02, it_time=0.00069 s total_time=0.8 min
[Iteration 2350] total_loss=0.0069, data_loss=0.0066, ref_loss=0.0000, physics_loss=5.9402E-02, it_time=0.00069 s total_time=0.8 min
[Iteration 2375] total_loss=0.0068, data_loss=0.0065, ref_loss=0.0000, physics_loss=5.8814E-02, it_time=0.00069 s total_time=0.8 min
[Iteration 2400] total_loss=0.0082, data_loss=0.0070, ref_loss=0.0000, physics_loss=2.3930E-01, it_time=0.00093 s total_time=0.8 min
[Iteration 2425] total_loss=0.0070, data_loss=0.0066, ref_loss=0.0000, physics_loss=7.1207E-02, it_time=0.00069 s total_time=0.8 min
[Iteration 2450] total_loss=0.0068, data_loss=0.0065, ref_loss=0.0000, physics_loss=6.1066E-02, it_time=0.00069 s total_time=0.8 min
[Iteration 2475] total_loss=0.0066, data_loss=0.0064, ref_loss=0.0000, physics_loss=5.5173E-02, it_time=0.00069 s total_time=0.8 min
[Iteration 2500] total_loss=0.0066, data_loss=0.0063, ref_loss=0.0000, physics_loss=5.5824E-02, it_time=0.00158 s total_time=0.8 min
Total avg
Relative error [Fluid] 17.8
Relative error [Bound] 38.7
Relative error [Core] 9.4
Absolute error [Fluid] 0.1211
Absolute error [Bound] 0.2273
Absolute error [Core] 0.0783
Absolute error [Non-F] 0.0000
R.M.S.   error [Fluid] 0.1887
R.M.S.   error [Bound] 0.3123
R.M.S.   error [Core] 0.1033
R.M.S.   error [Non-F] 0.0000
[Iteration 2525] total_loss=0.0065, data_loss=0.0063, ref_loss=0.0000, physics_loss=5.4638E-02, it_time=0.00108 s total_time=0.8 min
[Iteration 2550] total_loss=0.0065, data_loss=0.0062, ref_loss=0.0000, physics_loss=5.4022E-02, it_time=0.00069 s total_time=0.8 min
[Iteration 2575] total_loss=0.0066, data_loss=0.0062, ref_loss=0.0000, physics_loss=6.7672E-02, it_time=0.00095 s total_time=0.8 min
[Iteration 2600] total_loss=0.0064, data_loss=0.0062, ref_loss=0.0000, physics_loss=5.7063E-02, it_time=0.00069 s total_time=0.9 min
[Iteration 2625] total_loss=0.0065, data_loss=0.0062, ref_loss=0.0000, physics_loss=7.1839E-02, it_time=0.00174 s total_time=0.9 min
[Iteration 2650] total_loss=0.0065, data_loss=0.0061, ref_loss=0.0000, physics_loss=7.1464E-02, it_time=0.00069 s total_time=0.9 min
[Iteration 2675] total_loss=0.0065, data_loss=0.0061, ref_loss=0.0000, physics_loss=6.8542E-02, it_time=0.00069 s total_time=0.9 min
[Iteration 2700] total_loss=0.0064, data_loss=0.0060, ref_loss=0.0000, physics_loss=6.5641E-02, it_time=0.00069 s total_time=0.9 min
[Iteration 2725] total_loss=0.0065, data_loss=0.0061, ref_loss=0.0000, physics_loss=6.8949E-02, it_time=0.00069 s total_time=0.9 min
[Iteration 2750] total_loss=0.0066, data_loss=0.0060, ref_loss=0.0000, physics_loss=1.0643E-01, it_time=0.00069 s total_time=0.9 min
[Iteration 2775] total_loss=0.0062, data_loss=0.0059, ref_loss=0.0000, physics_loss=5.6030E-02, it_time=0.00069 s total_time=0.9 min
[Iteration 2800] total_loss=0.0065, data_loss=0.0059, ref_loss=0.0000, physics_loss=1.0794E-01, it_time=0.00069 s total_time=0.9 min
[Iteration 2825] total_loss=0.0063, data_loss=0.0059, ref_loss=0.0000, physics_loss=7.9064E-02, it_time=0.00069 s total_time=0.9 min
[Iteration 2850] total_loss=0.0070, data_loss=0.0062, ref_loss=0.0000, physics_loss=1.6327E-01, it_time=0.00069 s total_time=0.9 min
[Iteration 2875] total_loss=0.0061, data_loss=0.0058, ref_loss=0.0000, physics_loss=6.9363E-02, it_time=0.00092 s total_time=0.9 min
[Iteration 2900] total_loss=0.0061, data_loss=0.0058, ref_loss=0.0000, physics_loss=5.8487E-02, it_time=0.00069 s total_time=0.9 min
[Iteration 2925] total_loss=0.0061, data_loss=0.0058, ref_loss=0.0000, physics_loss=6.6890E-02, it_time=0.00069 s total_time=0.9 min
[Iteration 2950] total_loss=0.0062, data_loss=0.0058, ref_loss=0.0000, physics_loss=7.0417E-02, it_time=0.00069 s total_time=0.9 min
[Iteration 2975] total_loss=0.0062, data_loss=0.0058, ref_loss=0.0000, physics_loss=7.9060E-02, it_time=0.00069 s total_time=1.0 min
[Iteration 3000] total_loss=0.0065, data_loss=0.0058, ref_loss=0.0000, physics_loss=1.4605E-01, it_time=0.00069 s total_time=1.0 min
Total avg
Relative error [Fluid] 17.6
Relative error [Bound] 38.6
Relative error [Core] 9.1
Absolute error [Fluid] 0.1209
Absolute error [Bound] 0.2312
Absolute error [Core] 0.0765
Absolute error [Non-F] 0.0000
R.M.S.   error [Fluid] 0.1910
R.M.S.   error [Bound] 0.3188
R.M.S.   error [Core] 0.1014
R.M.S.   error [Non-F] 0.0000
Checkpoint saved to ../models/260406_Aomodel_4dsim_V250_div_w_PINN_sweep/260406_Aomodel_4dsim_V250_div_w_PINN_sweep_FFN_1t_20260407-1740/checkpoints/260406_Aomodel_4dsim_V250_div_w_PINN_sweep_FFN_1t_it3000.pth
[Iteration 3025] total_loss=0.0058, data_loss=0.0056, ref_loss=0.0000, physics_loss=4.5044E-02, it_time=0.00091 s total_time=1.0 min
[Iteration 3050] total_loss=0.0058, data_loss=0.0056, ref_loss=0.0000, physics_loss=4.2721E-02, it_time=0.00069 s total_time=1.0 min
[Iteration 3075] total_loss=0.0060, data_loss=0.0056, ref_loss=0.0000, physics_loss=6.6800E-02, it_time=0.00069 s total_time=1.0 min
[Iteration 3100] total_loss=0.0067, data_loss=0.0058, ref_loss=0.0000, physics_loss=1.8984E-01, it_time=0.00069 s total_time=1.0 min
[Iteration 3125] total_loss=0.0112, data_loss=0.0087, ref_loss=0.0000, physics_loss=5.1077E-01, it_time=0.00069 s total_time=1.0 min
[Iteration 3150] total_loss=0.0065, data_loss=0.0061, ref_loss=0.0000, physics_loss=8.7069E-02, it_time=0.00069 s total_time=1.0 min
[Iteration 3175] total_loss=0.0059, data_loss=0.0057, ref_loss=0.0000, physics_loss=4.5002E-02, it_time=0.00069 s total_time=1.0 min
[Iteration 3200] total_loss=0.0058, data_loss=0.0056, ref_loss=0.0000, physics_loss=4.0211E-02, it_time=0.00078 s total_time=1.0 min
[Iteration 3225] total_loss=0.0057, data_loss=0.0055, ref_loss=0.0000, physics_loss=3.9175E-02, it_time=0.0007 s total_time=1.0 min
[Iteration 3250] total_loss=0.0057, data_loss=0.0055, ref_loss=0.0000, physics_loss=3.8885E-02, it_time=0.00093 s total_time=1.1 min
[Iteration 3275] total_loss=0.0056, data_loss=0.0054, ref_loss=0.0000, physics_loss=3.8747E-02, it_time=0.00069 s total_time=1.1 min
[Iteration 3300] total_loss=0.0056, data_loss=0.0054, ref_loss=0.0000, physics_loss=3.8626E-02, it_time=0.00069 s total_time=1.1 min
[Iteration 3325] total_loss=0.0056, data_loss=0.0054, ref_loss=0.0000, physics_loss=3.8470E-02, it_time=0.00069 s total_time=1.1 min
[Iteration 3350] total_loss=0.0055, data_loss=0.0053, ref_loss=0.0000, physics_loss=3.8290E-02, it_time=0.00069 s total_time=1.1 min
[Iteration 3375] total_loss=0.0056, data_loss=0.0054, ref_loss=0.0000, physics_loss=5.1580E-02, it_time=0.00069 s total_time=1.1 min
[Iteration 3400] total_loss=0.0055, data_loss=0.0053, ref_loss=0.0000, physics_loss=4.1915E-02, it_time=0.00069 s total_time=1.1 min
[Iteration 3425] total_loss=0.0057, data_loss=0.0054, ref_loss=0.0000, physics_loss=6.3098E-02, it_time=0.00069 s total_time=1.1 min
[Iteration 3450] total_loss=0.0056, data_loss=0.0053, ref_loss=0.0000, physics_loss=5.8446E-02, it_time=0.00069 s total_time=1.1 min
[Iteration 3475] total_loss=0.0055, data_loss=0.0053, ref_loss=0.0000, physics_loss=4.8716E-02, it_time=0.00069 s total_time=1.1 min
[Iteration 3500] total_loss=0.0059, data_loss=0.0055, ref_loss=0.0000, physics_loss=8.8433E-02, it_time=0.00068 s total_time=1.1 min
Total avg
Relative error [Fluid] 17.8
Relative error [Bound] 39.1
Relative error [Core] 9.2
Absolute error [Fluid] 0.1222
Absolute error [Bound] 0.2377
Absolute error [Core] 0.0758
Absolute error [Non-F] 0.0000
R.M.S.   error [Fluid] 0.1955
R.M.S.   error [Bound] 0.3292
R.M.S.   error [Core] 0.1000
R.M.S.   error [Non-F] 0.0000
Final model saved to ../models/260406_Aomodel_4dsim_V250_div_w_PINN_sweep/260406_Aomodel_4dsim_V250_div_w_PINN_sweep_FFN_1t_20260407-1740/260406_Aomodel_4dsim_V250_div_w_PINN_sweep_FFN_1t_final.pth
Starting script
Copying source code to model directory...
Loaded resolution from file: 0.002, 0.002, 0.002, 0.01874
VNRMSE [Noisy]: 0.096484
Directional error [Noisy]: 0.024761
Divergence [Noisy]: 0.070040
Total avg
Relative error [Fluid] 89.3
Relative error [Bound] 90.2
Relative error [Core] 88.9
Absolute error [Fluid] 0.8305
Absolute error [Bound] 0.6926
Absolute error [Core] 0.8858
Absolute error [Non-F] 0.0000
R.M.S.   error [Fluid] 0.9309
R.M.S.   error [Bound] 0.7966
R.M.S.   error [Core] 0.9797
R.M.S.   error [Non-F] 0.0000
[Iteration 25] total_loss=0.1688, data_loss=0.1666, ref_loss=0.0000, physics_loss=2.2127E-01, it_time=0.00069 s total_time=0.0 min
[Iteration 50] total_loss=0.1289, data_loss=0.1275, ref_loss=0.0000, physics_loss=1.4235E-01, it_time=0.00069 s total_time=0.0 min
[Iteration 75] total_loss=0.1208, data_loss=0.1167, ref_loss=0.0000, physics_loss=4.1364E-01, it_time=0.00079 s total_time=0.0 min
[Iteration 100] total_loss=0.0821, data_loss=0.0804, ref_loss=0.0000, physics_loss=1.7296E-01, it_time=0.00069 s total_time=0.0 min
[Iteration 125] total_loss=0.0618, data_loss=0.0602, ref_loss=0.0000, physics_loss=1.6162E-01, it_time=0.00102 s total_time=0.1 min
[Iteration 150] total_loss=0.0522, data_loss=0.0505, ref_loss=0.0000, physics_loss=1.6280E-01, it_time=0.00068 s total_time=0.1 min
[Iteration 175] total_loss=0.0436, data_loss=0.0422, ref_loss=0.0000, physics_loss=1.3442E-01, it_time=0.00069 s total_time=0.1 min
[Iteration 200] total_loss=0.0406, data_loss=0.0394, ref_loss=0.0000, physics_loss=1.1990E-01, it_time=0.00069 s total_time=0.1 min
[Iteration 225] total_loss=0.0361, data_loss=0.0351, ref_loss=0.0000, physics_loss=9.7591E-02, it_time=0.00069 s total_time=0.1 min
[Iteration 250] total_loss=0.0339, data_loss=0.0329, ref_loss=0.0000, physics_loss=1.0129E-01, it_time=0.00069 s total_time=0.1 min
[Iteration 275] total_loss=0.0334, data_loss=0.0324, ref_loss=0.0000, physics_loss=1.0716E-01, it_time=0.00069 s total_time=0.1 min
[Iteration 300] total_loss=0.0299, data_loss=0.0291, ref_loss=0.0000, physics_loss=7.9812E-02, it_time=0.00069 s total_time=0.1 min
[Iteration 325] total_loss=0.0298, data_loss=0.0283, ref_loss=0.0000, physics_loss=1.4887E-01, it_time=0.00055 s total_time=0.1 min
[Iteration 350] total_loss=0.0276, data_loss=0.0267, ref_loss=0.0000, physics_loss=8.7762E-02, it_time=0.00093 s total_time=0.1 min
[Iteration 375] total_loss=0.0272, data_loss=0.0263, ref_loss=0.0000, physics_loss=8.5413E-02, it_time=0.00093 s total_time=0.1 min
[Iteration 400] total_loss=0.0256, data_loss=0.0248, ref_loss=0.0000, physics_loss=8.3238E-02, it_time=0.00069 s total_time=0.1 min
[Iteration 425] total_loss=0.0242, data_loss=0.0235, ref_loss=0.0000, physics_loss=6.9598E-02, it_time=0.00069 s total_time=0.1 min
[Iteration 450] total_loss=0.0250, data_loss=0.0239, ref_loss=0.0000, physics_loss=1.1222E-01, it_time=0.00069 s total_time=0.1 min
[Iteration 475] total_loss=0.0230, data_loss=0.0222, ref_loss=0.0000, physics_loss=8.3367E-02, it_time=0.00092 s total_time=0.1 min
[Iteration 500] total_loss=0.0229, data_loss=0.0220, ref_loss=0.0000, physics_loss=8.9063E-02, it_time=0.00069 s total_time=0.2 min
Total avg
Relative error [Fluid] 21.8
Relative error [Bound] 41.6
Relative error [Core] 13.8
Absolute error [Fluid] 0.1481
Absolute error [Bound] 0.2407
Absolute error [Core] 0.1108
Absolute error [Non-F] 0.0000
R.M.S.   error [Fluid] 0.1937
R.M.S.   error [Bound] 0.2906
R.M.S.   error [Core] 0.1366
R.M.S.   error [Non-F] 0.0000
[Iteration 525] total_loss=0.0216, data_loss=0.0210, ref_loss=0.0000, physics_loss=5.7369E-02, it_time=0.00093 s total_time=0.2 min
[Iteration 550] total_loss=0.0210, data_loss=0.0204, ref_loss=0.0000, physics_loss=5.7582E-02, it_time=0.00107 s total_time=0.2 min
[Iteration 575] total_loss=0.0209, data_loss=0.0203, ref_loss=0.0000, physics_loss=5.9991E-02, it_time=0.00068 s total_time=0.2 min
[Iteration 600] total_loss=0.0201, data_loss=0.0195, ref_loss=0.0000, physics_loss=5.5138E-02, it_time=0.00067 s total_time=0.2 min
[Iteration 625] total_loss=0.0196, data_loss=0.0190, ref_loss=0.0000, physics_loss=5.9564E-02, it_time=0.00069 s total_time=0.2 min
[Iteration 650] total_loss=0.0196, data_loss=0.0188, ref_loss=0.0000, physics_loss=7.2615E-02, it_time=0.00084 s total_time=0.2 min
[Iteration 675] total_loss=0.0194, data_loss=0.0187, ref_loss=0.0000, physics_loss=6.7227E-02, it_time=0.00069 s total_time=0.2 min
[Iteration 700] total_loss=0.0184, data_loss=0.0178, ref_loss=0.0000, physics_loss=5.7359E-02, it_time=0.00069 s total_time=0.2 min
[Iteration 725] total_loss=0.0183, data_loss=0.0176, ref_loss=0.0000, physics_loss=7.1408E-02, it_time=0.00069 s total_time=0.2 min
[Iteration 750] total_loss=0.0177, data_loss=0.0171, ref_loss=0.0000, physics_loss=5.7749E-02, it_time=0.00078 s total_time=0.2 min
[Iteration 775] total_loss=0.0177, data_loss=0.0171, ref_loss=0.0000, physics_loss=6.1941E-02, it_time=0.00069 s total_time=0.2 min
[Iteration 800] total_loss=0.0169, data_loss=0.0163, ref_loss=0.0000, physics_loss=5.7054E-02, it_time=0.00069 s total_time=0.3 min
[Iteration 825] total_loss=0.0180, data_loss=0.0167, ref_loss=0.0000, physics_loss=1.3108E-01, it_time=0.00172 s total_time=0.3 min
[Iteration 850] total_loss=0.0164, data_loss=0.0158, ref_loss=0.0000, physics_loss=5.6927E-02, it_time=0.00069 s total_time=0.3 min
[Iteration 875] total_loss=0.0166, data_loss=0.0157, ref_loss=0.0000, physics_loss=9.1094E-02, it_time=0.00069 s total_time=0.3 min
[Iteration 900] total_loss=0.0158, data_loss=0.0152, ref_loss=0.0000, physics_loss=5.7927E-02, it_time=0.00069 s total_time=0.3 min
[Iteration 925] total_loss=0.0159, data_loss=0.0152, ref_loss=0.0000, physics_loss=7.4730E-02, it_time=0.00069 s total_time=0.3 min
[Iteration 950] total_loss=0.0152, data_loss=0.0147, ref_loss=0.0000, physics_loss=5.7914E-02, it_time=0.00078 s total_time=0.3 min
[Iteration 975] total_loss=0.0148, data_loss=0.0143, ref_loss=0.0000, physics_loss=5.5123E-02, it_time=0.00094 s total_time=0.3 min
[Iteration 1000] total_loss=0.0181, data_loss=0.0157, ref_loss=0.0000, physics_loss=2.3879E-01, it_time=0.00069 s total_time=0.3 min
Total avg
Relative error [Fluid] 19.6
Relative error [Bound] 39.4
Relative error [Core] 11.6
Absolute error [Fluid] 0.1308
Absolute error [Bound] 0.2200
Absolute error [Core] 0.0950
Absolute error [Non-F] 0.0000
R.M.S.   error [Fluid] 0.1812
R.M.S.   error [Bound] 0.2807
R.M.S.   error [Core] 0.1198
R.M.S.   error [Non-F] 0.0000
Checkpoint saved to ../models/260406_Aomodel_4dsim_V250_div_w_PINN_sweep/260406_Aomodel_4dsim_V250_div_w_PINN_sweep_FFN_1t_20260407-1741/checkpoints/260406_Aomodel_4dsim_V250_div_w_PINN_sweep_FFN_1t_it1000.pth
[Iteration 1025] total_loss=0.0146, data_loss=0.0140, ref_loss=0.0000, physics_loss=6.1008E-02, it_time=0.0007 s total_time=0.3 min
[Iteration 1050] total_loss=0.0141, data_loss=0.0136, ref_loss=0.0000, physics_loss=5.3713E-02, it_time=0.00069 s total_time=0.4 min
[Iteration 1075] total_loss=0.0138, data_loss=0.0133, ref_loss=0.0000, physics_loss=5.4378E-02, it_time=0.00069 s total_time=0.4 min
[Iteration 1100] total_loss=0.0170, data_loss=0.0143, ref_loss=0.0000, physics_loss=2.6699E-01, it_time=0.00069 s total_time=0.4 min
[Iteration 1125] total_loss=0.0134, data_loss=0.0129, ref_loss=0.0000, physics_loss=5.7439E-02, it_time=0.00069 s total_time=0.4 min
[Iteration 1150] total_loss=0.0131, data_loss=0.0126, ref_loss=0.0000, physics_loss=5.4144E-02, it_time=0.00069 s total_time=0.4 min
[Iteration 1175] total_loss=0.0139, data_loss=0.0130, ref_loss=0.0000, physics_loss=9.2679E-02, it_time=0.00069 s total_time=0.4 min
[Iteration 1200] total_loss=0.0129, data_loss=0.0123, ref_loss=0.0000, physics_loss=6.5471E-02, it_time=0.00069 s total_time=0.4 min
[Iteration 1225] total_loss=0.0125, data_loss=0.0120, ref_loss=0.0000, physics_loss=5.3790E-02, it_time=0.00171 s total_time=0.4 min
[Iteration 1250] total_loss=0.0134, data_loss=0.0122, ref_loss=0.0000, physics_loss=1.2452E-01, it_time=0.0007 s total_time=0.4 min
[Iteration 1275] total_loss=0.0122, data_loss=0.0116, ref_loss=0.0000, physics_loss=5.2856E-02, it_time=0.00069 s total_time=0.4 min
[Iteration 1300] total_loss=0.0119, data_loss=0.0114, ref_loss=0.0000, physics_loss=5.2253E-02, it_time=0.00069 s total_time=0.4 min
[Iteration 1325] total_loss=0.0123, data_loss=0.0114, ref_loss=0.0000, physics_loss=9.2004E-02, it_time=0.00069 s total_time=0.4 min
[Iteration 1350] total_loss=0.0116, data_loss=0.0110, ref_loss=0.0000, physics_loss=5.4146E-02, it_time=0.00069 s total_time=0.4 min
[Iteration 1375] total_loss=0.0129, data_loss=0.0113, ref_loss=0.0000, physics_loss=1.6307E-01, it_time=0.00069 s total_time=0.4 min
[Iteration 1400] total_loss=0.0113, data_loss=0.0108, ref_loss=0.0000, physics_loss=5.4798E-02, it_time=0.00069 s total_time=0.4 min
[Iteration 1425] total_loss=0.0123, data_loss=0.0108, ref_loss=0.0000, physics_loss=1.4942E-01, it_time=0.00069 s total_time=0.4 min
[Iteration 1450] total_loss=0.0110, data_loss=0.0104, ref_loss=0.0000, physics_loss=6.4520E-02, it_time=0.00069 s total_time=0.5 min
[Iteration 1475] total_loss=0.0108, data_loss=0.0102, ref_loss=0.0000, physics_loss=6.0367E-02, it_time=0.00069 s total_time=0.5 min
[Iteration 1500] total_loss=0.0110, data_loss=0.0103, ref_loss=0.0000, physics_loss=6.8521E-02, it_time=0.00199 s total_time=0.5 min
Total avg
Relative error [Fluid] 18.4
Relative error [Bound] 38.9
Relative error [Core] 10.1
Absolute error [Fluid] 0.1221
Absolute error [Bound] 0.2157
Absolute error [Core] 0.0845
Absolute error [Non-F] 0.0000
R.M.S.   error [Fluid] 0.1772
R.M.S.   error [Bound] 0.2819
R.M.S.   error [Core] 0.1099
R.M.S.   error [Non-F] 0.0000
[Iteration 1525] total_loss=0.0104, data_loss=0.0099, ref_loss=0.0000, physics_loss=4.8486E-02, it_time=0.00069 s total_time=0.5 min
[Iteration 1550] total_loss=0.0102, data_loss=0.0097, ref_loss=0.0000, physics_loss=4.7509E-02, it_time=0.00069 s total_time=0.5 min
[Iteration 1575] total_loss=0.0133, data_loss=0.0105, ref_loss=0.0000, physics_loss=2.8091E-01, it_time=0.00069 s total_time=0.5 min
[Iteration 1600] total_loss=0.0101, data_loss=0.0096, ref_loss=0.0000, physics_loss=5.5948E-02, it_time=0.00069 s total_time=0.5 min
[Iteration 1625] total_loss=0.0098, data_loss=0.0093, ref_loss=0.0000, physics_loss=4.7302E-02, it_time=0.00069 s total_time=0.5 min
[Iteration 1650] total_loss=0.0111, data_loss=0.0094, ref_loss=0.0000, physics_loss=1.6510E-01, it_time=0.00068 s total_time=0.5 min
[Iteration 1675] total_loss=0.0097, data_loss=0.0092, ref_loss=0.0000, physics_loss=5.5780E-02, it_time=0.00102 s total_time=0.5 min
[Iteration 1700] total_loss=0.0094, data_loss=0.0090, ref_loss=0.0000, physics_loss=4.4550E-02, it_time=0.00195 s total_time=0.6 min
[Iteration 1725] total_loss=0.0105, data_loss=0.0094, ref_loss=0.0000, physics_loss=1.0623E-01, it_time=0.00069 s total_time=0.6 min
[Iteration 1750] total_loss=0.0097, data_loss=0.0089, ref_loss=0.0000, physics_loss=7.9274E-02, it_time=0.00175 s total_time=0.6 min
[Iteration 1775] total_loss=0.0091, data_loss=0.0087, ref_loss=0.0000, physics_loss=4.7409E-02, it_time=0.00171 s total_time=0.6 min
[Iteration 1800] total_loss=0.0109, data_loss=0.0094, ref_loss=0.0000, physics_loss=1.5185E-01, it_time=0.00068 s total_time=0.6 min
[Iteration 1825] total_loss=0.0092, data_loss=0.0086, ref_loss=0.0000, physics_loss=5.7293E-02, it_time=0.00069 s total_time=0.6 min
[Iteration 1850] total_loss=0.0104, data_loss=0.0089, ref_loss=0.0000, physics_loss=1.5510E-01, it_time=0.00069 s total_time=0.6 min
[Iteration 1875] total_loss=0.0089, data_loss=0.0084, ref_loss=0.0000, physics_loss=4.9596E-02, it_time=0.00069 s total_time=0.6 min
[Iteration 1900] total_loss=0.0086, data_loss=0.0082, ref_loss=0.0000, physics_loss=4.1705E-02, it_time=0.00069 s total_time=0.6 min
[Iteration 1925] total_loss=0.0095, data_loss=0.0083, ref_loss=0.0000, physics_loss=1.2072E-01, it_time=0.00069 s total_time=0.6 min
[Iteration 1950] total_loss=0.0085, data_loss=0.0080, ref_loss=0.0000, physics_loss=4.5431E-02, it_time=0.00069 s total_time=0.6 min
[Iteration 1975] total_loss=0.0088, data_loss=0.0082, ref_loss=0.0000, physics_loss=6.4747E-02, it_time=0.00069 s total_time=0.6 min
[Iteration 2000] total_loss=0.0084, data_loss=0.0079, ref_loss=0.0000, physics_loss=5.2409E-02, it_time=0.00078 s total_time=0.6 min
Total avg
Relative error [Fluid] 18.1
Relative error [Bound] 39.1
Relative error [Core] 9.6
Absolute error [Fluid] 0.1215
Absolute error [Bound] 0.2247
Absolute error [Core] 0.0800
Absolute error [Non-F] 0.0000
R.M.S.   error [Fluid] 0.1844
R.M.S.   error [Bound] 0.3017
R.M.S.   error [Core] 0.1053
R.M.S.   error [Non-F] 0.0000
Checkpoint saved to ../models/260406_Aomodel_4dsim_V250_div_w_PINN_sweep/260406_Aomodel_4dsim_V250_div_w_PINN_sweep_FFN_1t_20260407-1741/checkpoints/260406_Aomodel_4dsim_V250_div_w_PINN_sweep_FFN_1t_it2000.pth
[Iteration 2025] total_loss=0.0081, data_loss=0.0078, ref_loss=0.0000, physics_loss=3.9026E-02, it_time=0.00069 s total_time=0.7 min
[Iteration 2050] total_loss=0.0086, data_loss=0.0077, ref_loss=0.0000, physics_loss=8.4834E-02, it_time=0.00069 s total_time=0.7 min
[Iteration 2075] total_loss=0.0081, data_loss=0.0077, ref_loss=0.0000, physics_loss=4.5576E-02, it_time=0.00069 s total_time=0.7 min
[Iteration 2100] total_loss=0.0079, data_loss=0.0075, ref_loss=0.0000, physics_loss=3.8031E-02, it_time=0.00069 s total_time=0.7 min
[Iteration 2125] total_loss=0.0093, data_loss=0.0081, ref_loss=0.0000, physics_loss=1.2081E-01, it_time=0.00211 s total_time=0.7 min
[Iteration 2150] total_loss=0.0080, data_loss=0.0076, ref_loss=0.0000, physics_loss=4.2869E-02, it_time=0.00069 s total_time=0.7 min
[Iteration 2175] total_loss=0.0078, data_loss=0.0074, ref_loss=0.0000, physics_loss=3.6294E-02, it_time=0.0007 s total_time=0.7 min
[Iteration 2200] total_loss=0.0078, data_loss=0.0073, ref_loss=0.0000, physics_loss=4.9666E-02, it_time=0.00069 s total_time=0.7 min
[Iteration 2225] total_loss=0.0117, data_loss=0.0094, ref_loss=0.0000, physics_loss=2.2120E-01, it_time=0.00069 s total_time=0.7 min
[Iteration 2250] total_loss=0.0082, data_loss=0.0077, ref_loss=0.0000, physics_loss=4.8787E-02, it_time=0.00069 s total_time=0.7 min
[Iteration 2275] total_loss=0.0077, data_loss=0.0074, ref_loss=0.0000, physics_loss=3.4157E-02, it_time=0.00069 s total_time=0.7 min
[Iteration 2300] total_loss=0.0076, data_loss=0.0073, ref_loss=0.0000, physics_loss=3.2948E-02, it_time=0.00069 s total_time=0.7 min
[Iteration 2325] total_loss=0.0075, data_loss=0.0072, ref_loss=0.0000, physics_loss=3.2956E-02, it_time=0.00093 s total_time=0.7 min
[Iteration 2350] total_loss=0.0074, data_loss=0.0071, ref_loss=0.0000, physics_loss=3.2876E-02, it_time=0.00195 s total_time=0.8 min
[Iteration 2375] total_loss=0.0081, data_loss=0.0073, ref_loss=0.0000, physics_loss=8.1989E-02, it_time=0.00078 s total_time=0.8 min
[Iteration 2400] total_loss=0.0074, data_loss=0.0070, ref_loss=0.0000, physics_loss=3.5265E-02, it_time=0.00094 s total_time=0.8 min
[Iteration 2425] total_loss=0.0073, data_loss=0.0069, ref_loss=0.0000, physics_loss=3.7311E-02, it_time=0.0007 s total_time=0.8 min
[Iteration 2450] total_loss=0.0074, data_loss=0.0069, ref_loss=0.0000, physics_loss=5.0210E-02, it_time=0.00201 s total_time=0.8 min
[Iteration 2475] total_loss=0.0072, data_loss=0.0068, ref_loss=0.0000, physics_loss=3.3853E-02, it_time=0.00197 s total_time=0.8 min
[Iteration 2500] total_loss=0.0074, data_loss=0.0068, ref_loss=0.0000, physics_loss=5.8594E-02, it_time=0.0007 s total_time=0.8 min
Total avg
Relative error [Fluid] 17.8
Relative error [Bound] 38.7
Relative error [Core] 9.4
Absolute error [Fluid] 0.1203
Absolute error [Bound] 0.2236
Absolute error [Core] 0.0787
Absolute error [Non-F] 0.0000
R.M.S.   error [Fluid] 0.1847
R.M.S.   error [Bound] 0.3031
R.M.S.   error [Core] 0.1043
R.M.S.   error [Non-F] 0.0000
[Iteration 2525] total_loss=0.0070, data_loss=0.0067, ref_loss=0.0000, physics_loss=3.1203E-02, it_time=0.00069 s total_time=0.8 min
[Iteration 2550] total_loss=0.0070, data_loss=0.0067, ref_loss=0.0000, physics_loss=3.0075E-02, it_time=0.00069 s total_time=0.8 min
[Iteration 2575] total_loss=0.0070, data_loss=0.0066, ref_loss=0.0000, physics_loss=3.2917E-02, it_time=0.0007 s total_time=0.8 min
[Iteration 2600] total_loss=0.0073, data_loss=0.0067, ref_loss=0.0000, physics_loss=5.2185E-02, it_time=0.00094 s total_time=0.8 min
[Iteration 2625] total_loss=0.0069, data_loss=0.0066, ref_loss=0.0000, physics_loss=3.1608E-02, it_time=0.00069 s total_time=0.9 min
[Iteration 2650] total_loss=0.0074, data_loss=0.0066, ref_loss=0.0000, physics_loss=7.6259E-02, it_time=0.00069 s total_time=0.9 min
[Iteration 2675] total_loss=0.0068, data_loss=0.0065, ref_loss=0.0000, physics_loss=3.1166E-02, it_time=0.00069 s total_time=0.9 min
[Iteration 2700] total_loss=0.0068, data_loss=0.0065, ref_loss=0.0000, physics_loss=3.1885E-02, it_time=0.0015 s total_time=0.9 min
[Iteration 2725] total_loss=0.0076, data_loss=0.0066, ref_loss=0.0000, physics_loss=9.4031E-02, it_time=0.00128 s total_time=0.9 min
[Iteration 2750] total_loss=0.0067, data_loss=0.0064, ref_loss=0.0000, physics_loss=3.3073E-02, it_time=0.00069 s total_time=0.9 min
[Iteration 2775] total_loss=0.0080, data_loss=0.0066, ref_loss=0.0000, physics_loss=1.4515E-01, it_time=0.00069 s total_time=0.9 min
[Iteration 2800] total_loss=0.0070, data_loss=0.0065, ref_loss=0.0000, physics_loss=5.7069E-02, it_time=0.00069 s total_time=0.9 min
[Iteration 2825] total_loss=0.0066, data_loss=0.0063, ref_loss=0.0000, physics_loss=2.6353E-02, it_time=0.00069 s total_time=0.9 min
[Iteration 2850] total_loss=0.0067, data_loss=0.0063, ref_loss=0.0000, physics_loss=4.2997E-02, it_time=0.00069 s total_time=0.9 min
[Iteration 2875] total_loss=0.0065, data_loss=0.0062, ref_loss=0.0000, physics_loss=2.8481E-02, it_time=0.00068 s total_time=0.9 min
[Iteration 2900] total_loss=0.0081, data_loss=0.0065, ref_loss=0.0000, physics_loss=1.5628E-01, it_time=0.00069 s total_time=0.9 min
[Iteration 2925] total_loss=0.0153, data_loss=0.0106, ref_loss=0.0000, physics_loss=4.6518E-01, it_time=0.00092 s total_time=0.9 min
[Iteration 2950] total_loss=0.0076, data_loss=0.0069, ref_loss=0.0000, physics_loss=6.9825E-02, it_time=0.0007 s total_time=0.9 min
[Iteration 2975] total_loss=0.0067, data_loss=0.0064, ref_loss=0.0000, physics_loss=2.8212E-02, it_time=0.00175 s total_time=1.0 min
[Iteration 3000] total_loss=0.0065, data_loss=0.0063, ref_loss=0.0000, physics_loss=2.4148E-02, it_time=0.00069 s total_time=1.0 min
Total avg
Relative error [Fluid] 17.7
Relative error [Bound] 38.8
Relative error [Core] 9.2
Absolute error [Fluid] 0.1206
Absolute error [Bound] 0.2285
Absolute error [Core] 0.0771
Absolute error [Non-F] 0.0000
R.M.S.   error [Fluid] 0.1878
R.M.S.   error [Bound] 0.3113
R.M.S.   error [Core] 0.1024
R.M.S.   error [Non-F] 0.0000
Checkpoint saved to ../models/260406_Aomodel_4dsim_V250_div_w_PINN_sweep/260406_Aomodel_4dsim_V250_div_w_PINN_sweep_FFN_1t_20260407-1741/checkpoints/260406_Aomodel_4dsim_V250_div_w_PINN_sweep_FFN_1t_it3000.pth
[Iteration 3025] total_loss=0.0064, data_loss=0.0062, ref_loss=0.0000, physics_loss=2.3436E-02, it_time=0.00069 s total_time=1.0 min
[Iteration 3050] total_loss=0.0064, data_loss=0.0061, ref_loss=0.0000, physics_loss=2.3115E-02, it_time=0.00069 s total_time=1.0 min
[Iteration 3075] total_loss=0.0063, data_loss=0.0061, ref_loss=0.0000, physics_loss=2.2906E-02, it_time=0.00068 s total_time=1.0 min
[Iteration 3100] total_loss=0.0063, data_loss=0.0060, ref_loss=0.0000, physics_loss=2.2728E-02, it_time=0.00069 s total_time=1.0 min
[Iteration 3125] total_loss=0.0062, data_loss=0.0060, ref_loss=0.0000, physics_loss=2.2557E-02, it_time=0.00222 s total_time=1.0 min
[Iteration 3150] total_loss=0.0062, data_loss=0.0060, ref_loss=0.0000, physics_loss=2.2386E-02, it_time=0.00069 s total_time=1.0 min
[Iteration 3175] total_loss=0.0062, data_loss=0.0059, ref_loss=0.0000, physics_loss=2.2209E-02, it_time=0.00069 s total_time=1.0 min
[Iteration 3200] total_loss=0.0061, data_loss=0.0059, ref_loss=0.0000, physics_loss=2.2026E-02, it_time=0.00069 s total_time=1.0 min
[Iteration 3225] total_loss=0.0061, data_loss=0.0059, ref_loss=0.0000, physics_loss=2.1835E-02, it_time=0.00069 s total_time=1.0 min
[Iteration 3250] total_loss=0.0061, data_loss=0.0059, ref_loss=0.0000, physics_loss=2.1630E-02, it_time=0.00069 s total_time=1.0 min
[Iteration 3275] total_loss=0.0067, data_loss=0.0060, ref_loss=0.0000, physics_loss=6.3192E-02, it_time=0.00069 s total_time=1.1 min
[Iteration 3300] total_loss=0.0061, data_loss=0.0059, ref_loss=0.0000, physics_loss=2.5419E-02, it_time=0.00093 s total_time=1.1 min
[Iteration 3325] total_loss=0.0060, data_loss=0.0058, ref_loss=0.0000, physics_loss=2.1831E-02, it_time=0.00093 s total_time=1.1 min
[Iteration 3350] total_loss=0.0063, data_loss=0.0058, ref_loss=0.0000, physics_loss=4.7395E-02, it_time=0.00093 s total_time=1.1 min
[Iteration 3375] total_loss=0.0060, data_loss=0.0057, ref_loss=0.0000, physics_loss=2.5656E-02, it_time=0.00068 s total_time=1.1 min
[Iteration 3400] total_loss=0.0061, data_loss=0.0058, ref_loss=0.0000, physics_loss=2.8847E-02, it_time=0.00068 s total_time=1.1 min
[Iteration 3425] total_loss=0.0062, data_loss=0.0058, ref_loss=0.0000, physics_loss=4.3517E-02, it_time=0.00196 s total_time=1.1 min
[Iteration 3450] total_loss=0.0060, data_loss=0.0057, ref_loss=0.0000, physics_loss=2.9599E-02, it_time=0.00078 s total_time=1.1 min
[Iteration 3475] total_loss=0.0060, data_loss=0.0057, ref_loss=0.0000, physics_loss=2.7089E-02, it_time=0.00069 s total_time=1.1 min
[Iteration 3500] total_loss=0.0062, data_loss=0.0057, ref_loss=0.0000, physics_loss=4.5607E-02, it_time=0.00069 s total_time=1.1 min
Total avg
Relative error [Fluid] 17.6
Relative error [Bound] 38.4
Relative error [Core] 9.2
Absolute error [Fluid] 0.1207
Absolute error [Bound] 0.2284
Absolute error [Core] 0.0774
Absolute error [Non-F] 0.0000
R.M.S.   error [Fluid] 0.1883
R.M.S.   error [Bound] 0.3124
R.M.S.   error [Core] 0.1024
R.M.S.   error [Non-F] 0.0000
Final model saved to ../models/260406_Aomodel_4dsim_V250_div_w_PINN_sweep/260406_Aomodel_4dsim_V250_div_w_PINN_sweep_FFN_1t_20260407-1741/260406_Aomodel_4dsim_V250_div_w_PINN_sweep_FFN_1t_final.pth
Starting script
Copying source code to model directory...
Loaded resolution from file: 0.002, 0.002, 0.002, 0.01874
VNRMSE [Noisy]: 0.096484
Directional error [Noisy]: 0.024761
Divergence [Noisy]: 0.070040
Total avg
Relative error [Fluid] 89.3
Relative error [Bound] 90.2
Relative error [Core] 88.9
Absolute error [Fluid] 0.8305
Absolute error [Bound] 0.6926
Absolute error [Core] 0.8858
Absolute error [Non-F] 0.0000
R.M.S.   error [Fluid] 0.9309
R.M.S.   error [Bound] 0.7966
R.M.S.   error [Core] 0.9797
R.M.S.   error [Non-F] 0.0000
[Iteration 25] total_loss=0.1748, data_loss=0.1704, ref_loss=0.0000, physics_loss=8.7354E-02, it_time=0.00092 s total_time=0.0 min
[Iteration 50] total_loss=0.1293, data_loss=0.1274, ref_loss=0.0000, physics_loss=3.8476E-02, it_time=0.0022 s total_time=0.0 min
[Iteration 75] total_loss=0.1004, data_loss=0.0979, ref_loss=0.0000, physics_loss=4.9699E-02, it_time=0.00222 s total_time=0.0 min
[Iteration 100] total_loss=0.0808, data_loss=0.0778, ref_loss=0.0000, physics_loss=5.8939E-02, it_time=0.00069 s total_time=0.1 min
[Iteration 125] total_loss=0.0671, data_loss=0.0625, ref_loss=0.0000, physics_loss=9.1639E-02, it_time=0.00068 s total_time=0.1 min
[Iteration 150] total_loss=0.0549, data_loss=0.0530, ref_loss=0.0000, physics_loss=3.6586E-02, it_time=0.00068 s total_time=0.1 min
[Iteration 175] total_loss=0.0492, data_loss=0.0467, ref_loss=0.0000, physics_loss=4.9696E-02, it_time=0.00069 s total_time=0.1 min
[Iteration 200] total_loss=0.0435, data_loss=0.0418, ref_loss=0.0000, physics_loss=3.2674E-02, it_time=0.00069 s total_time=0.1 min
[Iteration 225] total_loss=0.0403, data_loss=0.0389, ref_loss=0.0000, physics_loss=2.9561E-02, it_time=0.00069 s total_time=0.1 min
[Iteration 250] total_loss=0.0388, data_loss=0.0372, ref_loss=0.0000, physics_loss=3.2827E-02, it_time=0.00069 s total_time=0.1 min
[Iteration 275] total_loss=0.0495, data_loss=0.0379, ref_loss=0.0000, physics_loss=2.3198E-01, it_time=0.00068 s total_time=0.1 min
[Iteration 300] total_loss=0.0351, data_loss=0.0342, ref_loss=0.0000, physics_loss=1.8483E-02, it_time=0.00069 s total_time=0.1 min
[Iteration 325] total_loss=0.0404, data_loss=0.0356, ref_loss=0.0000, physics_loss=9.6016E-02, it_time=0.00069 s total_time=0.1 min
[Iteration 350] total_loss=0.0329, data_loss=0.0320, ref_loss=0.0000, physics_loss=1.9105E-02, it_time=0.00069 s total_time=0.1 min
[Iteration 375] total_loss=0.0315, data_loss=0.0307, ref_loss=0.0000, physics_loss=1.5870E-02, it_time=0.00068 s total_time=0.1 min
[Iteration 400] total_loss=0.0329, data_loss=0.0312, ref_loss=0.0000, physics_loss=3.3512E-02, it_time=0.00227 s total_time=0.1 min
[Iteration 425] total_loss=0.0300, data_loss=0.0292, ref_loss=0.0000, physics_loss=1.6624E-02, it_time=0.00069 s total_time=0.1 min
[Iteration 450] total_loss=0.0331, data_loss=0.0296, ref_loss=0.0000, physics_loss=6.8581E-02, it_time=0.00078 s total_time=0.1 min
[Iteration 475] total_loss=0.0289, data_loss=0.0280, ref_loss=0.0000, physics_loss=1.7765E-02, it_time=0.00068 s total_time=0.2 min
[Iteration 500] total_loss=0.0296, data_loss=0.0281, ref_loss=0.0000, physics_loss=3.1396E-02, it_time=0.00069 s total_time=0.2 min
Total avg
Relative error [Fluid] 23.5
Relative error [Bound] 43.8
Relative error [Core] 15.4
Absolute error [Fluid] 0.1654
Absolute error [Bound] 0.2660
Absolute error [Core] 0.1249
Absolute error [Non-F] 0.0000
R.M.S.   error [Fluid] 0.2148
R.M.S.   error [Bound] 0.3170
R.M.S.   error [Core] 0.1558
R.M.S.   error [Non-F] 0.0000
[Iteration 525] total_loss=0.0272, data_loss=0.0265, ref_loss=0.0000, physics_loss=1.4140E-02, it_time=0.00069 s total_time=0.2 min
[Iteration 550] total_loss=0.0264, data_loss=0.0258, ref_loss=0.0000, physics_loss=1.3206E-02, it_time=0.00068 s total_time=0.2 min
[Iteration 575] total_loss=0.0258, data_loss=0.0251, ref_loss=0.0000, physics_loss=1.2871E-02, it_time=0.0007 s total_time=0.2 min
[Iteration 600] total_loss=0.0274, data_loss=0.0258, ref_loss=0.0000, physics_loss=3.3829E-02, it_time=0.00069 s total_time=0.2 min
[Iteration 625] total_loss=0.0250, data_loss=0.0243, ref_loss=0.0000, physics_loss=1.3240E-02, it_time=0.00071 s total_time=0.2 min
[Iteration 650] total_loss=0.0258, data_loss=0.0244, ref_loss=0.0000, physics_loss=2.8670E-02, it_time=0.00069 s total_time=0.2 min
[Iteration 675] total_loss=0.0242, data_loss=0.0236, ref_loss=0.0000, physics_loss=1.2241E-02, it_time=0.00068 s total_time=0.2 min
[Iteration 700] total_loss=0.0236, data_loss=0.0230, ref_loss=0.0000, physics_loss=1.2294E-02, it_time=0.00069 s total_time=0.2 min
[Iteration 725] total_loss=0.0248, data_loss=0.0235, ref_loss=0.0000, physics_loss=2.5411E-02, it_time=0.00068 s total_time=0.2 min
[Iteration 750] total_loss=0.0231, data_loss=0.0225, ref_loss=0.0000, physics_loss=1.1562E-02, it_time=0.00068 s total_time=0.2 min
[Iteration 775] total_loss=0.0226, data_loss=0.0220, ref_loss=0.0000, physics_loss=1.1158E-02, it_time=0.00069 s total_time=0.3 min
[Iteration 800] total_loss=0.0273, data_loss=0.0223, ref_loss=0.0000, physics_loss=9.9923E-02, it_time=0.00069 s total_time=0.3 min
[Iteration 825] total_loss=0.0226, data_loss=0.0216, ref_loss=0.0000, physics_loss=1.8602E-02, it_time=0.00068 s total_time=0.3 min
[Iteration 850] total_loss=0.0217, data_loss=0.0211, ref_loss=0.0000, physics_loss=1.1120E-02, it_time=0.00093 s total_time=0.3 min
[Iteration 875] total_loss=0.0212, data_loss=0.0207, ref_loss=0.0000, physics_loss=1.0956E-02, it_time=0.00069 s total_time=0.3 min
[Iteration 900] total_loss=0.0237, data_loss=0.0213, ref_loss=0.0000, physics_loss=4.7682E-02, it_time=0.00079 s total_time=0.3 min
[Iteration 925] total_loss=0.0211, data_loss=0.0204, ref_loss=0.0000, physics_loss=1.3499E-02, it_time=0.00069 s total_time=0.3 min
[Iteration 950] total_loss=0.0205, data_loss=0.0199, ref_loss=0.0000, physics_loss=1.0600E-02, it_time=0.00069 s total_time=0.3 min
[Iteration 975] total_loss=0.0201, data_loss=0.0196, ref_loss=0.0000, physics_loss=1.0621E-02, it_time=0.00069 s total_time=0.3 min
[Iteration 1000] total_loss=0.0210, data_loss=0.0198, ref_loss=0.0000, physics_loss=2.4175E-02, it_time=0.00084 s total_time=0.3 min
Total avg
Relative error [Fluid] 20.1
Relative error [Bound] 40.1
Relative error [Core] 12.1
Absolute error [Fluid] 0.1366
Absolute error [Bound] 0.2295
Absolute error [Core] 0.0992
Absolute error [Non-F] 0.0000
R.M.S.   error [Fluid] 0.1851
R.M.S.   error [Bound] 0.2812
R.M.S.   error [Core] 0.1274
R.M.S.   error [Non-F] 0.0000
Checkpoint saved to ../models/260406_Aomodel_4dsim_V250_div_w_PINN_sweep/260406_Aomodel_4dsim_V250_div_w_PINN_sweep_FFN_1t_20260407-1743/checkpoints/260406_Aomodel_4dsim_V250_div_w_PINN_sweep_FFN_1t_it1000.pth
[Iteration 1025] total_loss=0.0200, data_loss=0.0194, ref_loss=0.0000, physics_loss=1.2590E-02, it_time=0.00069 s total_time=0.3 min
[Iteration 1050] total_loss=0.0195, data_loss=0.0190, ref_loss=0.0000, physics_loss=1.0205E-02, it_time=0.00069 s total_time=0.4 min
[Iteration 1075] total_loss=0.0193, data_loss=0.0188, ref_loss=0.0000, physics_loss=1.0214E-02, it_time=0.00093 s total_time=0.4 min
[Iteration 1100] total_loss=0.0192, data_loss=0.0185, ref_loss=0.0000, physics_loss=1.2503E-02, it_time=0.00186 s total_time=0.4 min
[Iteration 1125] total_loss=0.0207, data_loss=0.0193, ref_loss=0.0000, physics_loss=2.8084E-02, it_time=0.00072 s total_time=0.4 min
[Iteration 1150] total_loss=0.0190, data_loss=0.0184, ref_loss=0.0000, physics_loss=1.0750E-02, it_time=0.00068 s total_time=0.4 min
[Iteration 1175] total_loss=0.0186, data_loss=0.0181, ref_loss=0.0000, physics_loss=9.7785E-03, it_time=0.00069 s total_time=0.4 min
[Iteration 1200] total_loss=0.0184, data_loss=0.0179, ref_loss=0.0000, physics_loss=9.7686E-03, it_time=0.00093 s total_time=0.4 min
[Iteration 1225] total_loss=0.0314, data_loss=0.0209, ref_loss=0.0000, physics_loss=2.0984E-01, it_time=0.00069 s total_time=0.4 min
[Iteration 1250] total_loss=0.0184, data_loss=0.0178, ref_loss=0.0000, physics_loss=1.2460E-02, it_time=0.00102 s total_time=0.4 min
[Iteration 1275] total_loss=0.0180, data_loss=0.0175, ref_loss=0.0000, physics_loss=9.7544E-03, it_time=0.00197 s total_time=0.4 min
[Iteration 1300] total_loss=0.0177, data_loss=0.0173, ref_loss=0.0000, physics_loss=9.6186E-03, it_time=0.00086 s total_time=0.4 min
[Iteration 1325] total_loss=0.0196, data_loss=0.0175, ref_loss=0.0000, physics_loss=4.2605E-02, it_time=0.00069 s total_time=0.4 min
[Iteration 1350] total_loss=0.0176, data_loss=0.0171, ref_loss=0.0000, physics_loss=1.0403E-02, it_time=0.00069 s total_time=0.4 min
[Iteration 1375] total_loss=0.0173, data_loss=0.0168, ref_loss=0.0000, physics_loss=9.3764E-03, it_time=0.00068 s total_time=0.4 min
[Iteration 1400] total_loss=0.0279, data_loss=0.0183, ref_loss=0.0000, physics_loss=1.9154E-01, it_time=0.00069 s total_time=0.5 min
[Iteration 1425] total_loss=0.0175, data_loss=0.0168, ref_loss=0.0000, physics_loss=1.5006E-02, it_time=0.00069 s total_time=0.5 min
[Iteration 1450] total_loss=0.0170, data_loss=0.0165, ref_loss=0.0000, physics_loss=9.2734E-03, it_time=0.00069 s total_time=0.5 min
[Iteration 1475] total_loss=0.0175, data_loss=0.0164, ref_loss=0.0000, physics_loss=2.0605E-02, it_time=0.00079 s total_time=0.5 min
[Iteration 1500] total_loss=0.0169, data_loss=0.0163, ref_loss=0.0000, physics_loss=1.3123E-02, it_time=0.00069 s total_time=0.5 min
Total avg
Relative error [Fluid] 18.9
Relative error [Bound] 38.6
Relative error [Core] 10.9
Absolute error [Fluid] 0.1254
Absolute error [Bound] 0.2148
Absolute error [Core] 0.0895
Absolute error [Non-F] 0.0000
R.M.S.   error [Fluid] 0.1751
R.M.S.   error [Bound] 0.2704
R.M.S.   error [Core] 0.1166
R.M.S.   error [Non-F] 0.0000
[Iteration 1525] total_loss=0.0165, data_loss=0.0160, ref_loss=0.0000, physics_loss=9.3176E-03, it_time=0.00171 s total_time=0.5 min
[Iteration 1550] total_loss=0.0163, data_loss=0.0159, ref_loss=0.0000, physics_loss=9.1253E-03, it_time=0.00069 s total_time=0.5 min
[Iteration 1575] total_loss=0.0162, data_loss=0.0157, ref_loss=0.0000, physics_loss=9.1723E-03, it_time=0.00068 s total_time=0.5 min
[Iteration 1600] total_loss=0.0169, data_loss=0.0159, ref_loss=0.0000, physics_loss=2.0742E-02, it_time=0.0007 s total_time=0.5 min
[Iteration 1625] total_loss=0.0161, data_loss=0.0156, ref_loss=0.0000, physics_loss=9.1753E-03, it_time=0.0007 s total_time=0.5 min
[Iteration 1650] total_loss=0.0159, data_loss=0.0154, ref_loss=0.0000, physics_loss=8.8598E-03, it_time=0.00215 s total_time=0.5 min
[Iteration 1675] total_loss=0.0225, data_loss=0.0163, ref_loss=0.0000, physics_loss=1.2558E-01, it_time=0.00069 s total_time=0.6 min
[Iteration 1700] total_loss=0.0157, data_loss=0.0152, ref_loss=0.0000, physics_loss=9.8486E-03, it_time=0.00069 s total_time=0.6 min
[Iteration 1725] total_loss=0.0155, data_loss=0.0150, ref_loss=0.0000, physics_loss=9.9541E-03, it_time=0.00069 s total_time=0.6 min
[Iteration 1750] total_loss=0.0156, data_loss=0.0150, ref_loss=0.0000, physics_loss=1.3243E-02, it_time=0.00069 s total_time=0.6 min
[Iteration 1775] total_loss=0.0162, data_loss=0.0149, ref_loss=0.0000, physics_loss=2.5014E-02, it_time=0.00067 s total_time=0.6 min
[Iteration 1800] total_loss=0.0160, data_loss=0.0147, ref_loss=0.0000, physics_loss=2.4907E-02, it_time=0.00069 s total_time=0.6 min
[Iteration 1825] total_loss=0.0166, data_loss=0.0146, ref_loss=0.0000, physics_loss=3.9859E-02, it_time=0.00069 s total_time=0.6 min
[Iteration 1850] total_loss=0.0150, data_loss=0.0144, ref_loss=0.0000, physics_loss=1.0404E-02, it_time=0.00069 s total_time=0.6 min
[Iteration 1875] total_loss=0.0155, data_loss=0.0145, ref_loss=0.0000, physics_loss=2.0883E-02, it_time=0.00173 s total_time=0.6 min
[Iteration 1900] total_loss=0.0148, data_loss=0.0143, ref_loss=0.0000, physics_loss=1.0743E-02, it_time=0.00069 s total_time=0.6 min
[Iteration 1925] total_loss=0.0223, data_loss=0.0149, ref_loss=0.0000, physics_loss=1.4800E-01, it_time=0.00069 s total_time=0.6 min
[Iteration 1950] total_loss=0.0148, data_loss=0.0142, ref_loss=0.0000, physics_loss=1.2713E-02, it_time=0.00069 s total_time=0.6 min
[Iteration 1975] total_loss=0.0144, data_loss=0.0139, ref_loss=0.0000, physics_loss=8.8253E-03, it_time=0.00069 s total_time=0.6 min
[Iteration 2000] total_loss=0.0195, data_loss=0.0148, ref_loss=0.0000, physics_loss=9.5230E-02, it_time=0.00069 s total_time=0.6 min
Total avg
Relative error [Fluid] 19.3
Relative error [Bound] 38.9
Relative error [Core] 11.4
Absolute error [Fluid] 0.1296
Absolute error [Bound] 0.2151
Absolute error [Core] 0.0952
Absolute error [Non-F] 0.0000
R.M.S.   error [Fluid] 0.1787
R.M.S.   error [Bound] 0.2729
R.M.S.   error [Core] 0.1219
R.M.S.   error [Non-F] 0.0000
Checkpoint saved to ../models/260406_Aomodel_4dsim_V250_div_w_PINN_sweep/260406_Aomodel_4dsim_V250_div_w_PINN_sweep_FFN_1t_20260407-1743/checkpoints/260406_Aomodel_4dsim_V250_div_w_PINN_sweep_FFN_1t_it2000.pth
[Iteration 2025] total_loss=0.0145, data_loss=0.0138, ref_loss=0.0000, physics_loss=1.3940E-02, it_time=0.002 s total_time=0.7 min
[Iteration 2050] total_loss=0.0140, data_loss=0.0136, ref_loss=0.0000, physics_loss=8.5296E-03, it_time=0.00069 s total_time=0.7 min
[Iteration 2075] total_loss=0.0139, data_loss=0.0135, ref_loss=0.0000, physics_loss=8.4718E-03, it_time=0.00174 s total_time=0.7 min
[Iteration 2100] total_loss=0.0138, data_loss=0.0134, ref_loss=0.0000, physics_loss=8.5404E-03, it_time=0.00092 s total_time=0.7 min
[Iteration 2125] total_loss=0.0163, data_loss=0.0138, ref_loss=0.0000, physics_loss=4.9795E-02, it_time=0.00069 s total_time=0.7 min
[Iteration 2150] total_loss=0.0139, data_loss=0.0133, ref_loss=0.0000, physics_loss=1.2123E-02, it_time=0.00093 s total_time=0.7 min
[Iteration 2175] total_loss=0.0136, data_loss=0.0132, ref_loss=0.0000, physics_loss=8.4793E-03, it_time=0.00068 s total_time=0.7 min
[Iteration 2200] total_loss=0.0208, data_loss=0.0140, ref_loss=0.0000, physics_loss=1.3540E-01, it_time=0.00094 s total_time=0.7 min
[Iteration 2225] total_loss=0.0137, data_loss=0.0131, ref_loss=0.0000, physics_loss=1.1393E-02, it_time=0.0008 s total_time=0.7 min
[Iteration 2250] total_loss=0.0134, data_loss=0.0129, ref_loss=0.0000, physics_loss=8.4327E-03, it_time=0.00198 s total_time=0.7 min
[Iteration 2275] total_loss=0.0132, data_loss=0.0128, ref_loss=0.0000, physics_loss=8.2340E-03, it_time=0.0007 s total_time=0.7 min
[Iteration 2300] total_loss=0.0159, data_loss=0.0135, ref_loss=0.0000, physics_loss=4.8232E-02, it_time=0.00097 s total_time=0.8 min
[Iteration 2325] total_loss=0.0132, data_loss=0.0128, ref_loss=0.0000, physics_loss=9.5796E-03, it_time=0.00069 s total_time=0.8 min
[Iteration 2350] total_loss=0.0130, data_loss=0.0126, ref_loss=0.0000, physics_loss=8.1961E-03, it_time=0.00097 s total_time=0.8 min
[Iteration 2375] total_loss=0.0130, data_loss=0.0125, ref_loss=0.0000, physics_loss=8.9805E-03, it_time=0.00185 s total_time=0.8 min
[Iteration 2400] total_loss=0.0138, data_loss=0.0127, ref_loss=0.0000, physics_loss=2.1813E-02, it_time=0.00069 s total_time=0.8 min
[Iteration 2425] total_loss=0.0129, data_loss=0.0125, ref_loss=0.0000, physics_loss=8.8111E-03, it_time=0.00078 s total_time=0.8 min
[Iteration 2450] total_loss=0.0128, data_loss=0.0123, ref_loss=0.0000, physics_loss=9.7007E-03, it_time=0.00196 s total_time=0.8 min
[Iteration 2475] total_loss=0.0128, data_loss=0.0123, ref_loss=0.0000, physics_loss=9.7659E-03, it_time=0.00067 s total_time=0.8 min
[Iteration 2500] total_loss=0.0128, data_loss=0.0122, ref_loss=0.0000, physics_loss=1.2649E-02, it_time=0.00068 s total_time=0.8 min
Total avg
Relative error [Fluid] 18.2
Relative error [Bound] 38.4
Relative error [Core] 10.1
Absolute error [Fluid] 0.1204
Absolute error [Bound] 0.2108
Absolute error [Core] 0.0840
Absolute error [Non-F] 0.0000
R.M.S.   error [Fluid] 0.1720
R.M.S.   error [Bound] 0.2707
R.M.S.   error [Core] 0.1097
R.M.S.   error [Non-F] 0.0000
[Iteration 2525] total_loss=0.0125, data_loss=0.0121, ref_loss=0.0000, physics_loss=8.6790E-03, it_time=0.00102 s total_time=0.8 min
[Iteration 2550] total_loss=0.0124, data_loss=0.0120, ref_loss=0.0000, physics_loss=7.9323E-03, it_time=0.00068 s total_time=0.8 min
[Iteration 2575] total_loss=0.0148, data_loss=0.0124, ref_loss=0.0000, physics_loss=4.7956E-02, it_time=0.00079 s total_time=0.8 min
[Iteration 2600] total_loss=0.0124, data_loss=0.0119, ref_loss=0.0000, physics_loss=9.0088E-03, it_time=0.00149 s total_time=0.9 min
[Iteration 2625] total_loss=0.0123, data_loss=0.0118, ref_loss=0.0000, physics_loss=9.5183E-03, it_time=0.00148 s total_time=0.9 min
[Iteration 2650] total_loss=0.0124, data_loss=0.0118, ref_loss=0.0000, physics_loss=1.1312E-02, it_time=0.00069 s total_time=0.9 min
[Iteration 2675] total_loss=0.0121, data_loss=0.0117, ref_loss=0.0000, physics_loss=7.9947E-03, it_time=0.00069 s total_time=0.9 min
[Iteration 2700] total_loss=0.0164, data_loss=0.0121, ref_loss=0.0000, physics_loss=8.6078E-02, it_time=0.00069 s total_time=0.9 min
[Iteration 2725] total_loss=0.0123, data_loss=0.0117, ref_loss=0.0000, physics_loss=1.1768E-02, it_time=0.00069 s total_time=0.9 min
[Iteration 2750] total_loss=0.0119, data_loss=0.0115, ref_loss=0.0000, physics_loss=7.5662E-03, it_time=0.00069 s total_time=0.9 min
[Iteration 2775] total_loss=0.0118, data_loss=0.0115, ref_loss=0.0000, physics_loss=7.4518E-03, it_time=0.00094 s total_time=0.9 min
[Iteration 2800] total_loss=0.0133, data_loss=0.0116, ref_loss=0.0000, physics_loss=3.2240E-02, it_time=0.00069 s total_time=0.9 min
[Iteration 2825] total_loss=0.0118, data_loss=0.0114, ref_loss=0.0000, physics_loss=8.1059E-03, it_time=0.00069 s total_time=0.9 min
[Iteration 2850] total_loss=0.0146, data_loss=0.0116, ref_loss=0.0000, physics_loss=6.0135E-02, it_time=0.0007 s total_time=0.9 min
[Iteration 2875] total_loss=0.0119, data_loss=0.0113, ref_loss=0.0000, physics_loss=1.1646E-02, it_time=0.00069 s total_time=0.9 min
[Iteration 2900] total_loss=0.0116, data_loss=0.0112, ref_loss=0.0000, physics_loss=7.6989E-03, it_time=0.00069 s total_time=0.9 min
[Iteration 2925] total_loss=0.0131, data_loss=0.0113, ref_loss=0.0000, physics_loss=3.7392E-02, it_time=0.00069 s total_time=0.9 min
[Iteration 2950] total_loss=0.0115, data_loss=0.0111, ref_loss=0.0000, physics_loss=9.3623E-03, it_time=0.00068 s total_time=0.9 min
[Iteration 2975] total_loss=0.0122, data_loss=0.0111, ref_loss=0.0000, physics_loss=2.1513E-02, it_time=0.00068 s total_time=1.0 min
[Iteration 3000] total_loss=0.0114, data_loss=0.0110, ref_loss=0.0000, physics_loss=8.4528E-03, it_time=0.00094 s total_time=1.0 min
Total avg
Relative error [Fluid] 18.0
Relative error [Bound] 38.5
Relative error [Core] 9.8
Absolute error [Fluid] 0.1190
Absolute error [Bound] 0.2117
Absolute error [Core] 0.0816
Absolute error [Non-F] 0.0000
R.M.S.   error [Fluid] 0.1730
R.M.S.   error [Bound] 0.2749
R.M.S.   error [Core] 0.1075
R.M.S.   error [Non-F] 0.0000
Checkpoint saved to ../models/260406_Aomodel_4dsim_V250_div_w_PINN_sweep/260406_Aomodel_4dsim_V250_div_w_PINN_sweep_FFN_1t_20260407-1743/checkpoints/260406_Aomodel_4dsim_V250_div_w_PINN_sweep_FFN_1t_it3000.pth
[Iteration 3025] total_loss=0.0112, data_loss=0.0109, ref_loss=0.0000, physics_loss=7.1498E-03, it_time=0.00085 s total_time=1.0 min
[Iteration 3050] total_loss=0.0111, data_loss=0.0108, ref_loss=0.0000, physics_loss=7.1574E-03, it_time=0.00086 s total_time=1.0 min
[Iteration 3075] total_loss=0.0111, data_loss=0.0107, ref_loss=0.0000, physics_loss=7.2146E-03, it_time=0.00069 s total_time=1.0 min
[Iteration 3100] total_loss=0.0128, data_loss=0.0110, ref_loss=0.0000, physics_loss=3.6122E-02, it_time=0.00079 s total_time=1.0 min
[Iteration 3125] total_loss=0.0111, data_loss=0.0107, ref_loss=0.0000, physics_loss=8.6596E-03, it_time=0.00069 s total_time=1.0 min
[Iteration 3150] total_loss=0.0109, data_loss=0.0106, ref_loss=0.0000, physics_loss=6.9933E-03, it_time=0.00093 s total_time=1.0 min
[Iteration 3175] total_loss=0.0114, data_loss=0.0105, ref_loss=0.0000, physics_loss=1.6960E-02, it_time=0.00161 s total_time=1.0 min
[Iteration 3200] total_loss=0.0112, data_loss=0.0106, ref_loss=0.0000, physics_loss=1.2884E-02, it_time=0.00069 s total_time=1.0 min
[Iteration 3225] total_loss=0.0108, data_loss=0.0105, ref_loss=0.0000, physics_loss=7.3007E-03, it_time=0.00069 s total_time=1.1 min
[Iteration 3250] total_loss=0.0107, data_loss=0.0104, ref_loss=0.0000, physics_loss=6.9307E-03, it_time=0.00069 s total_time=1.1 min
[Iteration 3275] total_loss=0.0118, data_loss=0.0106, ref_loss=0.0000, physics_loss=2.3712E-02, it_time=0.00102 s total_time=1.1 min
[Iteration 3300] total_loss=0.0107, data_loss=0.0103, ref_loss=0.0000, physics_loss=7.9163E-03, it_time=0.00069 s total_time=1.1 min
[Iteration 3325] total_loss=0.0106, data_loss=0.0102, ref_loss=0.0000, physics_loss=6.7776E-03, it_time=0.00069 s total_time=1.1 min
[Iteration 3350] total_loss=0.0133, data_loss=0.0105, ref_loss=0.0000, physics_loss=5.5451E-02, it_time=0.00173 s total_time=1.1 min
[Iteration 3375] total_loss=0.0106, data_loss=0.0102, ref_loss=0.0000, physics_loss=8.3102E-03, it_time=0.00069 s total_time=1.1 min
[Iteration 3400] total_loss=0.0104, data_loss=0.0101, ref_loss=0.0000, physics_loss=6.8638E-03, it_time=0.00152 s total_time=1.1 min
[Iteration 3425] total_loss=0.0103, data_loss=0.0100, ref_loss=0.0000, physics_loss=6.7779E-03, it_time=0.00223 s total_time=1.1 min
[Iteration 3450] total_loss=0.0121, data_loss=0.0102, ref_loss=0.0000, physics_loss=3.8885E-02, it_time=0.00078 s total_time=1.1 min
[Iteration 3475] total_loss=0.0104, data_loss=0.0099, ref_loss=0.0000, physics_loss=9.2432E-03, it_time=0.00069 s total_time=1.1 min
[Iteration 3500] total_loss=0.0113, data_loss=0.0100, ref_loss=0.0000, physics_loss=2.5108E-02, it_time=0.00069 s total_time=1.1 min
Total avg
Relative error [Fluid] 17.9
Relative error [Bound] 38.7
Relative error [Core] 9.6
Absolute error [Fluid] 0.1187
Absolute error [Bound] 0.2158
Absolute error [Core] 0.0797
Absolute error [Non-F] 0.0000
R.M.S.   error [Fluid] 0.1757
R.M.S.   error [Bound] 0.2829
R.M.S.   error [Core] 0.1055
R.M.S.   error [Non-F] 0.0000
Final model saved to ../models/260406_Aomodel_4dsim_V250_div_w_PINN_sweep/260406_Aomodel_4dsim_V250_div_w_PINN_sweep_FFN_1t_20260407-1743/260406_Aomodel_4dsim_V250_div_w_PINN_sweep_FFN_1t_final.pth
Starting script
Copying source code to model directory...
Loaded resolution from file: 0.002, 0.002, 0.002, 0.01874
VNRMSE [Noisy]: 0.096484
Directional error [Noisy]: 0.024761
Divergence [Noisy]: 0.070040
Total avg
Relative error [Fluid] 89.3
Relative error [Bound] 90.2
Relative error [Core] 88.9
Absolute error [Fluid] 0.8305
Absolute error [Bound] 0.6926
Absolute error [Core] 0.8858
Absolute error [Non-F] 0.0000
R.M.S.   error [Fluid] 0.9309
R.M.S.   error [Bound] 0.7966
R.M.S.   error [Core] 0.9797
R.M.S.   error [Non-F] 0.0000
[Iteration 25] total_loss=0.1774, data_loss=0.1732, ref_loss=0.0000, physics_loss=4.2040E-02, it_time=0.00126 s total_time=0.0 min
[Iteration 50] total_loss=0.1310, data_loss=0.1286, ref_loss=0.0000, physics_loss=2.3315E-02, it_time=0.00069 s total_time=0.0 min
[Iteration 75] total_loss=0.1100, data_loss=0.1060, ref_loss=0.0000, physics_loss=3.9624E-02, it_time=0.00079 s total_time=0.0 min
[Iteration 100] total_loss=0.0926, data_loss=0.0896, ref_loss=0.0000, physics_loss=2.9864E-02, it_time=0.00069 s total_time=0.0 min
[Iteration 125] total_loss=0.0739, data_loss=0.0718, ref_loss=0.0000, physics_loss=2.1135E-02, it_time=0.00069 s total_time=0.1 min
[Iteration 150] total_loss=0.0666, data_loss=0.0646, ref_loss=0.0000, physics_loss=2.0199E-02, it_time=0.00093 s total_time=0.1 min
[Iteration 175] total_loss=0.0623, data_loss=0.0575, ref_loss=0.0000, physics_loss=4.8015E-02, it_time=0.00069 s total_time=0.1 min
[Iteration 200] total_loss=0.0542, data_loss=0.0506, ref_loss=0.0000, physics_loss=3.6677E-02, it_time=0.00068 s total_time=0.1 min
[Iteration 225] total_loss=0.0531, data_loss=0.0464, ref_loss=0.0000, physics_loss=6.6739E-02, it_time=0.00094 s total_time=0.1 min
[Iteration 250] total_loss=0.0446, data_loss=0.0429, ref_loss=0.0000, physics_loss=1.6483E-02, it_time=0.00069 s total_time=0.1 min
[Iteration 275] total_loss=0.0422, data_loss=0.0408, ref_loss=0.0000, physics_loss=1.4429E-02, it_time=0.00069 s total_time=0.1 min
[Iteration 300] total_loss=0.0417, data_loss=0.0396, ref_loss=0.0000, physics_loss=2.0440E-02, it_time=0.00069 s total_time=0.1 min
[Iteration 325] total_loss=0.0461, data_loss=0.0385, ref_loss=0.0000, physics_loss=7.5834E-02, it_time=0.00093 s total_time=0.1 min
[Iteration 350] total_loss=0.0379, data_loss=0.0367, ref_loss=0.0000, physics_loss=1.2416E-02, it_time=0.00068 s total_time=0.1 min
[Iteration 375] total_loss=0.0392, data_loss=0.0358, ref_loss=0.0000, physics_loss=3.4230E-02, it_time=0.00069 s total_time=0.1 min
[Iteration 400] total_loss=0.0355, data_loss=0.0346, ref_loss=0.0000, physics_loss=9.3170E-03, it_time=0.00092 s total_time=0.1 min
[Iteration 425] total_loss=0.0397, data_loss=0.0354, ref_loss=0.0000, physics_loss=4.2244E-02, it_time=0.00093 s total_time=0.1 min
[Iteration 450] total_loss=0.0340, data_loss=0.0331, ref_loss=0.0000, physics_loss=9.7499E-03, it_time=0.00069 s total_time=0.1 min
[Iteration 475] total_loss=0.0365, data_loss=0.0329, ref_loss=0.0000, physics_loss=3.6023E-02, it_time=0.00078 s total_time=0.1 min
[Iteration 500] total_loss=0.0326, data_loss=0.0316, ref_loss=0.0000, physics_loss=9.5775E-03, it_time=0.00069 s total_time=0.1 min
Total avg
Relative error [Fluid] 24.4
Relative error [Bound] 45.4
Relative error [Core] 15.9
Absolute error [Fluid] 0.1718
Absolute error [Bound] 0.2826
Absolute error [Core] 0.1272
Absolute error [Non-F] 0.0000
R.M.S.   error [Fluid] 0.2244
R.M.S.   error [Bound] 0.3353
R.M.S.   error [Core] 0.1593
R.M.S.   error [Non-F] 0.0000
[Iteration 525] total_loss=0.0315, data_loss=0.0308, ref_loss=0.0000, physics_loss=6.9448E-03, it_time=0.00068 s total_time=0.2 min
[Iteration 550] total_loss=0.0309, data_loss=0.0302, ref_loss=0.0000, physics_loss=7.3671E-03, it_time=0.00074 s total_time=0.2 min
[Iteration 575] total_loss=0.0310, data_loss=0.0300, ref_loss=0.0000, physics_loss=9.8187E-03, it_time=0.00069 s total_time=0.2 min
[Iteration 600] total_loss=0.0298, data_loss=0.0291, ref_loss=0.0000, physics_loss=6.6038E-03, it_time=0.00069 s total_time=0.2 min
[Iteration 625] total_loss=0.0349, data_loss=0.0315, ref_loss=0.0000, physics_loss=3.4554E-02, it_time=0.00069 s total_time=0.2 min
[Iteration 650] total_loss=0.0297, data_loss=0.0288, ref_loss=0.0000, physics_loss=8.5071E-03, it_time=0.0007 s total_time=0.2 min
[Iteration 675] total_loss=0.0286, data_loss=0.0280, ref_loss=0.0000, physics_loss=6.2244E-03, it_time=0.00069 s total_time=0.2 min
[Iteration 700] total_loss=0.0288, data_loss=0.0274, ref_loss=0.0000, physics_loss=1.3456E-02, it_time=0.00069 s total_time=0.2 min
[Iteration 725] total_loss=0.0286, data_loss=0.0274, ref_loss=0.0000, physics_loss=1.2007E-02, it_time=0.0022 s total_time=0.2 min
[Iteration 750] total_loss=0.0273, data_loss=0.0267, ref_loss=0.0000, physics_loss=6.3934E-03, it_time=0.00069 s total_time=0.2 min
[Iteration 775] total_loss=0.0285, data_loss=0.0266, ref_loss=0.0000, physics_loss=1.8776E-02, it_time=0.00069 s total_time=0.2 min
[Iteration 800] total_loss=0.0267, data_loss=0.0259, ref_loss=0.0000, physics_loss=7.9416E-03, it_time=0.00069 s total_time=0.2 min
[Iteration 825] total_loss=0.0347, data_loss=0.0261, ref_loss=0.0000, physics_loss=8.5503E-02, it_time=0.00069 s total_time=0.3 min
[Iteration 850] total_loss=0.0258, data_loss=0.0251, ref_loss=0.0000, physics_loss=7.6193E-03, it_time=0.00093 s total_time=0.3 min
[Iteration 875] total_loss=0.0252, data_loss=0.0246, ref_loss=0.0000, physics_loss=6.2016E-03, it_time=0.0015 s total_time=0.3 min
[Iteration 900] total_loss=0.0254, data_loss=0.0245, ref_loss=0.0000, physics_loss=9.3382E-03, it_time=0.00069 s total_time=0.3 min
[Iteration 925] total_loss=0.0247, data_loss=0.0240, ref_loss=0.0000, physics_loss=6.7673E-03, it_time=0.00093 s total_time=0.3 min
[Iteration 950] total_loss=0.0296, data_loss=0.0246, ref_loss=0.0000, physics_loss=5.0206E-02, it_time=0.00069 s total_time=0.3 min
[Iteration 975] total_loss=0.0245, data_loss=0.0236, ref_loss=0.0000, physics_loss=8.9962E-03, it_time=0.00069 s total_time=0.3 min
[Iteration 1000] total_loss=0.0236, data_loss=0.0231, ref_loss=0.0000, physics_loss=5.4984E-03, it_time=0.00198 s total_time=0.3 min
Total avg
Relative error [Fluid] 21.3
Relative error [Bound] 41.6
Relative error [Core] 13.2
Absolute error [Fluid] 0.1460
Absolute error [Bound] 0.2430
Absolute error [Core] 0.1069
Absolute error [Non-F] 0.0000
R.M.S.   error [Fluid] 0.1945
R.M.S.   error [Bound] 0.2951
R.M.S.   error [Core] 0.1341
R.M.S.   error [Non-F] 0.0000
Checkpoint saved to ../models/260406_Aomodel_4dsim_V250_div_w_PINN_sweep/260406_Aomodel_4dsim_V250_div_w_PINN_sweep_FFN_1t_20260407-1744/checkpoints/260406_Aomodel_4dsim_V250_div_w_PINN_sweep_FFN_1t_it1000.pth
[Iteration 1025] total_loss=0.0232, data_loss=0.0227, ref_loss=0.0000, physics_loss=5.1822E-03, it_time=0.00068 s total_time=0.3 min
[Iteration 1050] total_loss=0.0332, data_loss=0.0236, ref_loss=0.0000, physics_loss=9.6002E-02, it_time=0.00078 s total_time=0.3 min
[Iteration 1075] total_loss=0.0232, data_loss=0.0223, ref_loss=0.0000, physics_loss=8.4905E-03, it_time=0.00069 s total_time=0.3 min
[Iteration 1100] total_loss=0.0251, data_loss=0.0225, ref_loss=0.0000, physics_loss=2.5956E-02, it_time=0.00092 s total_time=0.4 min
[Iteration 1125] total_loss=0.0225, data_loss=0.0219, ref_loss=0.0000, physics_loss=6.1943E-03, it_time=0.00069 s total_time=0.4 min
[Iteration 1150] total_loss=0.0221, data_loss=0.0215, ref_loss=0.0000, physics_loss=5.3394E-03, it_time=0.00068 s total_time=0.4 min
[Iteration 1175] total_loss=0.0243, data_loss=0.0221, ref_loss=0.0000, physics_loss=2.2213E-02, it_time=0.0007 s total_time=0.4 min
[Iteration 1200] total_loss=0.0224, data_loss=0.0214, ref_loss=0.0000, physics_loss=1.0559E-02, it_time=0.00069 s total_time=0.4 min
[Iteration 1225] total_loss=0.0215, data_loss=0.0210, ref_loss=0.0000, physics_loss=5.2371E-03, it_time=0.00069 s total_time=0.4 min
[Iteration 1250] total_loss=0.0213, data_loss=0.0207, ref_loss=0.0000, physics_loss=6.2425E-03, it_time=0.00069 s total_time=0.4 min
[Iteration 1275] total_loss=0.0228, data_loss=0.0214, ref_loss=0.0000, physics_loss=1.3713E-02, it_time=0.00069 s total_time=0.4 min
[Iteration 1300] total_loss=0.0214, data_loss=0.0208, ref_loss=0.0000, physics_loss=6.1042E-03, it_time=0.00069 s total_time=0.4 min
[Iteration 1325] total_loss=0.0209, data_loss=0.0204, ref_loss=0.0000, physics_loss=4.6949E-03, it_time=0.00069 s total_time=0.4 min
[Iteration 1350] total_loss=0.0206, data_loss=0.0201, ref_loss=0.0000, physics_loss=4.9907E-03, it_time=0.0007 s total_time=0.4 min
[Iteration 1375] total_loss=0.0216, data_loss=0.0203, ref_loss=0.0000, physics_loss=1.2817E-02, it_time=0.00069 s total_time=0.4 min
[Iteration 1400] total_loss=0.0205, data_loss=0.0198, ref_loss=0.0000, physics_loss=6.4740E-03, it_time=0.00093 s total_time=0.4 min
[Iteration 1425] total_loss=0.0201, data_loss=0.0196, ref_loss=0.0000, physics_loss=4.8245E-03, it_time=0.00094 s total_time=0.4 min
[Iteration 1450] total_loss=0.0228, data_loss=0.0200, ref_loss=0.0000, physics_loss=2.8261E-02, it_time=0.00069 s total_time=0.4 min
[Iteration 1475] total_loss=0.0198, data_loss=0.0193, ref_loss=0.0000, physics_loss=5.1863E-03, it_time=0.00071 s total_time=0.4 min
[Iteration 1500] total_loss=0.0249, data_loss=0.0195, ref_loss=0.0000, physics_loss=5.4117E-02, it_time=0.00069 s total_time=0.5 min
Total avg
Relative error [Fluid] 20.6
Relative error [Bound] 40.8
Relative error [Core] 12.5
Absolute error [Fluid] 0.1415
Absolute error [Bound] 0.2354
Absolute error [Core] 0.1038
Absolute error [Non-F] 0.0000
R.M.S.   error [Fluid] 0.1883
R.M.S.   error [Bound] 0.2859
R.M.S.   error [Core] 0.1299
R.M.S.   error [Non-F] 0.0000
[Iteration 1525] total_loss=0.0196, data_loss=0.0190, ref_loss=0.0000, physics_loss=6.0577E-03, it_time=0.00093 s total_time=0.5 min
[Iteration 1550] total_loss=0.0193, data_loss=0.0188, ref_loss=0.0000, physics_loss=4.9066E-03, it_time=0.00069 s total_time=0.5 min
[Iteration 1575] total_loss=0.0191, data_loss=0.0186, ref_loss=0.0000, physics_loss=4.7530E-03, it_time=0.00069 s total_time=0.5 min
[Iteration 1600] total_loss=0.0189, data_loss=0.0184, ref_loss=0.0000, physics_loss=4.8574E-03, it_time=0.00223 s total_time=0.5 min
[Iteration 1625] total_loss=0.0195, data_loss=0.0185, ref_loss=0.0000, physics_loss=9.9556E-03, it_time=0.00069 s total_time=0.5 min
[Iteration 1650] total_loss=0.0187, data_loss=0.0182, ref_loss=0.0000, physics_loss=5.1006E-03, it_time=0.00069 s total_time=0.5 min
[Iteration 1675] total_loss=0.0189, data_loss=0.0181, ref_loss=0.0000, physics_loss=8.0233E-03, it_time=0.00069 s total_time=0.5 min
[Iteration 1700] total_loss=0.0193, data_loss=0.0181, ref_loss=0.0000, physics_loss=1.1431E-02, it_time=0.00069 s total_time=0.5 min
[Iteration 1725] total_loss=0.0184, data_loss=0.0179, ref_loss=0.0000, physics_loss=5.2517E-03, it_time=0.00069 s total_time=0.5 min
[Iteration 1750] total_loss=0.0202, data_loss=0.0180, ref_loss=0.0000, physics_loss=2.1376E-02, it_time=0.00101 s total_time=0.5 min
[Iteration 1775] total_loss=0.0188, data_loss=0.0178, ref_loss=0.0000, physics_loss=9.5383E-03, it_time=0.00195 s total_time=0.6 min
[Iteration 1800] total_loss=0.0180, data_loss=0.0175, ref_loss=0.0000, physics_loss=4.9285E-03, it_time=0.00069 s total_time=0.6 min
[Iteration 1825] total_loss=0.0204, data_loss=0.0177, ref_loss=0.0000, physics_loss=2.7114E-02, it_time=0.00069 s total_time=0.6 min
[Iteration 1850] total_loss=0.0180, data_loss=0.0173, ref_loss=0.0000, physics_loss=6.5498E-03, it_time=0.00069 s total_time=0.6 min
[Iteration 1875] total_loss=0.0184, data_loss=0.0173, ref_loss=0.0000, physics_loss=1.1524E-02, it_time=0.00069 s total_time=0.6 min
[Iteration 1900] total_loss=0.0176, data_loss=0.0171, ref_loss=0.0000, physics_loss=5.2136E-03, it_time=0.00068 s total_time=0.6 min
[Iteration 1925] total_loss=0.0246, data_loss=0.0176, ref_loss=0.0000, physics_loss=6.9702E-02, it_time=0.00118 s total_time=0.6 min
[Iteration 1950] total_loss=0.0176, data_loss=0.0169, ref_loss=0.0000, physics_loss=6.4451E-03, it_time=0.00069 s total_time=0.6 min
[Iteration 1975] total_loss=0.0176, data_loss=0.0168, ref_loss=0.0000, physics_loss=8.8816E-03, it_time=0.00069 s total_time=0.6 min
[Iteration 2000] total_loss=0.0179, data_loss=0.0168, ref_loss=0.0000, physics_loss=1.0762E-02, it_time=0.00069 s total_time=0.6 min
Total avg
Relative error [Fluid] 19.0
Relative error [Bound] 38.6
Relative error [Core] 11.2
Absolute error [Fluid] 0.1272
Absolute error [Bound] 0.2149
Absolute error [Core] 0.0919
Absolute error [Non-F] 0.0000
R.M.S.   error [Fluid] 0.1758
R.M.S.   error [Bound] 0.2695
R.M.S.   error [Core] 0.1189
R.M.S.   error [Non-F] 0.0000
Checkpoint saved to ../models/260406_Aomodel_4dsim_V250_div_w_PINN_sweep/260406_Aomodel_4dsim_V250_div_w_PINN_sweep_FFN_1t_20260407-1744/checkpoints/260406_Aomodel_4dsim_V250_div_w_PINN_sweep_FFN_1t_it2000.pth
[Iteration 2025] total_loss=0.0171, data_loss=0.0166, ref_loss=0.0000, physics_loss=4.7523E-03, it_time=0.00068 s total_time=0.7 min
[Iteration 2050] total_loss=0.0169, data_loss=0.0164, ref_loss=0.0000, physics_loss=4.3126E-03, it_time=0.00069 s total_time=0.7 min
[Iteration 2075] total_loss=0.0167, data_loss=0.0163, ref_loss=0.0000, physics_loss=4.3311E-03, it_time=0.00069 s total_time=0.7 min
[Iteration 2100] total_loss=0.0166, data_loss=0.0162, ref_loss=0.0000, physics_loss=4.4077E-03, it_time=0.00219 s total_time=0.7 min
[Iteration 2125] total_loss=0.0179, data_loss=0.0163, ref_loss=0.0000, physics_loss=1.5647E-02, it_time=0.00069 s total_time=0.7 min
[Iteration 2150] total_loss=0.0165, data_loss=0.0161, ref_loss=0.0000, physics_loss=4.6473E-03, it_time=0.00069 s total_time=0.7 min
[Iteration 2175] total_loss=0.0176, data_loss=0.0160, ref_loss=0.0000, physics_loss=1.5535E-02, it_time=0.00069 s total_time=0.7 min
[Iteration 2200] total_loss=0.0164, data_loss=0.0159, ref_loss=0.0000, physics_loss=5.4354E-03, it_time=0.00069 s total_time=0.7 min
[Iteration 2225] total_loss=0.0193, data_loss=0.0160, ref_loss=0.0000, physics_loss=3.2860E-02, it_time=0.00069 s total_time=0.7 min
[Iteration 2250] total_loss=0.0165, data_loss=0.0157, ref_loss=0.0000, physics_loss=7.4882E-03, it_time=0.00069 s total_time=0.7 min
[Iteration 2275] total_loss=0.0160, data_loss=0.0156, ref_loss=0.0000, physics_loss=4.4222E-03, it_time=0.00094 s total_time=0.7 min
[Iteration 2300] total_loss=0.0193, data_loss=0.0159, ref_loss=0.0000, physics_loss=3.3786E-02, it_time=0.00069 s total_time=0.7 min
[Iteration 2325] total_loss=0.0162, data_loss=0.0155, ref_loss=0.0000, physics_loss=6.7597E-03, it_time=0.00094 s total_time=0.7 min
[Iteration 2350] total_loss=0.0158, data_loss=0.0153, ref_loss=0.0000, physics_loss=4.5460E-03, it_time=0.00069 s total_time=0.7 min
[Iteration 2375] total_loss=0.0164, data_loss=0.0154, ref_loss=0.0000, physics_loss=9.9416E-03, it_time=0.00055 s total_time=0.7 min
[Iteration 2400] total_loss=0.0157, data_loss=0.0152, ref_loss=0.0000, physics_loss=4.8537E-03, it_time=0.00069 s total_time=0.7 min
[Iteration 2425] total_loss=0.0209, data_loss=0.0154, ref_loss=0.0000, physics_loss=5.5073E-02, it_time=0.00069 s total_time=0.8 min
[Iteration 2450] total_loss=0.0156, data_loss=0.0151, ref_loss=0.0000, physics_loss=5.2216E-03, it_time=0.00172 s total_time=0.8 min
[Iteration 2475] total_loss=0.0154, data_loss=0.0149, ref_loss=0.0000, physics_loss=5.1428E-03, it_time=0.00069 s total_time=0.8 min
[Iteration 2500] total_loss=0.0158, data_loss=0.0149, ref_loss=0.0000, physics_loss=8.7036E-03, it_time=0.00068 s total_time=0.8 min
Total avg
Relative error [Fluid] 18.6
Relative error [Bound] 38.2
Relative error [Core] 10.7
Absolute error [Fluid] 0.1235
Absolute error [Bound] 0.2107
Absolute error [Core] 0.0884
Absolute error [Non-F] 0.0000
R.M.S.   error [Fluid] 0.1727
R.M.S.   error [Bound] 0.2669
R.M.S.   error [Core] 0.1148
R.M.S.   error [Non-F] 0.0000
[Iteration 2525] total_loss=0.0152, data_loss=0.0148, ref_loss=0.0000, physics_loss=4.4294E-03, it_time=0.00069 s total_time=0.8 min
[Iteration 2550] total_loss=0.0151, data_loss=0.0147, ref_loss=0.0000, physics_loss=4.2425E-03, it_time=0.00069 s total_time=0.8 min
[Iteration 2575] total_loss=0.0150, data_loss=0.0146, ref_loss=0.0000, physics_loss=4.2571E-03, it_time=0.00069 s total_time=0.8 min
[Iteration 2600] total_loss=0.0149, data_loss=0.0145, ref_loss=0.0000, physics_loss=4.2962E-03, it_time=0.00069 s total_time=0.8 min
[Iteration 2625] total_loss=0.0166, data_loss=0.0147, ref_loss=0.0000, physics_loss=1.8256E-02, it_time=0.00069 s total_time=0.8 min
[Iteration 2650] total_loss=0.0149, data_loss=0.0144, ref_loss=0.0000, physics_loss=5.0603E-03, it_time=0.00069 s total_time=0.8 min
[Iteration 2675] total_loss=0.0147, data_loss=0.0143, ref_loss=0.0000, physics_loss=4.2736E-03, it_time=0.00152 s total_time=0.8 min
[Iteration 2700] total_loss=0.0159, data_loss=0.0144, ref_loss=0.0000, physics_loss=1.5028E-02, it_time=0.00069 s total_time=0.9 min
[Iteration 2725] total_loss=0.0147, data_loss=0.0142, ref_loss=0.0000, physics_loss=5.5811E-03, it_time=0.00069 s total_time=0.9 min
[Iteration 2750] total_loss=0.0152, data_loss=0.0142, ref_loss=0.0000, physics_loss=1.0429E-02, it_time=0.00069 s total_time=0.9 min
[Iteration 2775] total_loss=0.0145, data_loss=0.0140, ref_loss=0.0000, physics_loss=4.7236E-03, it_time=0.00069 s total_time=0.9 min
[Iteration 2800] total_loss=0.0167, data_loss=0.0142, ref_loss=0.0000, physics_loss=2.4974E-02, it_time=0.00078 s total_time=0.9 min
[Iteration 2825] total_loss=0.0145, data_loss=0.0139, ref_loss=0.0000, physics_loss=5.5358E-03, it_time=0.00069 s total_time=0.9 min
[Iteration 2850] total_loss=0.0147, data_loss=0.0139, ref_loss=0.0000, physics_loss=8.6681E-03, it_time=0.00069 s total_time=0.9 min
[Iteration 2875] total_loss=0.0151, data_loss=0.0139, ref_loss=0.0000, physics_loss=1.2858E-02, it_time=0.00069 s total_time=0.9 min
[Iteration 2900] total_loss=0.0142, data_loss=0.0137, ref_loss=0.0000, physics_loss=4.9613E-03, it_time=0.00069 s total_time=0.9 min
[Iteration 2925] total_loss=0.0142, data_loss=0.0137, ref_loss=0.0000, physics_loss=5.4843E-03, it_time=0.00069 s total_time=0.9 min
[Iteration 2950] total_loss=0.0180, data_loss=0.0138, ref_loss=0.0000, physics_loss=4.1752E-02, it_time=0.00068 s total_time=0.9 min
[Iteration 2975] total_loss=0.0142, data_loss=0.0135, ref_loss=0.0000, physics_loss=6.4225E-03, it_time=0.00069 s total_time=0.9 min
[Iteration 3000] total_loss=0.0151, data_loss=0.0135, ref_loss=0.0000, physics_loss=1.6007E-02, it_time=0.00069 s total_time=0.9 min
Total avg
Relative error [Fluid] 18.1
Relative error [Bound] 37.8
Relative error [Core] 10.2
Absolute error [Fluid] 0.1194
Absolute error [Bound] 0.2059
Absolute error [Core] 0.0846
Absolute error [Non-F] 0.0000
R.M.S.   error [Fluid] 0.1707
R.M.S.   error [Bound] 0.2664
R.M.S.   error [Core] 0.1109
R.M.S.   error [Non-F] 0.0000
Checkpoint saved to ../models/260406_Aomodel_4dsim_V250_div_w_PINN_sweep/260406_Aomodel_4dsim_V250_div_w_PINN_sweep_FFN_1t_20260407-1744/checkpoints/260406_Aomodel_4dsim_V250_div_w_PINN_sweep_FFN_1t_it3000.pth
[Iteration 3025] total_loss=0.0139, data_loss=0.0134, ref_loss=0.0000, physics_loss=4.8629E-03, it_time=0.00069 s total_time=1.0 min
[Iteration 3050] total_loss=0.0137, data_loss=0.0133, ref_loss=0.0000, physics_loss=4.1476E-03, it_time=0.00069 s total_time=1.0 min
[Iteration 3075] total_loss=0.0136, data_loss=0.0132, ref_loss=0.0000, physics_loss=4.1141E-03, it_time=0.00068 s total_time=1.0 min
[Iteration 3100] total_loss=0.0164, data_loss=0.0135, ref_loss=0.0000, physics_loss=2.8724E-02, it_time=0.00069 s total_time=1.0 min
[Iteration 3125] total_loss=0.0138, data_loss=0.0132, ref_loss=0.0000, physics_loss=5.7324E-03, it_time=0.00069 s total_time=1.0 min
[Iteration 3150] total_loss=0.0160, data_loss=0.0132, ref_loss=0.0000, physics_loss=2.8701E-02, it_time=0.00069 s total_time=1.0 min
[Iteration 3175] total_loss=0.0136, data_loss=0.0131, ref_loss=0.0000, physics_loss=5.5046E-03, it_time=0.00069 s total_time=1.0 min
[Iteration 3200] total_loss=0.0140, data_loss=0.0130, ref_loss=0.0000, physics_loss=1.0265E-02, it_time=0.00069 s total_time=1.0 min
[Iteration 3225] total_loss=0.0135, data_loss=0.0130, ref_loss=0.0000, physics_loss=5.8405E-03, it_time=0.00069 s total_time=1.0 min
[Iteration 3250] total_loss=0.0145, data_loss=0.0129, ref_loss=0.0000, physics_loss=1.5862E-02, it_time=0.00069 s total_time=1.0 min
[Iteration 3275] total_loss=0.0135, data_loss=0.0129, ref_loss=0.0000, physics_loss=6.0596E-03, it_time=0.00069 s total_time=1.0 min
[Iteration 3300] total_loss=0.0142, data_loss=0.0128, ref_loss=0.0000, physics_loss=1.4301E-02, it_time=0.00069 s total_time=1.0 min
[Iteration 3325] total_loss=0.0132, data_loss=0.0127, ref_loss=0.0000, physics_loss=5.1789E-03, it_time=0.00069 s total_time=1.0 min
[Iteration 3350] total_loss=0.0155, data_loss=0.0129, ref_loss=0.0000, physics_loss=2.6237E-02, it_time=0.00069 s total_time=1.1 min
[Iteration 3375] total_loss=0.0133, data_loss=0.0127, ref_loss=0.0000, physics_loss=6.3221E-03, it_time=0.00078 s total_time=1.1 min
[Iteration 3400] total_loss=0.0157, data_loss=0.0128, ref_loss=0.0000, physics_loss=2.8481E-02, it_time=0.00068 s total_time=1.1 min
[Iteration 3425] total_loss=0.0130, data_loss=0.0125, ref_loss=0.0000, physics_loss=4.9194E-03, it_time=0.00093 s total_time=1.1 min
[Iteration 3450] total_loss=0.0133, data_loss=0.0125, ref_loss=0.0000, physics_loss=7.8508E-03, it_time=0.00068 s total_time=1.1 min
[Iteration 3475] total_loss=0.0132, data_loss=0.0125, ref_loss=0.0000, physics_loss=6.9209E-03, it_time=0.00068 s total_time=1.1 min
[Iteration 3500] total_loss=0.0130, data_loss=0.0124, ref_loss=0.0000, physics_loss=6.0384E-03, it_time=0.00068 s total_time=1.1 min
Total avg
Relative error [Fluid] 18.0
Relative error [Bound] 38.0
Relative error [Core] 10.0
Absolute error [Fluid] 0.1192
Absolute error [Bound] 0.2080
Absolute error [Core] 0.0835
Absolute error [Non-F] 0.0000
R.M.S.   error [Fluid] 0.1715
R.M.S.   error [Bound] 0.2694
R.M.S.   error [Core] 0.1097
R.M.S.   error [Non-F] 0.0000
Final model saved to ../models/260406_Aomodel_4dsim_V250_div_w_PINN_sweep/260406_Aomodel_4dsim_V250_div_w_PINN_sweep_FFN_1t_20260407-1744/260406_Aomodel_4dsim_V250_div_w_PINN_sweep_FFN_1t_final.pth
Starting script
Copying source code to model directory...
Loaded resolution from file: 0.002, 0.002, 0.002, 0.01874
VNRMSE [Noisy]: 0.096484
Directional error [Noisy]: 0.024761
Divergence [Noisy]: 0.070040
Total avg
Relative error [Fluid] 89.3
Relative error [Bound] 90.2
Relative error [Core] 88.9
Absolute error [Fluid] 0.8306
Absolute error [Bound] 0.6927
Absolute error [Core] 0.8859
Absolute error [Non-F] 0.0000
R.M.S.   error [Fluid] 0.9310
R.M.S.   error [Bound] 0.7967
R.M.S.   error [Core] 0.9798
R.M.S.   error [Non-F] 0.0000
[Iteration 25] total_loss=0.1892, data_loss=0.1843, ref_loss=0.0000, physics_loss=9.7870E-03, it_time=0.00055 s total_time=0.0 min
[Iteration 50] total_loss=0.1466, data_loss=0.1399, ref_loss=0.0000, physics_loss=1.3365E-02, it_time=0.00067 s total_time=0.0 min
[Iteration 75] total_loss=0.1272, data_loss=0.1250, ref_loss=0.0000, physics_loss=4.3468E-03, it_time=0.00069 s total_time=0.0 min
[Iteration 100] total_loss=0.1166, data_loss=0.1143, ref_loss=0.0000, physics_loss=4.4670E-03, it_time=0.00069 s total_time=0.1 min
[Iteration 125] total_loss=0.1118, data_loss=0.1071, ref_loss=0.0000, physics_loss=9.4604E-03, it_time=0.00069 s total_time=0.1 min
[Iteration 150] total_loss=0.1034, data_loss=0.0985, ref_loss=0.0000, physics_loss=9.7777E-03, it_time=0.00069 s total_time=0.1 min
[Iteration 175] total_loss=0.0932, data_loss=0.0901, ref_loss=0.0000, physics_loss=6.2701E-03, it_time=0.00069 s total_time=0.1 min
[Iteration 200] total_loss=0.0904, data_loss=0.0854, ref_loss=0.0000, physics_loss=9.8906E-03, it_time=0.00068 s total_time=0.1 min
[Iteration 225] total_loss=0.0896, data_loss=0.0810, ref_loss=0.0000, physics_loss=1.7195E-02, it_time=0.0007 s total_time=0.1 min
[Iteration 250] total_loss=0.0746, data_loss=0.0726, ref_loss=0.0000, physics_loss=4.0908E-03, it_time=0.00069 s total_time=0.1 min
[Iteration 275] total_loss=0.0730, data_loss=0.0694, ref_loss=0.0000, physics_loss=7.2139E-03, it_time=0.00069 s total_time=0.1 min
[Iteration 300] total_loss=0.0687, data_loss=0.0665, ref_loss=0.0000, physics_loss=4.3781E-03, it_time=0.00068 s total_time=0.1 min
[Iteration 325] total_loss=0.0668, data_loss=0.0616, ref_loss=0.0000, physics_loss=1.0355E-02, it_time=0.00069 s total_time=0.1 min
[Iteration 350] total_loss=0.0627, data_loss=0.0595, ref_loss=0.0000, physics_loss=6.4108E-03, it_time=0.00068 s total_time=0.1 min
[Iteration 375] total_loss=0.0683, data_loss=0.0608, ref_loss=0.0000, physics_loss=1.4840E-02, it_time=0.00069 s total_time=0.1 min
[Iteration 400] total_loss=0.0563, data_loss=0.0548, ref_loss=0.0000, physics_loss=2.9694E-03, it_time=0.0015 s total_time=0.1 min
[Iteration 425] total_loss=0.0573, data_loss=0.0541, ref_loss=0.0000, physics_loss=6.3072E-03, it_time=0.00078 s total_time=0.1 min
[Iteration 450] total_loss=0.0527, data_loss=0.0510, ref_loss=0.0000, physics_loss=3.2716E-03, it_time=0.00067 s total_time=0.2 min
[Iteration 475] total_loss=0.0530, data_loss=0.0503, ref_loss=0.0000, physics_loss=5.4111E-03, it_time=0.00068 s total_time=0.2 min
[Iteration 500] total_loss=0.0544, data_loss=0.0495, ref_loss=0.0000, physics_loss=9.8236E-03, it_time=0.00102 s total_time=0.2 min
Total avg
Relative error [Fluid] 30.0
Relative error [Bound] 51.8
Relative error [Core] 21.3
Absolute error [Fluid] 0.2186
Absolute error [Bound] 0.3446
Absolute error [Core] 0.1679
Absolute error [Non-F] 0.0000
R.M.S.   error [Fluid] 0.2751
R.M.S.   error [Bound] 0.3952
R.M.S.   error [Core] 0.2081
R.M.S.   error [Non-F] 0.0000
[Iteration 525] total_loss=0.0486, data_loss=0.0471, ref_loss=0.0000, physics_loss=3.0287E-03, it_time=0.00069 s total_time=0.2 min
[Iteration 550] total_loss=0.0537, data_loss=0.0464, ref_loss=0.0000, physics_loss=1.4664E-02, it_time=0.00205 s total_time=0.2 min
[Iteration 575] total_loss=0.0482, data_loss=0.0448, ref_loss=0.0000, physics_loss=6.8321E-03, it_time=0.00069 s total_time=0.2 min
[Iteration 600] total_loss=0.0460, data_loss=0.0441, ref_loss=0.0000, physics_loss=3.7683E-03, it_time=0.00068 s total_time=0.2 min
[Iteration 625] total_loss=0.0444, data_loss=0.0428, ref_loss=0.0000, physics_loss=3.1998E-03, it_time=0.00069 s total_time=0.2 min
[Iteration 650] total_loss=0.0464, data_loss=0.0429, ref_loss=0.0000, physics_loss=7.1086E-03, it_time=0.00069 s total_time=0.2 min
[Iteration 675] total_loss=0.0782, data_loss=0.0426, ref_loss=0.0000, physics_loss=7.1165E-02, it_time=0.00082 s total_time=0.2 min
[Iteration 700] total_loss=0.0441, data_loss=0.0417, ref_loss=0.0000, physics_loss=4.8736E-03, it_time=0.00093 s total_time=0.2 min
[Iteration 725] total_loss=0.0431, data_loss=0.0405, ref_loss=0.0000, physics_loss=5.3160E-03, it_time=0.00093 s total_time=0.3 min
[Iteration 750] total_loss=0.0410, data_loss=0.0399, ref_loss=0.0000, physics_loss=2.1332E-03, it_time=0.00069 s total_time=0.3 min
[Iteration 775] total_loss=0.0484, data_loss=0.0405, ref_loss=0.0000, physics_loss=1.5808E-02, it_time=0.00069 s total_time=0.3 min
[Iteration 800] total_loss=0.0401, data_loss=0.0390, ref_loss=0.0000, physics_loss=2.2308E-03, it_time=0.00069 s total_time=0.3 min
[Iteration 825] total_loss=0.0433, data_loss=0.0396, ref_loss=0.0000, physics_loss=7.4098E-03, it_time=0.0007 s total_time=0.3 min
[Iteration 850] total_loss=0.0423, data_loss=0.0382, ref_loss=0.0000, physics_loss=8.1828E-03, it_time=0.00069 s total_time=0.3 min
[Iteration 875] total_loss=0.0409, data_loss=0.0379, ref_loss=0.0000, physics_loss=6.0501E-03, it_time=0.00093 s total_time=0.3 min
[Iteration 900] total_loss=0.0409, data_loss=0.0374, ref_loss=0.0000, physics_loss=6.8828E-03, it_time=0.00069 s total_time=0.3 min
[Iteration 925] total_loss=0.0382, data_loss=0.0367, ref_loss=0.0000, physics_loss=2.8953E-03, it_time=0.00246 s total_time=0.3 min
[Iteration 950] total_loss=0.0519, data_loss=0.0369, ref_loss=0.0000, physics_loss=3.0091E-02, it_time=0.00126 s total_time=0.3 min
[Iteration 975] total_loss=0.0373, data_loss=0.0360, ref_loss=0.0000, physics_loss=2.5068E-03, it_time=0.00078 s total_time=0.3 min
[Iteration 1000] total_loss=0.0395, data_loss=0.0363, ref_loss=0.0000, physics_loss=6.5532E-03, it_time=0.00069 s total_time=0.3 min
Total avg
Relative error [Fluid] 26.0
Relative error [Bound] 48.0
Relative error [Core] 17.2
Absolute error [Fluid] 0.1859
Absolute error [Bound] 0.3074
Absolute error [Core] 0.1370
Absolute error [Non-F] 0.0000
R.M.S.   error [Fluid] 0.2409
R.M.S.   error [Bound] 0.3578
R.M.S.   error [Core] 0.1729
R.M.S.   error [Non-F] 0.0000
Checkpoint saved to ../models/260406_Aomodel_4dsim_V250_div_w_PINN_sweep/260406_Aomodel_4dsim_V250_div_w_PINN_sweep_FFN_1t_20260407-1745/checkpoints/260406_Aomodel_4dsim_V250_div_w_PINN_sweep_FFN_1t_it1000.pth
[Iteration 1025] total_loss=0.0364, data_loss=0.0354, ref_loss=0.0000, physics_loss=1.9631E-03, it_time=0.00171 s total_time=0.4 min
[Iteration 1050] total_loss=0.0356, data_loss=0.0349, ref_loss=0.0000, physics_loss=1.4662E-03, it_time=0.00069 s total_time=0.4 min
[Iteration 1075] total_loss=0.0352, data_loss=0.0345, ref_loss=0.0000, physics_loss=1.4493E-03, it_time=0.00093 s total_time=0.4 min
[Iteration 1100] total_loss=0.0362, data_loss=0.0347, ref_loss=0.0000, physics_loss=3.0832E-03, it_time=0.00084 s total_time=0.4 min
[Iteration 1125] total_loss=0.0349, data_loss=0.0341, ref_loss=0.0000, physics_loss=1.6646E-03, it_time=0.00069 s total_time=0.4 min
[Iteration 1150] total_loss=0.0388, data_loss=0.0346, ref_loss=0.0000, physics_loss=8.4657E-03, it_time=0.00069 s total_time=0.4 min
[Iteration 1175] total_loss=0.0345, data_loss=0.0336, ref_loss=0.0000, physics_loss=1.7957E-03, it_time=0.00093 s total_time=0.4 min
[Iteration 1200] total_loss=0.0404, data_loss=0.0341, ref_loss=0.0000, physics_loss=1.2631E-02, it_time=0.00069 s total_time=0.4 min
[Iteration 1225] total_loss=0.0341, data_loss=0.0332, ref_loss=0.0000, physics_loss=1.8014E-03, it_time=0.00078 s total_time=0.4 min
[Iteration 1250] total_loss=0.0336, data_loss=0.0327, ref_loss=0.0000, physics_loss=1.6660E-03, it_time=0.00069 s total_time=0.4 min
[Iteration 1275] total_loss=0.0345, data_loss=0.0327, ref_loss=0.0000, physics_loss=3.7180E-03, it_time=0.00069 s total_time=0.4 min
[Iteration 1300] total_loss=0.0337, data_loss=0.0322, ref_loss=0.0000, physics_loss=2.9021E-03, it_time=0.00069 s total_time=0.4 min
[Iteration 1325] total_loss=0.0336, data_loss=0.0324, ref_loss=0.0000, physics_loss=2.3865E-03, it_time=0.00069 s total_time=0.4 min
[Iteration 1350] total_loss=0.0328, data_loss=0.0318, ref_loss=0.0000, physics_loss=2.0467E-03, it_time=0.00069 s total_time=0.4 min
[Iteration 1375] total_loss=0.0342, data_loss=0.0319, ref_loss=0.0000, physics_loss=4.5128E-03, it_time=0.0009 s total_time=0.4 min
[Iteration 1400] total_loss=0.0324, data_loss=0.0313, ref_loss=0.0000, physics_loss=2.1101E-03, it_time=0.00069 s total_time=0.5 min
[Iteration 1425] total_loss=0.0351, data_loss=0.0316, ref_loss=0.0000, physics_loss=6.9411E-03, it_time=0.00069 s total_time=0.5 min
[Iteration 1450] total_loss=0.0317, data_loss=0.0310, ref_loss=0.0000, physics_loss=1.5544E-03, it_time=0.00069 s total_time=0.5 min
[Iteration 1475] total_loss=0.0322, data_loss=0.0306, ref_loss=0.0000, physics_loss=3.2044E-03, it_time=0.00069 s total_time=0.5 min
[Iteration 1500] total_loss=0.0319, data_loss=0.0306, ref_loss=0.0000, physics_loss=2.5996E-03, it_time=0.00069 s total_time=0.5 min
Total avg
Relative error [Fluid] 24.1
Relative error [Bound] 45.4
Relative error [Core] 15.6
Absolute error [Fluid] 0.1704
Absolute error [Bound] 0.2825
Absolute error [Core] 0.1253
Absolute error [Non-F] 0.0000
R.M.S.   error [Fluid] 0.2231
R.M.S.   error [Bound] 0.3343
R.M.S.   error [Core] 0.1577
R.M.S.   error [Non-F] 0.0000
[Iteration 1525] total_loss=0.0308, data_loss=0.0302, ref_loss=0.0000, physics_loss=1.2655E-03, it_time=0.00171 s total_time=0.5 min
[Iteration 1550] total_loss=0.0305, data_loss=0.0299, ref_loss=0.0000, physics_loss=1.2236E-03, it_time=0.00172 s total_time=0.5 min
[Iteration 1575] total_loss=0.0303, data_loss=0.0297, ref_loss=0.0000, physics_loss=1.2152E-03, it_time=0.00069 s total_time=0.5 min
[Iteration 1600] total_loss=0.0364, data_loss=0.0304, ref_loss=0.0000, physics_loss=1.2065E-02, it_time=0.00069 s total_time=0.5 min
[Iteration 1625] total_loss=0.0304, data_loss=0.0295, ref_loss=0.0000, physics_loss=1.8989E-03, it_time=0.00069 s total_time=0.5 min
[Iteration 1650] total_loss=0.0425, data_loss=0.0295, ref_loss=0.0000, physics_loss=2.5992E-02, it_time=0.00069 s total_time=0.5 min
[Iteration 1675] total_loss=0.0300, data_loss=0.0291, ref_loss=0.0000, physics_loss=1.8720E-03, it_time=0.00069 s total_time=0.6 min
[Iteration 1700] total_loss=0.0354, data_loss=0.0293, ref_loss=0.0000, physics_loss=1.2206E-02, it_time=0.00069 s total_time=0.6 min
[Iteration 1725] total_loss=0.0295, data_loss=0.0287, ref_loss=0.0000, physics_loss=1.5744E-03, it_time=0.00069 s total_time=0.6 min
[Iteration 1750] total_loss=0.0385, data_loss=0.0285, ref_loss=0.0000, physics_loss=1.9905E-02, it_time=0.00068 s total_time=0.6 min
[Iteration 1775] total_loss=0.0297, data_loss=0.0284, ref_loss=0.0000, physics_loss=2.4453E-03, it_time=0.00155 s total_time=0.6 min
[Iteration 1800] total_loss=0.0316, data_loss=0.0282, ref_loss=0.0000, physics_loss=6.8420E-03, it_time=0.00069 s total_time=0.6 min
[Iteration 1825] total_loss=0.0290, data_loss=0.0281, ref_loss=0.0000, physics_loss=1.7448E-03, it_time=0.00069 s total_time=0.6 min
[Iteration 1850] total_loss=0.0306, data_loss=0.0279, ref_loss=0.0000, physics_loss=5.2636E-03, it_time=0.00069 s total_time=0.6 min
[Iteration 1875] total_loss=0.0283, data_loss=0.0276, ref_loss=0.0000, physics_loss=1.3572E-03, it_time=0.00068 s total_time=0.6 min
[Iteration 1900] total_loss=0.0337, data_loss=0.0278, ref_loss=0.0000, physics_loss=1.1701E-02, it_time=0.00171 s total_time=0.6 min
[Iteration 1925] total_loss=0.0283, data_loss=0.0274, ref_loss=0.0000, physics_loss=1.8179E-03, it_time=0.00069 s total_time=0.6 min
[Iteration 1950] total_loss=0.0350, data_loss=0.0273, ref_loss=0.0000, physics_loss=1.5405E-02, it_time=0.00068 s total_time=0.6 min
[Iteration 1975] total_loss=0.0289, data_loss=0.0272, ref_loss=0.0000, physics_loss=3.4356E-03, it_time=0.00069 s total_time=0.6 min
[Iteration 2000] total_loss=0.0282, data_loss=0.0268, ref_loss=0.0000, physics_loss=2.6641E-03, it_time=0.00219 s total_time=0.6 min
Total avg
Relative error [Fluid] 22.7
Relative error [Bound] 43.2
Relative error [Core] 14.4
Absolute error [Fluid] 0.1583
Absolute error [Bound] 0.2615
Absolute error [Core] 0.1167
Absolute error [Non-F] 0.0000
R.M.S.   error [Fluid] 0.2093
R.M.S.   error [Bound] 0.3144
R.M.S.   error [Core] 0.1472
R.M.S.   error [Non-F] 0.0000
Checkpoint saved to ../models/260406_Aomodel_4dsim_V250_div_w_PINN_sweep/260406_Aomodel_4dsim_V250_div_w_PINN_sweep_FFN_1t_20260407-1745/checkpoints/260406_Aomodel_4dsim_V250_div_w_PINN_sweep_FFN_1t_it2000.pth
[Iteration 2025] total_loss=0.0272, data_loss=0.0266, ref_loss=0.0000, physics_loss=1.2360E-03, it_time=0.00069 s total_time=0.7 min
[Iteration 2050] total_loss=0.0270, data_loss=0.0264, ref_loss=0.0000, physics_loss=1.0907E-03, it_time=0.00093 s total_time=0.7 min
[Iteration 2075] total_loss=0.0325, data_loss=0.0263, ref_loss=0.0000, physics_loss=1.2288E-02, it_time=0.00069 s total_time=0.7 min
[Iteration 2100] total_loss=0.0274, data_loss=0.0262, ref_loss=0.0000, physics_loss=2.3757E-03, it_time=0.00069 s total_time=0.7 min
[Iteration 2125] total_loss=0.0329, data_loss=0.0264, ref_loss=0.0000, physics_loss=1.2999E-02, it_time=0.00222 s total_time=0.7 min
[Iteration 2150] total_loss=0.0270, data_loss=0.0260, ref_loss=0.0000, physics_loss=1.9741E-03, it_time=0.00068 s total_time=0.7 min
[Iteration 2175] total_loss=0.0277, data_loss=0.0258, ref_loss=0.0000, physics_loss=3.9509E-03, it_time=0.00069 s total_time=0.7 min
[Iteration 2200] total_loss=0.0276, data_loss=0.0257, ref_loss=0.0000, physics_loss=3.8214E-03, it_time=0.00092 s total_time=0.7 min
[Iteration 2225] total_loss=0.0266, data_loss=0.0255, ref_loss=0.0000, physics_loss=2.3739E-03, it_time=0.00069 s total_time=0.7 min
[Iteration 2250] total_loss=0.0280, data_loss=0.0257, ref_loss=0.0000, physics_loss=4.6974E-03, it_time=0.00067 s total_time=0.7 min
[Iteration 2275] total_loss=0.0259, data_loss=0.0253, ref_loss=0.0000, physics_loss=1.2136E-03, it_time=0.00069 s total_time=0.7 min
[Iteration 2300] total_loss=0.0268, data_loss=0.0253, ref_loss=0.0000, physics_loss=2.9861E-03, it_time=0.00078 s total_time=0.8 min
[Iteration 2325] total_loss=0.0258, data_loss=0.0251, ref_loss=0.0000, physics_loss=1.4073E-03, it_time=0.00069 s total_time=0.8 min
[Iteration 2350] total_loss=0.0318, data_loss=0.0253, ref_loss=0.0000, physics_loss=1.2973E-02, it_time=0.00069 s total_time=0.8 min
[Iteration 2375] total_loss=0.0258, data_loss=0.0249, ref_loss=0.0000, physics_loss=1.9731E-03, it_time=0.00069 s total_time=0.8 min
[Iteration 2400] total_loss=0.0254, data_loss=0.0246, ref_loss=0.0000, physics_loss=1.4292E-03, it_time=0.00223 s total_time=0.8 min
[Iteration 2425] total_loss=0.0270, data_loss=0.0246, ref_loss=0.0000, physics_loss=4.7232E-03, it_time=0.00069 s total_time=0.8 min
[Iteration 2450] total_loss=0.0275, data_loss=0.0245, ref_loss=0.0000, physics_loss=6.0077E-03, it_time=0.00091 s total_time=0.8 min
[Iteration 2475] total_loss=0.0255, data_loss=0.0243, ref_loss=0.0000, physics_loss=2.4341E-03, it_time=0.00196 s total_time=0.8 min
[Iteration 2500] total_loss=0.0260, data_loss=0.0244, ref_loss=0.0000, physics_loss=3.3009E-03, it_time=0.00078 s total_time=0.8 min
Total avg
Relative error [Fluid] 21.9
Relative error [Bound] 42.6
Relative error [Core] 13.5
Absolute error [Fluid] 0.1512
Absolute error [Bound] 0.2548
Absolute error [Core] 0.1095
Absolute error [Non-F] 0.0000
R.M.S.   error [Fluid] 0.2016
R.M.S.   error [Bound] 0.3067
R.M.S.   error [Core] 0.1385
R.M.S.   error [Non-F] 0.0000
[Iteration 2525] total_loss=0.0246, data_loss=0.0241, ref_loss=0.0000, physics_loss=1.1287E-03, it_time=0.00068 s total_time=0.8 min
[Iteration 2550] total_loss=0.0245, data_loss=0.0239, ref_loss=0.0000, physics_loss=1.0620E-03, it_time=0.00069 s total_time=0.8 min
[Iteration 2575] total_loss=0.0243, data_loss=0.0238, ref_loss=0.0000, physics_loss=1.0507E-03, it_time=0.00067 s total_time=0.8 min
[Iteration 2600] total_loss=0.0268, data_loss=0.0237, ref_loss=0.0000, physics_loss=6.1716E-03, it_time=0.00069 s total_time=0.9 min
[Iteration 2625] total_loss=0.0248, data_loss=0.0238, ref_loss=0.0000, physics_loss=1.8999E-03, it_time=0.00116 s total_time=0.9 min
[Iteration 2650] total_loss=0.0241, data_loss=0.0236, ref_loss=0.0000, physics_loss=1.1494E-03, it_time=0.0015 s total_time=0.9 min
[Iteration 2675] total_loss=0.0264, data_loss=0.0236, ref_loss=0.0000, physics_loss=5.6590E-03, it_time=0.00067 s total_time=0.9 min
[Iteration 2700] total_loss=0.0242, data_loss=0.0234, ref_loss=0.0000, physics_loss=1.7198E-03, it_time=0.00069 s total_time=0.9 min
[Iteration 2725] total_loss=0.0248, data_loss=0.0233, ref_loss=0.0000, physics_loss=2.8835E-03, it_time=0.00069 s total_time=0.9 min
[Iteration 2750] total_loss=0.0241, data_loss=0.0232, ref_loss=0.0000, physics_loss=1.9040E-03, it_time=0.00069 s total_time=0.9 min
[Iteration 2775] total_loss=0.0249, data_loss=0.0231, ref_loss=0.0000, physics_loss=3.4978E-03, it_time=0.00069 s total_time=0.9 min
[Iteration 2800] total_loss=0.0259, data_loss=0.0231, ref_loss=0.0000, physics_loss=5.5448E-03, it_time=0.00093 s total_time=0.9 min
[Iteration 2825] total_loss=0.0239, data_loss=0.0229, ref_loss=0.0000, physics_loss=2.0036E-03, it_time=0.00069 s total_time=0.9 min
[Iteration 2850] total_loss=0.0263, data_loss=0.0229, ref_loss=0.0000, physics_loss=6.7280E-03, it_time=0.00068 s total_time=0.9 min
[Iteration 2875] total_loss=0.0284, data_loss=0.0228, ref_loss=0.0000, physics_loss=1.1166E-02, it_time=0.00174 s total_time=0.9 min
[Iteration 2900] total_loss=0.0242, data_loss=0.0227, ref_loss=0.0000, physics_loss=2.9723E-03, it_time=0.00092 s total_time=0.9 min
[Iteration 2925] total_loss=0.0235, data_loss=0.0227, ref_loss=0.0000, physics_loss=1.6292E-03, it_time=0.00069 s total_time=0.9 min
[Iteration 2950] total_loss=0.0242, data_loss=0.0225, ref_loss=0.0000, physics_loss=3.4230E-03, it_time=0.00068 s total_time=1.0 min
[Iteration 2975] total_loss=0.0235, data_loss=0.0224, ref_loss=0.0000, physics_loss=2.1194E-03, it_time=0.00069 s total_time=1.0 min
[Iteration 3000] total_loss=0.0238, data_loss=0.0224, ref_loss=0.0000, physics_loss=2.7222E-03, it_time=0.00069 s total_time=1.0 min
Total avg
Relative error [Fluid] 21.2
Relative error [Bound] 41.8
Relative error [Core] 12.9
Absolute error [Fluid] 0.1460
Absolute error [Bound] 0.2465
Absolute error [Core] 0.1055
Absolute error [Non-F] 0.0000
R.M.S.   error [Fluid] 0.1955
R.M.S.   error [Bound] 0.2984
R.M.S.   error [Core] 0.1333
R.M.S.   error [Non-F] 0.0000
Checkpoint saved to ../models/260406_Aomodel_4dsim_V250_div_w_PINN_sweep/260406_Aomodel_4dsim_V250_div_w_PINN_sweep_FFN_1t_20260407-1745/checkpoints/260406_Aomodel_4dsim_V250_div_w_PINN_sweep_FFN_1t_it3000.pth
[Iteration 3025] total_loss=0.0229, data_loss=0.0223, ref_loss=0.0000, physics_loss=1.2762E-03, it_time=0.00172 s total_time=1.0 min
[Iteration 3050] total_loss=0.0227, data_loss=0.0221, ref_loss=0.0000, physics_loss=1.0281E-03, it_time=0.00069 s total_time=1.0 min
[Iteration 3075] total_loss=0.0225, data_loss=0.0220, ref_loss=0.0000, physics_loss=1.0138E-03, it_time=0.00069 s total_time=1.0 min
[Iteration 3100] total_loss=0.0224, data_loss=0.0219, ref_loss=0.0000, physics_loss=1.0202E-03, it_time=0.00069 s total_time=1.0 min
[Iteration 3125] total_loss=0.0432, data_loss=0.0223, ref_loss=0.0000, physics_loss=4.1937E-02, it_time=0.00069 s total_time=1.0 min
[Iteration 3150] total_loss=0.0238, data_loss=0.0220, ref_loss=0.0000, physics_loss=3.6764E-03, it_time=0.00069 s total_time=1.0 min
[Iteration 3175] total_loss=0.0224, data_loss=0.0218, ref_loss=0.0000, physics_loss=1.2051E-03, it_time=0.00194 s total_time=1.0 min
[Iteration 3200] total_loss=0.0222, data_loss=0.0217, ref_loss=0.0000, physics_loss=1.0252E-03, it_time=0.00068 s total_time=1.0 min
[Iteration 3225] total_loss=0.0309, data_loss=0.0219, ref_loss=0.0000, physics_loss=1.8135E-02, it_time=0.00069 s total_time=1.1 min
[Iteration 3250] total_loss=0.0224, data_loss=0.0216, ref_loss=0.0000, physics_loss=1.5705E-03, it_time=0.00069 s total_time=1.1 min
[Iteration 3275] total_loss=0.0221, data_loss=0.0215, ref_loss=0.0000, physics_loss=1.2289E-03, it_time=0.00069 s total_time=1.1 min
[Iteration 3300] total_loss=0.0229, data_loss=0.0215, ref_loss=0.0000, physics_loss=2.8189E-03, it_time=0.00069 s total_time=1.1 min
[Iteration 3325] total_loss=0.0221, data_loss=0.0214, ref_loss=0.0000, physics_loss=1.3736E-03, it_time=0.00069 s total_time=1.1 min
[Iteration 3350] total_loss=0.0232, data_loss=0.0215, ref_loss=0.0000, physics_loss=3.4483E-03, it_time=0.00069 s total_time=1.1 min
[Iteration 3375] total_loss=0.0220, data_loss=0.0213, ref_loss=0.0000, physics_loss=1.3531E-03, it_time=0.00069 s total_time=1.1 min
[Iteration 3400] total_loss=0.0221, data_loss=0.0212, ref_loss=0.0000, physics_loss=1.8616E-03, it_time=0.00069 s total_time=1.1 min
[Iteration 3425] total_loss=0.0222, data_loss=0.0212, ref_loss=0.0000, physics_loss=1.9966E-03, it_time=0.00068 s total_time=1.1 min
[Iteration 3450] total_loss=0.0216, data_loss=0.0211, ref_loss=0.0000, physics_loss=1.0842E-03, it_time=0.00069 s total_time=1.1 min
[Iteration 3475] total_loss=0.0258, data_loss=0.0213, ref_loss=0.0000, physics_loss=8.9835E-03, it_time=0.00068 s total_time=1.1 min
[Iteration 3500] total_loss=0.0218, data_loss=0.0210, ref_loss=0.0000, physics_loss=1.6614E-03, it_time=0.00093 s total_time=1.1 min
Total avg
Relative error [Fluid] 20.5
Relative error [Bound] 40.9
Relative error [Core] 12.3
Absolute error [Fluid] 0.1402
Absolute error [Bound] 0.2366
Absolute error [Core] 0.1014
Absolute error [Non-F] 0.0000
R.M.S.   error [Fluid] 0.1891
R.M.S.   error [Bound] 0.2884
R.M.S.   error [Core] 0.1291
R.M.S.   error [Non-F] 0.0000
Final model saved to ../models/260406_Aomodel_4dsim_V250_div_w_PINN_sweep/260406_Aomodel_4dsim_V250_div_w_PINN_sweep_FFN_1t_20260407-1745/260406_Aomodel_4dsim_V250_div_w_PINN_sweep_FFN_1t_final.pth
Starting script
Copying source code to model directory...
Loaded resolution from file: 0.002, 0.002, 0.002, 0.01874
VNRMSE [Noisy]: 0.096484
Directional error [Noisy]: 0.024761
Divergence [Noisy]: 0.070040
Total avg
Relative error [Fluid] 89.3
Relative error [Bound] 90.2
Relative error [Core] 88.9
Absolute error [Fluid] 0.8307
Absolute error [Bound] 0.6928
Absolute error [Core] 0.8860
Absolute error [Non-F] 0.0000
R.M.S.   error [Fluid] 0.9311
R.M.S.   error [Bound] 0.7968
R.M.S.   error [Core] 0.9799
R.M.S.   error [Non-F] 0.0000
[Iteration 25] total_loss=0.2065, data_loss=0.1993, ref_loss=0.0000, physics_loss=7.2552E-03, it_time=0.00069 s total_time=0.0 min
[Iteration 50] total_loss=0.1614, data_loss=0.1509, ref_loss=0.0000, physics_loss=1.0502E-02, it_time=0.00068 s total_time=0.0 min
[Iteration 75] total_loss=0.1381, data_loss=0.1340, ref_loss=0.0000, physics_loss=4.1175E-03, it_time=0.00069 s total_time=0.0 min
[Iteration 100] total_loss=0.1844, data_loss=0.1369, ref_loss=0.0000, physics_loss=4.7481E-02, it_time=0.00068 s total_time=0.1 min
[Iteration 125] total_loss=0.1301, data_loss=0.1264, ref_loss=0.0000, physics_loss=3.6540E-03, it_time=0.00187 s total_time=0.1 min
[Iteration 150] total_loss=0.1183, data_loss=0.1169, ref_loss=0.0000, physics_loss=1.3786E-03, it_time=0.00201 s total_time=0.1 min
[Iteration 175] total_loss=0.1158, data_loss=0.1113, ref_loss=0.0000, physics_loss=4.4805E-03, it_time=0.00068 s total_time=0.1 min
[Iteration 200] total_loss=0.1189, data_loss=0.1127, ref_loss=0.0000, physics_loss=6.2713E-03, it_time=0.00068 s total_time=0.1 min
[Iteration 225] total_loss=0.1098, data_loss=0.1019, ref_loss=0.0000, physics_loss=7.9486E-03, it_time=0.00068 s total_time=0.1 min
[Iteration 250] total_loss=0.1017, data_loss=0.0968, ref_loss=0.0000, physics_loss=4.9364E-03, it_time=0.00069 s total_time=0.1 min
[Iteration 275] total_loss=0.1422, data_loss=0.1214, ref_loss=0.0000, physics_loss=2.0832E-02, it_time=0.00069 s total_time=0.1 min
[Iteration 300] total_loss=0.1000, data_loss=0.0970, ref_loss=0.0000, physics_loss=2.9370E-03, it_time=0.00068 s total_time=0.1 min
[Iteration 325] total_loss=0.0877, data_loss=0.0864, ref_loss=0.0000, physics_loss=1.2159E-03, it_time=0.00069 s total_time=0.1 min
[Iteration 350] total_loss=0.0942, data_loss=0.0879, ref_loss=0.0000, physics_loss=6.2896E-03, it_time=0.00171 s total_time=0.1 min
[Iteration 375] total_loss=0.0795, data_loss=0.0773, ref_loss=0.0000, physics_loss=2.2121E-03, it_time=0.00068 s total_time=0.1 min
[Iteration 400] total_loss=0.1096, data_loss=0.0956, ref_loss=0.0000, physics_loss=1.3994E-02, it_time=0.00068 s total_time=0.1 min
[Iteration 425] total_loss=0.0808, data_loss=0.0785, ref_loss=0.0000, physics_loss=2.2688E-03, it_time=0.00068 s total_time=0.1 min
[Iteration 450] total_loss=0.0719, data_loss=0.0707, ref_loss=0.0000, physics_loss=1.2618E-03, it_time=0.00069 s total_time=0.1 min
[Iteration 475] total_loss=0.0830, data_loss=0.0718, ref_loss=0.0000, physics_loss=1.1153E-02, it_time=0.00069 s total_time=0.1 min
[Iteration 500] total_loss=0.0726, data_loss=0.0683, ref_loss=0.0000, physics_loss=4.3135E-03, it_time=0.00074 s total_time=0.2 min
Total avg
Relative error [Fluid] 34.4
Relative error [Bound] 54.8
Relative error [Core] 26.2
Absolute error [Fluid] 0.2527
Absolute error [Bound] 0.3754
Absolute error [Core] 0.2033
Absolute error [Non-F] 0.0000
R.M.S.   error [Fluid] 0.3128
R.M.S.   error [Bound] 0.4294
R.M.S.   error [Core] 0.2512
R.M.S.   error [Non-F] 0.0000
[Iteration 525] total_loss=0.0648, data_loss=0.0636, ref_loss=0.0000, physics_loss=1.2288E-03, it_time=0.00068 s total_time=0.2 min
[Iteration 550] total_loss=0.0623, data_loss=0.0606, ref_loss=0.0000, physics_loss=1.6727E-03, it_time=0.00093 s total_time=0.2 min
[Iteration 575] total_loss=0.0662, data_loss=0.0618, ref_loss=0.0000, physics_loss=4.4570E-03, it_time=0.00069 s total_time=0.2 min
[Iteration 600] total_loss=0.0597, data_loss=0.0581, ref_loss=0.0000, physics_loss=1.5875E-03, it_time=0.00093 s total_time=0.2 min
[Iteration 625] total_loss=0.0699, data_loss=0.0589, ref_loss=0.0000, physics_loss=1.0996E-02, it_time=0.00102 s total_time=0.2 min
[Iteration 650] total_loss=0.0573, data_loss=0.0555, ref_loss=0.0000, physics_loss=1.7883E-03, it_time=0.00069 s total_time=0.2 min
[Iteration 675] total_loss=0.0651, data_loss=0.0563, ref_loss=0.0000, physics_loss=8.7567E-03, it_time=0.00069 s total_time=0.2 min
[Iteration 700] total_loss=0.0550, data_loss=0.0531, ref_loss=0.0000, physics_loss=1.9569E-03, it_time=0.00068 s total_time=0.2 min
[Iteration 725] total_loss=0.0590, data_loss=0.0550, ref_loss=0.0000, physics_loss=3.9375E-03, it_time=0.00069 s total_time=0.2 min
[Iteration 750] total_loss=0.0532, data_loss=0.0519, ref_loss=0.0000, physics_loss=1.2531E-03, it_time=0.00069 s total_time=0.2 min
[Iteration 775] total_loss=0.1125, data_loss=0.0520, ref_loss=0.0000, physics_loss=6.0517E-02, it_time=0.00068 s total_time=0.3 min
[Iteration 800] total_loss=0.0520, data_loss=0.0501, ref_loss=0.0000, physics_loss=1.8471E-03, it_time=0.00069 s total_time=0.3 min
[Iteration 825] total_loss=0.0550, data_loss=0.0485, ref_loss=0.0000, physics_loss=6.4796E-03, it_time=0.00068 s total_time=0.3 min
[Iteration 850] total_loss=0.0509, data_loss=0.0484, ref_loss=0.0000, physics_loss=2.4998E-03, it_time=0.00069 s total_time=0.3 min
[Iteration 875] total_loss=0.0478, data_loss=0.0469, ref_loss=0.0000, physics_loss=9.0259E-04, it_time=0.00069 s total_time=0.3 min
[Iteration 900] total_loss=0.0580, data_loss=0.0493, ref_loss=0.0000, physics_loss=8.7217E-03, it_time=0.00069 s total_time=0.3 min
[Iteration 925] total_loss=0.0484, data_loss=0.0462, ref_loss=0.0000, physics_loss=2.2399E-03, it_time=0.00069 s total_time=0.3 min
[Iteration 950] total_loss=0.0581, data_loss=0.0480, ref_loss=0.0000, physics_loss=1.0134E-02, it_time=0.00068 s total_time=0.3 min
[Iteration 975] total_loss=0.0466, data_loss=0.0451, ref_loss=0.0000, physics_loss=1.4987E-03, it_time=0.00085 s total_time=0.3 min
[Iteration 1000] total_loss=0.0557, data_loss=0.0456, ref_loss=0.0000, physics_loss=1.0150E-02, it_time=0.00224 s total_time=0.3 min
Total avg
Relative error [Fluid] 29.0
Relative error [Bound] 50.6
Relative error [Core] 20.3
Absolute error [Fluid] 0.2118
Absolute error [Bound] 0.3332
Absolute error [Core] 0.1629
Absolute error [Non-F] 0.0000
R.M.S.   error [Fluid] 0.2687
R.M.S.   error [Bound] 0.3851
R.M.S.   error [Core] 0.2039
R.M.S.   error [Non-F] 0.0000
Checkpoint saved to ../models/260406_Aomodel_4dsim_V250_div_w_PINN_sweep/260406_Aomodel_4dsim_V250_div_w_PINN_sweep_FFN_1t_20260407-1747/checkpoints/260406_Aomodel_4dsim_V250_div_w_PINN_sweep_FFN_1t_it1000.pth
[Iteration 1025] total_loss=0.0461, data_loss=0.0440, ref_loss=0.0000, physics_loss=2.1476E-03, it_time=0.00069 s total_time=0.4 min
[Iteration 1050] total_loss=0.0439, data_loss=0.0430, ref_loss=0.0000, physics_loss=8.8873E-04, it_time=0.00067 s total_time=0.4 min
[Iteration 1075] total_loss=0.0431, data_loss=0.0423, ref_loss=0.0000, physics_loss=8.4361E-04, it_time=0.00069 s total_time=0.4 min
[Iteration 1100] total_loss=0.0610, data_loss=0.0450, ref_loss=0.0000, physics_loss=1.5976E-02, it_time=0.00069 s total_time=0.4 min
[Iteration 1125] total_loss=0.0435, data_loss=0.0424, ref_loss=0.0000, physics_loss=1.1686E-03, it_time=0.00069 s total_time=0.4 min
[Iteration 1150] total_loss=0.0685, data_loss=0.0425, ref_loss=0.0000, physics_loss=2.5979E-02, it_time=0.00176 s total_time=0.4 min
[Iteration 1175] total_loss=0.0431, data_loss=0.0414, ref_loss=0.0000, physics_loss=1.7023E-03, it_time=0.00069 s total_time=0.4 min
[Iteration 1200] total_loss=0.0416, data_loss=0.0406, ref_loss=0.0000, physics_loss=9.7723E-04, it_time=0.00125 s total_time=0.4 min
[Iteration 1225] total_loss=0.0543, data_loss=0.0402, ref_loss=0.0000, physics_loss=1.4030E-02, it_time=0.00069 s total_time=0.4 min
[Iteration 1250] total_loss=0.0417, data_loss=0.0402, ref_loss=0.0000, physics_loss=1.4986E-03, it_time=0.00069 s total_time=0.4 min
[Iteration 1275] total_loss=0.0404, data_loss=0.0394, ref_loss=0.0000, physics_loss=9.9922E-04, it_time=0.00069 s total_time=0.4 min
[Iteration 1300] total_loss=0.0450, data_loss=0.0399, ref_loss=0.0000, physics_loss=5.1392E-03, it_time=0.00068 s total_time=0.4 min
[Iteration 1325] total_loss=0.0399, data_loss=0.0389, ref_loss=0.0000, physics_loss=9.5449E-04, it_time=0.00067 s total_time=0.4 min
[Iteration 1350] total_loss=0.0526, data_loss=0.0400, ref_loss=0.0000, physics_loss=1.2601E-02, it_time=0.00069 s total_time=0.4 min
[Iteration 1375] total_loss=0.0404, data_loss=0.0385, ref_loss=0.0000, physics_loss=1.8969E-03, it_time=0.00069 s total_time=0.4 min
[Iteration 1400] total_loss=0.0499, data_loss=0.0380, ref_loss=0.0000, physics_loss=1.1924E-02, it_time=0.00069 s total_time=0.5 min
[Iteration 1425] total_loss=0.0409, data_loss=0.0381, ref_loss=0.0000, physics_loss=2.7512E-03, it_time=0.00069 s total_time=0.5 min
[Iteration 1450] total_loss=0.0385, data_loss=0.0374, ref_loss=0.0000, physics_loss=1.0753E-03, it_time=0.00069 s total_time=0.5 min
[Iteration 1475] total_loss=0.0446, data_loss=0.0404, ref_loss=0.0000, physics_loss=4.1685E-03, it_time=0.00069 s total_time=0.5 min
[Iteration 1500] total_loss=0.0395, data_loss=0.0377, ref_loss=0.0000, physics_loss=1.7825E-03, it_time=0.00093 s total_time=0.5 min
Total avg
Relative error [Fluid] 26.6
Relative error [Bound] 47.8
Relative error [Core] 18.0
Absolute error [Fluid] 0.1895
Absolute error [Bound] 0.3062
Absolute error [Core] 0.1425
Absolute error [Non-F] 0.0000
R.M.S.   error [Fluid] 0.2433
R.M.S.   error [Bound] 0.3576
R.M.S.   error [Core] 0.1778
R.M.S.   error [Non-F] 0.0000
[Iteration 1525] total_loss=0.0377, data_loss=0.0369, ref_loss=0.0000, physics_loss=7.5051E-04, it_time=0.00069 s total_time=0.5 min
[Iteration 1550] total_loss=0.0372, data_loss=0.0365, ref_loss=0.0000, physics_loss=7.0274E-04, it_time=0.00069 s total_time=0.5 min
[Iteration 1575] total_loss=0.0368, data_loss=0.0361, ref_loss=0.0000, physics_loss=7.0115E-04, it_time=0.00068 s total_time=0.5 min
[Iteration 1600] total_loss=0.0494, data_loss=0.0373, ref_loss=0.0000, physics_loss=1.2083E-02, it_time=0.00069 s total_time=0.5 min
[Iteration 1625] total_loss=0.0380, data_loss=0.0360, ref_loss=0.0000, physics_loss=1.9615E-03, it_time=0.00222 s total_time=0.5 min
[Iteration 1650] total_loss=0.0362, data_loss=0.0355, ref_loss=0.0000, physics_loss=7.3181E-04, it_time=0.00069 s total_time=0.5 min
[Iteration 1675] total_loss=0.0358, data_loss=0.0351, ref_loss=0.0000, physics_loss=7.1333E-04, it_time=0.00093 s total_time=0.5 min
[Iteration 1700] total_loss=0.0417, data_loss=0.0360, ref_loss=0.0000, physics_loss=5.7649E-03, it_time=0.00069 s total_time=0.6 min
[Iteration 1725] total_loss=0.0360, data_loss=0.0351, ref_loss=0.0000, physics_loss=9.3332E-04, it_time=0.00093 s total_time=0.6 min
[Iteration 1750] total_loss=0.0399, data_loss=0.0347, ref_loss=0.0000, physics_loss=5.2382E-03, it_time=0.00069 s total_time=0.6 min
[Iteration 1775] total_loss=0.0363, data_loss=0.0346, ref_loss=0.0000, physics_loss=1.7149E-03, it_time=0.00069 s total_time=0.6 min
[Iteration 1800] total_loss=0.0371, data_loss=0.0342, ref_loss=0.0000, physics_loss=2.8856E-03, it_time=0.00069 s total_time=0.6 min
[Iteration 1825] total_loss=0.0361, data_loss=0.0342, ref_loss=0.0000, physics_loss=1.9423E-03, it_time=0.00069 s total_time=0.6 min
[Iteration 1850] total_loss=0.0348, data_loss=0.0338, ref_loss=0.0000, physics_loss=1.0218E-03, it_time=0.00069 s total_time=0.6 min
[Iteration 1875] total_loss=0.0382, data_loss=0.0337, ref_loss=0.0000, physics_loss=4.5104E-03, it_time=0.00069 s total_time=0.6 min
[Iteration 1900] total_loss=0.0418, data_loss=0.0335, ref_loss=0.0000, physics_loss=8.3794E-03, it_time=0.00143 s total_time=0.6 min
[Iteration 1925] total_loss=0.0346, data_loss=0.0333, ref_loss=0.0000, physics_loss=1.2841E-03, it_time=0.00171 s total_time=0.6 min
[Iteration 1950] total_loss=0.0372, data_loss=0.0336, ref_loss=0.0000, physics_loss=3.6627E-03, it_time=0.00069 s total_time=0.6 min
[Iteration 1975] total_loss=0.0341, data_loss=0.0331, ref_loss=0.0000, physics_loss=1.0190E-03, it_time=0.00084 s total_time=0.6 min
[Iteration 2000] total_loss=0.0394, data_loss=0.0327, ref_loss=0.0000, physics_loss=6.6819E-03, it_time=0.00197 s total_time=0.6 min
Total avg
Relative error [Fluid] 24.9
Relative error [Bound] 45.6
Relative error [Core] 16.5
Absolute error [Fluid] 0.1758
Absolute error [Bound] 0.2849
Absolute error [Core] 0.1319
Absolute error [Non-F] 0.0000
R.M.S.   error [Fluid] 0.2287
R.M.S.   error [Bound] 0.3382
R.M.S.   error [Core] 0.1653
R.M.S.   error [Non-F] 0.0000
Checkpoint saved to ../models/260406_Aomodel_4dsim_V250_div_w_PINN_sweep/260406_Aomodel_4dsim_V250_div_w_PINN_sweep_FFN_1t_20260407-1747/checkpoints/260406_Aomodel_4dsim_V250_div_w_PINN_sweep_FFN_1t_it2000.pth
[Iteration 2025] total_loss=0.0339, data_loss=0.0325, ref_loss=0.0000, physics_loss=1.3808E-03, it_time=0.00097 s total_time=0.7 min
[Iteration 2050] total_loss=0.0329, data_loss=0.0322, ref_loss=0.0000, physics_loss=6.7957E-04, it_time=0.00069 s total_time=0.7 min
[Iteration 2075] total_loss=0.0327, data_loss=0.0320, ref_loss=0.0000, physics_loss=6.7566E-04, it_time=0.00069 s total_time=0.7 min
[Iteration 2100] total_loss=0.0355, data_loss=0.0323, ref_loss=0.0000, physics_loss=3.1927E-03, it_time=0.00069 s total_time=0.7 min
[Iteration 2125] total_loss=0.0326, data_loss=0.0318, ref_loss=0.0000, physics_loss=8.0434E-04, it_time=0.00069 s total_time=0.7 min
[Iteration 2150] total_loss=0.0348, data_loss=0.0316, ref_loss=0.0000, physics_loss=3.2419E-03, it_time=0.00068 s total_time=0.7 min
[Iteration 2175] total_loss=0.0347, data_loss=0.0321, ref_loss=0.0000, physics_loss=2.6025E-03, it_time=0.00069 s total_time=0.7 min
[Iteration 2200] total_loss=0.0323, data_loss=0.0315, ref_loss=0.0000, physics_loss=8.5220E-04, it_time=0.00222 s total_time=0.7 min
[Iteration 2225] total_loss=0.0346, data_loss=0.0314, ref_loss=0.0000, physics_loss=3.1333E-03, it_time=0.00069 s total_time=0.7 min
[Iteration 2250] total_loss=0.0317, data_loss=0.0310, ref_loss=0.0000, physics_loss=6.9265E-04, it_time=0.00093 s total_time=0.7 min
[Iteration 2275] total_loss=0.0413, data_loss=0.0310, ref_loss=0.0000, physics_loss=1.0362E-02, it_time=0.00068 s total_time=0.7 min
[Iteration 2300] total_loss=0.0325, data_loss=0.0309, ref_loss=0.0000, physics_loss=1.5342E-03, it_time=0.00098 s total_time=0.8 min
[Iteration 2325] total_loss=0.0313, data_loss=0.0306, ref_loss=0.0000, physics_loss=6.8020E-04, it_time=0.00069 s total_time=0.8 min
[Iteration 2350] total_loss=0.0388, data_loss=0.0317, ref_loss=0.0000, physics_loss=7.1143E-03, it_time=0.00149 s total_time=0.8 min
[Iteration 2375] total_loss=0.0315, data_loss=0.0305, ref_loss=0.0000, physics_loss=9.8383E-04, it_time=0.00069 s total_time=0.8 min
[Iteration 2400] total_loss=0.0308, data_loss=0.0302, ref_loss=0.0000, physics_loss=6.1082E-04, it_time=0.00093 s total_time=0.8 min
[Iteration 2425] total_loss=0.0433, data_loss=0.0308, ref_loss=0.0000, physics_loss=1.2505E-02, it_time=0.00069 s total_time=0.8 min
[Iteration 2450] total_loss=0.0314, data_loss=0.0302, ref_loss=0.0000, physics_loss=1.1982E-03, it_time=0.00069 s total_time=0.8 min
[Iteration 2475] total_loss=0.0308, data_loss=0.0299, ref_loss=0.0000, physics_loss=9.2101E-04, it_time=0.00069 s total_time=0.8 min
[Iteration 2500] total_loss=0.0315, data_loss=0.0299, ref_loss=0.0000, physics_loss=1.6253E-03, it_time=0.00093 s total_time=0.8 min
Total avg
Relative error [Fluid] 24.0
Relative error [Bound] 44.9
Relative error [Core] 15.6
Absolute error [Fluid] 0.1681
Absolute error [Bound] 0.2779
Absolute error [Core] 0.1239
Absolute error [Non-F] 0.0000
R.M.S.   error [Fluid] 0.2201
R.M.S.   error [Bound] 0.3303
R.M.S.   error [Core] 0.1551
R.M.S.   error [Non-F] 0.0000
[Iteration 2525] total_loss=0.0302, data_loss=0.0296, ref_loss=0.0000, physics_loss=6.3790E-04, it_time=0.00105 s total_time=0.8 min
[Iteration 2550] total_loss=0.0300, data_loss=0.0294, ref_loss=0.0000, physics_loss=5.6223E-04, it_time=0.00069 s total_time=0.8 min
[Iteration 2575] total_loss=0.0298, data_loss=0.0292, ref_loss=0.0000, physics_loss=5.5627E-04, it_time=0.00069 s total_time=0.9 min
[Iteration 2600] total_loss=0.0296, data_loss=0.0291, ref_loss=0.0000, physics_loss=5.5851E-04, it_time=0.00069 s total_time=0.9 min
[Iteration 2625] total_loss=0.0302, data_loss=0.0289, ref_loss=0.0000, physics_loss=1.2355E-03, it_time=0.00069 s total_time=0.9 min
[Iteration 2650] total_loss=0.0326, data_loss=0.0295, ref_loss=0.0000, physics_loss=3.1669E-03, it_time=0.00067 s total_time=0.9 min
[Iteration 2675] total_loss=0.0296, data_loss=0.0289, ref_loss=0.0000, physics_loss=7.0367E-04, it_time=0.00068 s total_time=0.9 min
[Iteration 2700] total_loss=0.0292, data_loss=0.0287, ref_loss=0.0000, physics_loss=5.4872E-04, it_time=0.00069 s total_time=0.9 min
[Iteration 2725] total_loss=0.0325, data_loss=0.0285, ref_loss=0.0000, physics_loss=3.9213E-03, it_time=0.00069 s total_time=0.9 min
[Iteration 2750] total_loss=0.0301, data_loss=0.0287, ref_loss=0.0000, physics_loss=1.4072E-03, it_time=0.00069 s total_time=0.9 min
[Iteration 2775] total_loss=0.0291, data_loss=0.0284, ref_loss=0.0000, physics_loss=6.8700E-04, it_time=0.00069 s total_time=0.9 min
[Iteration 2800] total_loss=0.0377, data_loss=0.0285, ref_loss=0.0000, physics_loss=9.1748E-03, it_time=0.00069 s total_time=0.9 min
[Iteration 2825] total_loss=0.0290, data_loss=0.0281, ref_loss=0.0000, physics_loss=8.9526E-04, it_time=0.00069 s total_time=0.9 min
[Iteration 2850] total_loss=0.0338, data_loss=0.0284, ref_loss=0.0000, physics_loss=5.3662E-03, it_time=0.00069 s total_time=0.9 min
[Iteration 2875] total_loss=0.0290, data_loss=0.0280, ref_loss=0.0000, physics_loss=1.0687E-03, it_time=0.00174 s total_time=0.9 min
[Iteration 2900] total_loss=0.0493, data_loss=0.0281, ref_loss=0.0000, physics_loss=2.1150E-02, it_time=0.00069 s total_time=0.9 min
[Iteration 2925] total_loss=0.0287, data_loss=0.0278, ref_loss=0.0000, physics_loss=9.2005E-04, it_time=0.00069 s total_time=0.9 min
[Iteration 2950] total_loss=0.0396, data_loss=0.0276, ref_loss=0.0000, physics_loss=1.1960E-02, it_time=0.00069 s total_time=1.0 min
[Iteration 2975] total_loss=0.0298, data_loss=0.0278, ref_loss=0.0000, physics_loss=1.9968E-03, it_time=0.00126 s total_time=1.0 min
[Iteration 3000] total_loss=0.0281, data_loss=0.0275, ref_loss=0.0000, physics_loss=6.1864E-04, it_time=0.00069 s total_time=1.0 min
Total avg
Relative error [Fluid] 23.2
Relative error [Bound] 43.7
Relative error [Core] 14.9
Absolute error [Fluid] 0.1620
Absolute error [Bound] 0.2662
Absolute error [Core] 0.1200
Absolute error [Non-F] 0.0000
R.M.S.   error [Fluid] 0.2126
R.M.S.   error [Bound] 0.3191
R.M.S.   error [Core] 0.1497
R.M.S.   error [Non-F] 0.0000
Checkpoint saved to ../models/260406_Aomodel_4dsim_V250_div_w_PINN_sweep/260406_Aomodel_4dsim_V250_div_w_PINN_sweep_FFN_1t_20260407-1747/checkpoints/260406_Aomodel_4dsim_V250_div_w_PINN_sweep_FFN_1t_it3000.pth
[Iteration 3025] total_loss=0.0279, data_loss=0.0273, ref_loss=0.0000, physics_loss=5.3661E-04, it_time=0.00172 s total_time=1.0 min
[Iteration 3050] total_loss=0.0277, data_loss=0.0272, ref_loss=0.0000, physics_loss=5.3296E-04, it_time=0.00223 s total_time=1.0 min
[Iteration 3075] total_loss=0.0276, data_loss=0.0271, ref_loss=0.0000, physics_loss=5.3671E-04, it_time=0.00069 s total_time=1.0 min
[Iteration 3100] total_loss=0.0275, data_loss=0.0269, ref_loss=0.0000, physics_loss=5.3967E-04, it_time=0.00102 s total_time=1.0 min
[Iteration 3125] total_loss=0.0276, data_loss=0.0268, ref_loss=0.0000, physics_loss=7.7634E-04, it_time=0.00069 s total_time=1.0 min
[Iteration 3150] total_loss=0.0303, data_loss=0.0271, ref_loss=0.0000, physics_loss=3.1624E-03, it_time=0.00069 s total_time=1.0 min
[Iteration 3175] total_loss=0.0276, data_loss=0.0268, ref_loss=0.0000, physics_loss=7.9793E-04, it_time=0.00069 s total_time=1.0 min
[Iteration 3200] total_loss=0.0272, data_loss=0.0266, ref_loss=0.0000, physics_loss=6.4107E-04, it_time=0.00078 s total_time=1.0 min
[Iteration 3225] total_loss=0.0278, data_loss=0.0266, ref_loss=0.0000, physics_loss=1.1733E-03, it_time=0.00069 s total_time=1.1 min
[Iteration 3250] total_loss=0.0272, data_loss=0.0264, ref_loss=0.0000, physics_loss=7.6638E-04, it_time=0.00222 s total_time=1.1 min
[Iteration 3275] total_loss=0.0281, data_loss=0.0266, ref_loss=0.0000, physics_loss=1.4702E-03, it_time=0.00069 s total_time=1.1 min
[Iteration 3300] total_loss=0.0269, data_loss=0.0263, ref_loss=0.0000, physics_loss=5.8830E-04, it_time=0.00069 s total_time=1.1 min
[Iteration 3325] total_loss=0.0271, data_loss=0.0262, ref_loss=0.0000, physics_loss=9.5342E-04, it_time=0.00125 s total_time=1.1 min
[Iteration 3350] total_loss=0.0277, data_loss=0.0262, ref_loss=0.0000, physics_loss=1.4478E-03, it_time=0.00069 s total_time=1.1 min
[Iteration 3375] total_loss=0.0268, data_loss=0.0260, ref_loss=0.0000, physics_loss=7.8151E-04, it_time=0.00069 s total_time=1.1 min
[Iteration 3400] total_loss=0.0273, data_loss=0.0260, ref_loss=0.0000, physics_loss=1.3302E-03, it_time=0.00069 s total_time=1.1 min
[Iteration 3425] total_loss=0.0266, data_loss=0.0258, ref_loss=0.0000, physics_loss=8.0916E-04, it_time=0.00069 s total_time=1.1 min
[Iteration 3450] total_loss=0.0313, data_loss=0.0259, ref_loss=0.0000, physics_loss=5.3437E-03, it_time=0.00068 s total_time=1.1 min
[Iteration 3475] total_loss=0.0267, data_loss=0.0257, ref_loss=0.0000, physics_loss=9.8850E-04, it_time=0.00069 s total_time=1.1 min
[Iteration 3500] total_loss=0.0269, data_loss=0.0257, ref_loss=0.0000, physics_loss=1.2464E-03, it_time=0.00069 s total_time=1.1 min
Total avg
Relative error [Fluid] 22.5
Relative error [Bound] 43.1
Relative error [Core] 14.2
Absolute error [Fluid] 0.1565
Absolute error [Bound] 0.2596
Absolute error [Core] 0.1151
Absolute error [Non-F] 0.0000
R.M.S.   error [Fluid] 0.2069
R.M.S.   error [Bound] 0.3121
R.M.S.   error [Core] 0.1444
R.M.S.   error [Non-F] 0.0000
Final model saved to ../models/260406_Aomodel_4dsim_V250_div_w_PINN_sweep/260406_Aomodel_4dsim_V250_div_w_PINN_sweep_FFN_1t_20260407-1747/260406_Aomodel_4dsim_V250_div_w_PINN_sweep_FFN_1t_final.pth
Starting script
Copying source code to model directory...
Loaded resolution from file: 0.002, 0.002, 0.002, 0.01874
VNRMSE [Noisy]: 0.096484
Directional error [Noisy]: 0.024761
Divergence [Noisy]: 0.070040
Total avg
Relative error [Fluid] 89.3
Relative error [Bound] 90.2
Relative error [Core] 89.0
Absolute error [Fluid] 0.8313
Absolute error [Bound] 0.6933
Absolute error [Core] 0.8867
Absolute error [Non-F] 0.0000
R.M.S.   error [Fluid] 0.9317
R.M.S.   error [Bound] 0.7974
R.M.S.   error [Core] 0.9805
R.M.S.   error [Non-F] 0.0000
[Iteration 25] total_loss=0.2276, data_loss=0.2155, ref_loss=0.0000, physics_loss=4.0417E-03, it_time=0.00068 s total_time=0.0 min
[Iteration 50] total_loss=0.1910, data_loss=0.1857, ref_loss=0.0000, physics_loss=1.7763E-03, it_time=0.00069 s total_time=0.0 min
[Iteration 75] total_loss=0.1779, data_loss=0.1718, ref_loss=0.0000, physics_loss=2.0436E-03, it_time=0.00069 s total_time=0.0 min
[Iteration 100] total_loss=0.1578, data_loss=0.1536, ref_loss=0.0000, physics_loss=1.3963E-03, it_time=0.00069 s total_time=0.1 min
[Iteration 125] total_loss=0.1534, data_loss=0.1458, ref_loss=0.0000, physics_loss=2.5258E-03, it_time=0.00069 s total_time=0.1 min
[Iteration 150] total_loss=0.2136, data_loss=0.1576, ref_loss=0.0000, physics_loss=1.8662E-02, it_time=0.00106 s total_time=0.1 min
[Iteration 175] total_loss=0.1698, data_loss=0.1596, ref_loss=0.0000, physics_loss=3.4196E-03, it_time=0.00069 s total_time=0.1 min
[Iteration 200] total_loss=0.1445, data_loss=0.1427, ref_loss=0.0000, physics_loss=5.8709E-04, it_time=0.00069 s total_time=0.1 min
[Iteration 225] total_loss=0.1518, data_loss=0.1391, ref_loss=0.0000, physics_loss=4.2414E-03, it_time=0.00069 s total_time=0.1 min
[Iteration 250] total_loss=0.1312, data_loss=0.1294, ref_loss=0.0000, physics_loss=5.9344E-04, it_time=0.00069 s total_time=0.1 min
[Iteration 275] total_loss=0.1421, data_loss=0.1264, ref_loss=0.0000, physics_loss=5.2305E-03, it_time=0.00069 s total_time=0.1 min
[Iteration 300] total_loss=0.1249, data_loss=0.1219, ref_loss=0.0000, physics_loss=1.0093E-03, it_time=0.00096 s total_time=0.1 min
[Iteration 325] total_loss=0.1311, data_loss=0.1226, ref_loss=0.0000, physics_loss=2.8525E-03, it_time=0.00069 s total_time=0.1 min
[Iteration 350] total_loss=0.1183, data_loss=0.1167, ref_loss=0.0000, physics_loss=5.3635E-04, it_time=0.00068 s total_time=0.1 min
[Iteration 375] total_loss=0.1240, data_loss=0.1180, ref_loss=0.0000, physics_loss=1.9914E-03, it_time=0.00069 s total_time=0.1 min
[Iteration 400] total_loss=0.2137, data_loss=0.1800, ref_loss=0.0000, physics_loss=1.1252E-02, it_time=0.00069 s total_time=0.1 min
[Iteration 425] total_loss=0.1321, data_loss=0.1283, ref_loss=0.0000, physics_loss=1.2785E-03, it_time=0.00068 s total_time=0.1 min
[Iteration 450] total_loss=0.1163, data_loss=0.1150, ref_loss=0.0000, physics_loss=4.3522E-04, it_time=0.00068 s total_time=0.1 min
[Iteration 475] total_loss=0.1136, data_loss=0.1084, ref_loss=0.0000, physics_loss=1.7304E-03, it_time=0.00067 s total_time=0.1 min
[Iteration 500] total_loss=0.1127, data_loss=0.1067, ref_loss=0.0000, physics_loss=2.0054E-03, it_time=0.00092 s total_time=0.2 min
Total avg
Relative error [Fluid] 39.3
Relative error [Bound] 58.8
Relative error [Core] 31.4
Absolute error [Fluid] 0.3094
Absolute error [Bound] 0.4208
Absolute error [Core] 0.2645
Absolute error [Non-F] 0.0000
R.M.S.   error [Fluid] 0.3808
R.M.S.   error [Bound] 0.4853
R.M.S.   error [Core] 0.3295
R.M.S.   error [Non-F] 0.0000
[Iteration 525] total_loss=0.1024, data_loss=0.1007, ref_loss=0.0000, physics_loss=5.8870E-04, it_time=0.00183 s total_time=0.2 min
[Iteration 550] total_loss=0.1088, data_loss=0.1019, ref_loss=0.0000, physics_loss=2.2876E-03, it_time=0.00068 s total_time=0.2 min
[Iteration 575] total_loss=0.0969, data_loss=0.0952, ref_loss=0.0000, physics_loss=5.5394E-04, it_time=0.00068 s total_time=0.2 min
[Iteration 600] total_loss=0.1025, data_loss=0.0964, ref_loss=0.0000, physics_loss=2.0284E-03, it_time=0.00197 s total_time=0.2 min
[Iteration 625] total_loss=0.1710, data_loss=0.1034, ref_loss=0.0000, physics_loss=2.2526E-02, it_time=0.00068 s total_time=0.2 min
[Iteration 650] total_loss=0.0968, data_loss=0.0937, ref_loss=0.0000, physics_loss=1.0382E-03, it_time=0.00069 s total_time=0.2 min
[Iteration 675] total_loss=0.0886, data_loss=0.0872, ref_loss=0.0000, physics_loss=4.5846E-04, it_time=0.00069 s total_time=0.2 min
[Iteration 700] total_loss=0.1240, data_loss=0.1058, ref_loss=0.0000, physics_loss=6.0669E-03, it_time=0.00093 s total_time=0.2 min
[Iteration 725] total_loss=0.0911, data_loss=0.0889, ref_loss=0.0000, physics_loss=7.3452E-04, it_time=0.00068 s total_time=0.2 min
[Iteration 750] total_loss=0.0838, data_loss=0.0821, ref_loss=0.0000, physics_loss=5.5745E-04, it_time=0.00165 s total_time=0.2 min
[Iteration 775] total_loss=0.0975, data_loss=0.0854, ref_loss=0.0000, physics_loss=4.0290E-03, it_time=0.00069 s total_time=0.2 min
[Iteration 800] total_loss=0.0798, data_loss=0.0782, ref_loss=0.0000, physics_loss=5.4791E-04, it_time=0.00069 s total_time=0.3 min
[Iteration 825] total_loss=0.1075, data_loss=0.0958, ref_loss=0.0000, physics_loss=3.8842E-03, it_time=0.00069 s total_time=0.3 min
[Iteration 850] total_loss=0.0834, data_loss=0.0811, ref_loss=0.0000, physics_loss=7.6693E-04, it_time=0.00069 s total_time=0.3 min
[Iteration 875] total_loss=0.0766, data_loss=0.0754, ref_loss=0.0000, physics_loss=4.0832E-04, it_time=0.00069 s total_time=0.3 min
[Iteration 900] total_loss=0.0732, data_loss=0.0716, ref_loss=0.0000, physics_loss=5.2249E-04, it_time=0.00069 s total_time=0.3 min
[Iteration 925] total_loss=0.0960, data_loss=0.0832, ref_loss=0.0000, physics_loss=4.2549E-03, it_time=0.00069 s total_time=0.3 min
[Iteration 950] total_loss=0.0762, data_loss=0.0734, ref_loss=0.0000, physics_loss=9.4015E-04, it_time=0.00068 s total_time=0.3 min
[Iteration 975] total_loss=0.0707, data_loss=0.0691, ref_loss=0.0000, physics_loss=5.2977E-04, it_time=0.00195 s total_time=0.3 min
[Iteration 1000] total_loss=0.1098, data_loss=0.0950, ref_loss=0.0000, physics_loss=4.9340E-03, it_time=0.00069 s total_time=0.3 min
Total avg
Relative error [Fluid] 37.2
Relative error [Bound] 58.7
Relative error [Core] 28.5
Absolute error [Fluid] 0.2916
Absolute error [Bound] 0.4238
Absolute error [Core] 0.2384
Absolute error [Non-F] 0.0000
R.M.S.   error [Fluid] 0.3587
R.M.S.   error [Bound] 0.4832
R.M.S.   error [Core] 0.2942
R.M.S.   error [Non-F] 0.0000
Checkpoint saved to ../models/260406_Aomodel_4dsim_V250_div_w_PINN_sweep/260406_Aomodel_4dsim_V250_div_w_PINN_sweep_FFN_1t_20260407-1748/checkpoints/260406_Aomodel_4dsim_V250_div_w_PINN_sweep_FFN_1t_it1000.pth
[Iteration 1025] total_loss=0.0788, data_loss=0.0768, ref_loss=0.0000, physics_loss=6.8573E-04, it_time=0.00093 s total_time=0.3 min
[Iteration 1050] total_loss=0.0719, data_loss=0.0708, ref_loss=0.0000, physics_loss=3.7700E-04, it_time=0.00069 s total_time=0.3 min
[Iteration 1075] total_loss=0.0683, data_loss=0.0673, ref_loss=0.0000, physics_loss=3.5398E-04, it_time=0.00069 s total_time=0.4 min
[Iteration 1100] total_loss=0.0662, data_loss=0.0648, ref_loss=0.0000, physics_loss=4.7341E-04, it_time=0.00068 s total_time=0.4 min
[Iteration 1125] total_loss=0.0810, data_loss=0.0731, ref_loss=0.0000, physics_loss=2.6095E-03, it_time=0.00068 s total_time=0.4 min
[Iteration 1150] total_loss=0.0678, data_loss=0.0663, ref_loss=0.0000, physics_loss=4.8482E-04, it_time=0.00069 s total_time=0.4 min
[Iteration 1175] total_loss=0.0644, data_loss=0.0633, ref_loss=0.0000, physics_loss=3.5634E-04, it_time=0.00069 s total_time=0.4 min
[Iteration 1200] total_loss=0.0625, data_loss=0.0613, ref_loss=0.0000, physics_loss=4.0809E-04, it_time=0.00069 s total_time=0.4 min
[Iteration 1225] total_loss=0.0811, data_loss=0.0667, ref_loss=0.0000, physics_loss=4.8191E-03, it_time=0.00069 s total_time=0.4 min
[Iteration 1250] total_loss=0.0629, data_loss=0.0612, ref_loss=0.0000, physics_loss=5.3547E-04, it_time=0.00069 s total_time=0.4 min
[Iteration 1275] total_loss=0.2002, data_loss=0.0602, ref_loss=0.0000, physics_loss=4.6697E-02, it_time=0.00093 s total_time=0.4 min
[Iteration 1300] total_loss=0.0703, data_loss=0.0642, ref_loss=0.0000, physics_loss=2.0340E-03, it_time=0.0016 s total_time=0.4 min
[Iteration 1325] total_loss=0.0612, data_loss=0.0598, ref_loss=0.0000, physics_loss=4.6615E-04, it_time=0.00069 s total_time=0.4 min
[Iteration 1350] total_loss=0.0588, data_loss=0.0577, ref_loss=0.0000, physics_loss=3.4817E-04, it_time=0.00069 s total_time=0.4 min
[Iteration 1375] total_loss=0.0851, data_loss=0.0644, ref_loss=0.0000, physics_loss=6.8875E-03, it_time=0.00069 s total_time=0.4 min
[Iteration 1400] total_loss=0.0617, data_loss=0.0583, ref_loss=0.0000, physics_loss=1.1160E-03, it_time=0.00069 s total_time=0.4 min
[Iteration 1425] total_loss=0.0571, data_loss=0.0559, ref_loss=0.0000, physics_loss=4.0814E-04, it_time=0.00093 s total_time=0.4 min
[Iteration 1450] total_loss=0.1020, data_loss=0.0594, ref_loss=0.0000, physics_loss=1.4198E-02, it_time=0.00069 s total_time=0.4 min
[Iteration 1475] total_loss=0.0603, data_loss=0.0562, ref_loss=0.0000, physics_loss=1.3620E-03, it_time=0.00069 s total_time=0.5 min
[Iteration 1500] total_loss=0.0556, data_loss=0.0543, ref_loss=0.0000, physics_loss=4.5607E-04, it_time=0.00069 s total_time=0.5 min
Total avg
Relative error [Fluid] 31.5
Relative error [Bound] 51.5
Relative error [Core] 23.4
Absolute error [Fluid] 0.2285
Absolute error [Bound] 0.3424
Absolute error [Core] 0.1827
Absolute error [Non-F] 0.0000
R.M.S.   error [Fluid] 0.2821
R.M.S.   error [Bound] 0.3933
R.M.S.   error [Core] 0.2223
R.M.S.   error [Non-F] 0.0000
[Iteration 1525] total_loss=0.0541, data_loss=0.0531, ref_loss=0.0000, physics_loss=3.4580E-04, it_time=0.00069 s total_time=0.5 min
[Iteration 1550] total_loss=0.0780, data_loss=0.0522, ref_loss=0.0000, physics_loss=8.5931E-03, it_time=0.00069 s total_time=0.5 min
[Iteration 1575] total_loss=0.0575, data_loss=0.0533, ref_loss=0.0000, physics_loss=1.3961E-03, it_time=0.00093 s total_time=0.5 min
[Iteration 1600] total_loss=0.0530, data_loss=0.0518, ref_loss=0.0000, physics_loss=4.1325E-04, it_time=0.00068 s total_time=0.5 min
[Iteration 1625] total_loss=0.0582, data_loss=0.0508, ref_loss=0.0000, physics_loss=2.4716E-03, it_time=0.00069 s total_time=0.5 min
[Iteration 1650] total_loss=0.0595, data_loss=0.0531, ref_loss=0.0000, physics_loss=2.1421E-03, it_time=0.00127 s total_time=0.5 min
[Iteration 1675] total_loss=0.0524, data_loss=0.0509, ref_loss=0.0000, physics_loss=4.9073E-04, it_time=0.00069 s total_time=0.5 min
[Iteration 1700] total_loss=0.0525, data_loss=0.0498, ref_loss=0.0000, physics_loss=9.0743E-04, it_time=0.00069 s total_time=0.5 min
[Iteration 1725] total_loss=0.0604, data_loss=0.0526, ref_loss=0.0000, physics_loss=2.5932E-03, it_time=0.00069 s total_time=0.5 min
[Iteration 1750] total_loss=0.0515, data_loss=0.0501, ref_loss=0.0000, physics_loss=4.7468E-04, it_time=0.002 s total_time=0.6 min
[Iteration 1775] total_loss=0.0499, data_loss=0.0489, ref_loss=0.0000, physics_loss=3.1650E-04, it_time=0.00171 s total_time=0.6 min
[Iteration 1800] total_loss=0.0720, data_loss=0.0508, ref_loss=0.0000, physics_loss=7.0605E-03, it_time=0.00068 s total_time=0.6 min
[Iteration 1825] total_loss=0.0501, data_loss=0.0488, ref_loss=0.0000, physics_loss=4.2131E-04, it_time=0.00171 s total_time=0.6 min
[Iteration 1850] total_loss=0.0617, data_loss=0.0478, ref_loss=0.0000, physics_loss=4.6411E-03, it_time=0.00068 s total_time=0.6 min
[Iteration 1875] total_loss=0.0527, data_loss=0.0496, ref_loss=0.0000, physics_loss=1.0590E-03, it_time=0.00086 s total_time=0.6 min
[Iteration 1900] total_loss=0.0488, data_loss=0.0477, ref_loss=0.0000, physics_loss=3.7887E-04, it_time=0.00069 s total_time=0.6 min
[Iteration 1925] total_loss=0.0866, data_loss=0.0492, ref_loss=0.0000, physics_loss=1.2467E-02, it_time=0.00069 s total_time=0.6 min
[Iteration 1950] total_loss=0.0505, data_loss=0.0481, ref_loss=0.0000, physics_loss=7.9934E-04, it_time=0.00078 s total_time=0.6 min
[Iteration 1975] total_loss=0.0490, data_loss=0.0467, ref_loss=0.0000, physics_loss=7.4656E-04, it_time=0.00069 s total_time=0.6 min
[Iteration 2000] total_loss=0.0546, data_loss=0.0484, ref_loss=0.0000, physics_loss=2.0702E-03, it_time=0.00069 s total_time=0.6 min
Total avg
Relative error [Fluid] 29.5
Relative error [Bound] 50.8
Relative error [Core] 21.0
Absolute error [Fluid] 0.2141
Absolute error [Bound] 0.3358
Absolute error [Core] 0.1651
Absolute error [Non-F] 0.0000
R.M.S.   error [Fluid] 0.2706
R.M.S.   error [Bound] 0.3876
R.M.S.   error [Core] 0.2056
R.M.S.   error [Non-F] 0.0000
Checkpoint saved to ../models/260406_Aomodel_4dsim_V250_div_w_PINN_sweep/260406_Aomodel_4dsim_V250_div_w_PINN_sweep_FFN_1t_20260407-1748/checkpoints/260406_Aomodel_4dsim_V250_div_w_PINN_sweep_FFN_1t_it2000.pth
[Iteration 2025] total_loss=0.0474, data_loss=0.0466, ref_loss=0.0000, physics_loss=2.8511E-04, it_time=0.00069 s total_time=0.7 min
[Iteration 2050] total_loss=0.0466, data_loss=0.0458, ref_loss=0.0000, physics_loss=2.8351E-04, it_time=0.00093 s total_time=0.7 min
[Iteration 2075] total_loss=0.0461, data_loss=0.0452, ref_loss=0.0000, physics_loss=2.8078E-04, it_time=0.00069 s total_time=0.7 min
[Iteration 2100] total_loss=0.0456, data_loss=0.0448, ref_loss=0.0000, physics_loss=2.8495E-04, it_time=0.00069 s total_time=0.7 min
[Iteration 2125] total_loss=0.0455, data_loss=0.0443, ref_loss=0.0000, physics_loss=3.9506E-04, it_time=0.00069 s total_time=0.7 min
[Iteration 2150] total_loss=0.0542, data_loss=0.0468, ref_loss=0.0000, physics_loss=2.4638E-03, it_time=0.00069 s total_time=0.7 min
[Iteration 2175] total_loss=0.0461, data_loss=0.0449, ref_loss=0.0000, physics_loss=3.8414E-04, it_time=0.00093 s total_time=0.7 min
[Iteration 2200] total_loss=0.0452, data_loss=0.0441, ref_loss=0.0000, physics_loss=3.6030E-04, it_time=0.00068 s total_time=0.7 min
[Iteration 2225] total_loss=0.0509, data_loss=0.0454, ref_loss=0.0000, physics_loss=1.8316E-03, it_time=0.00068 s total_time=0.7 min
[Iteration 2250] total_loss=0.0450, data_loss=0.0438, ref_loss=0.0000, physics_loss=3.7961E-04, it_time=0.00069 s total_time=0.7 min
[Iteration 2275] total_loss=0.0447, data_loss=0.0433, ref_loss=0.0000, physics_loss=4.7571E-04, it_time=0.00069 s total_time=0.7 min
[Iteration 2300] total_loss=0.0462, data_loss=0.0435, ref_loss=0.0000, physics_loss=8.9836E-04, it_time=0.00068 s total_time=0.7 min
[Iteration 2325] total_loss=0.0445, data_loss=0.0429, ref_loss=0.0000, physics_loss=5.2607E-04, it_time=0.00068 s total_time=0.7 min
[Iteration 2350] total_loss=0.0477, data_loss=0.0437, ref_loss=0.0000, physics_loss=1.3540E-03, it_time=0.00069 s total_time=0.8 min
[Iteration 2375] total_loss=0.0439, data_loss=0.0426, ref_loss=0.0000, physics_loss=4.3064E-04, it_time=0.00093 s total_time=0.8 min
[Iteration 2400] total_loss=0.0669, data_loss=0.0431, ref_loss=0.0000, physics_loss=7.9639E-03, it_time=0.00068 s total_time=0.8 min
[Iteration 2425] total_loss=0.0452, data_loss=0.0426, ref_loss=0.0000, physics_loss=8.4774E-04, it_time=0.00069 s total_time=0.8 min
[Iteration 2450] total_loss=0.0431, data_loss=0.0420, ref_loss=0.0000, physics_loss=3.9123E-04, it_time=0.0007 s total_time=0.8 min
[Iteration 2475] total_loss=0.0487, data_loss=0.0437, ref_loss=0.0000, physics_loss=1.6746E-03, it_time=0.00069 s total_time=0.8 min
[Iteration 2500] total_loss=0.0431, data_loss=0.0419, ref_loss=0.0000, physics_loss=3.7924E-04, it_time=0.00069 s total_time=0.8 min
Total avg
Relative error [Fluid] 27.8
Relative error [Bound] 48.7
Relative error [Core] 19.4
Absolute error [Fluid] 0.1987
Absolute error [Bound] 0.3151
Absolute error [Core] 0.1519
Absolute error [Non-F] 0.0000
R.M.S.   error [Fluid] 0.2523
R.M.S.   error [Bound] 0.3660
R.M.S.   error [Core] 0.1881
R.M.S.   error [Non-F] 0.0000
[Iteration 2525] total_loss=0.0422, data_loss=0.0414, ref_loss=0.0000, physics_loss=2.8198E-04, it_time=0.00069 s total_time=0.8 min
[Iteration 2550] total_loss=0.0418, data_loss=0.0410, ref_loss=0.0000, physics_loss=2.5899E-04, it_time=0.00092 s total_time=0.8 min
[Iteration 2575] total_loss=0.0477, data_loss=0.0408, ref_loss=0.0000, physics_loss=2.3225E-03, it_time=0.00069 s total_time=0.8 min
[Iteration 2600] total_loss=0.0440, data_loss=0.0416, ref_loss=0.0000, physics_loss=8.2454E-04, it_time=0.00069 s total_time=0.8 min
[Iteration 2625] total_loss=0.0418, data_loss=0.0408, ref_loss=0.0000, physics_loss=3.1671E-04, it_time=0.00069 s total_time=0.8 min
[Iteration 2650] total_loss=0.0421, data_loss=0.0404, ref_loss=0.0000, physics_loss=5.5974E-04, it_time=0.00145 s total_time=0.9 min
[Iteration 2675] total_loss=0.0463, data_loss=0.0410, ref_loss=0.0000, physics_loss=1.7821E-03, it_time=0.00069 s total_time=0.9 min
[Iteration 2700] total_loss=0.0414, data_loss=0.0403, ref_loss=0.0000, physics_loss=3.7154E-04, it_time=0.0007 s total_time=0.9 min
[Iteration 2725] total_loss=0.0407, data_loss=0.0399, ref_loss=0.0000, physics_loss=2.6117E-04, it_time=0.00069 s total_time=0.9 min
[Iteration 2750] total_loss=0.0506, data_loss=0.0402, ref_loss=0.0000, physics_loss=3.4711E-03, it_time=0.00069 s total_time=0.9 min
[Iteration 2775] total_loss=0.0414, data_loss=0.0398, ref_loss=0.0000, physics_loss=5.4720E-04, it_time=0.00068 s total_time=0.9 min
[Iteration 2800] total_loss=0.0828, data_loss=0.0396, ref_loss=0.0000, physics_loss=1.4400E-02, it_time=0.00069 s total_time=0.9 min
[Iteration 2825] total_loss=0.0422, data_loss=0.0398, ref_loss=0.0000, physics_loss=7.9921E-04, it_time=0.00069 s total_time=0.9 min
[Iteration 2850] total_loss=0.0403, data_loss=0.0393, ref_loss=0.0000, physics_loss=3.3770E-04, it_time=0.00079 s total_time=0.9 min
[Iteration 2875] total_loss=0.0458, data_loss=0.0396, ref_loss=0.0000, physics_loss=2.0758E-03, it_time=0.00061 s total_time=0.9 min
[Iteration 2900] total_loss=0.0409, data_loss=0.0390, ref_loss=0.0000, physics_loss=6.5089E-04, it_time=0.00069 s total_time=0.9 min
[Iteration 2925] total_loss=0.0412, data_loss=0.0391, ref_loss=0.0000, physics_loss=6.9486E-04, it_time=0.00069 s total_time=0.9 min
[Iteration 2950] total_loss=0.0400, data_loss=0.0387, ref_loss=0.0000, physics_loss=4.5053E-04, it_time=0.00069 s total_time=0.9 min
[Iteration 2975] total_loss=0.0428, data_loss=0.0389, ref_loss=0.0000, physics_loss=1.3053E-03, it_time=0.00069 s total_time=0.9 min
[Iteration 3000] total_loss=0.0544, data_loss=0.0385, ref_loss=0.0000, physics_loss=5.2914E-03, it_time=0.00069 s total_time=0.9 min
Total avg
Relative error [Fluid] 26.9
Relative error [Bound] 48.1
Relative error [Core] 18.3
Absolute error [Fluid] 0.1920
Absolute error [Bound] 0.3083
Absolute error [Core] 0.1452
Absolute error [Non-F] 0.0000
R.M.S.   error [Fluid] 0.2457
R.M.S.   error [Bound] 0.3598
R.M.S.   error [Core] 0.1805
R.M.S.   error [Non-F] 0.0000
Checkpoint saved to ../models/260406_Aomodel_4dsim_V250_div_w_PINN_sweep/260406_Aomodel_4dsim_V250_div_w_PINN_sweep_FFN_1t_20260407-1748/checkpoints/260406_Aomodel_4dsim_V250_div_w_PINN_sweep_FFN_1t_it3000.pth
[Iteration 3025] total_loss=0.0403, data_loss=0.0384, ref_loss=0.0000, physics_loss=6.4585E-04, it_time=0.00068 s total_time=1.0 min
[Iteration 3050] total_loss=0.0389, data_loss=0.0381, ref_loss=0.0000, physics_loss=2.6181E-04, it_time=0.00067 s total_time=1.0 min
[Iteration 3075] total_loss=0.0386, data_loss=0.0378, ref_loss=0.0000, physics_loss=2.3997E-04, it_time=0.00069 s total_time=1.0 min
[Iteration 3100] total_loss=0.0384, data_loss=0.0376, ref_loss=0.0000, physics_loss=2.4233E-04, it_time=0.00071 s total_time=1.0 min
[Iteration 3125] total_loss=0.0457, data_loss=0.0382, ref_loss=0.0000, physics_loss=2.4880E-03, it_time=0.00069 s total_time=1.0 min
[Iteration 3150] total_loss=0.0391, data_loss=0.0377, ref_loss=0.0000, physics_loss=4.6520E-04, it_time=0.00069 s total_time=1.0 min
[Iteration 3175] total_loss=0.0382, data_loss=0.0374, ref_loss=0.0000, physics_loss=2.6027E-04, it_time=0.00173 s total_time=1.0 min
[Iteration 3200] total_loss=0.0524, data_loss=0.0379, ref_loss=0.0000, physics_loss=4.8280E-03, it_time=0.00069 s total_time=1.0 min
[Iteration 3225] total_loss=0.0391, data_loss=0.0373, ref_loss=0.0000, physics_loss=6.0498E-04, it_time=0.00069 s total_time=1.0 min
[Iteration 3250] total_loss=0.0379, data_loss=0.0370, ref_loss=0.0000, physics_loss=3.0637E-04, it_time=0.00069 s total_time=1.0 min
[Iteration 3275] total_loss=0.0469, data_loss=0.0384, ref_loss=0.0000, physics_loss=2.8454E-03, it_time=0.00069 s total_time=1.1 min
[Iteration 3300] total_loss=0.0388, data_loss=0.0372, ref_loss=0.0000, physics_loss=5.4069E-04, it_time=0.00069 s total_time=1.1 min
[Iteration 3325] total_loss=0.0375, data_loss=0.0368, ref_loss=0.0000, physics_loss=2.2929E-04, it_time=0.00069 s total_time=1.1 min
[Iteration 3350] total_loss=0.0391, data_loss=0.0366, ref_loss=0.0000, physics_loss=8.4728E-04, it_time=0.00078 s total_time=1.1 min
[Iteration 3375] total_loss=0.0408, data_loss=0.0369, ref_loss=0.0000, physics_loss=1.3142E-03, it_time=0.00205 s total_time=1.1 min
[Iteration 3400] total_loss=0.0375, data_loss=0.0364, ref_loss=0.0000, physics_loss=3.6359E-04, it_time=0.00069 s total_time=1.1 min
[Iteration 3425] total_loss=0.0517, data_loss=0.0368, ref_loss=0.0000, physics_loss=4.9773E-03, it_time=0.00069 s total_time=1.1 min
[Iteration 3450] total_loss=0.0377, data_loss=0.0364, ref_loss=0.0000, physics_loss=4.5165E-04, it_time=0.00085 s total_time=1.1 min
[Iteration 3475] total_loss=0.0369, data_loss=0.0361, ref_loss=0.0000, physics_loss=2.6064E-04, it_time=0.00069 s total_time=1.1 min
[Iteration 3500] total_loss=0.0420, data_loss=0.0377, ref_loss=0.0000, physics_loss=1.4604E-03, it_time=0.00069 s total_time=1.1 min
Total avg
Relative error [Fluid] 26.5
Relative error [Bound] 48.2
Relative error [Core] 17.8
Absolute error [Fluid] 0.1909
Absolute error [Bound] 0.3104
Absolute error [Core] 0.1429
Absolute error [Non-F] 0.0000
R.M.S.   error [Fluid] 0.2468
R.M.S.   error [Bound] 0.3634
R.M.S.   error [Core] 0.1798
R.M.S.   error [Non-F] 0.0000
Final model saved to ../models/260406_Aomodel_4dsim_V250_div_w_PINN_sweep/260406_Aomodel_4dsim_V250_div_w_PINN_sweep_FFN_1t_20260407-1748/260406_Aomodel_4dsim_V250_div_w_PINN_sweep_FFN_1t_final.pth
Starting script
Copying source code to model directory...
Loaded resolution from file: 0.002, 0.002, 0.002, 0.01874
VNRMSE [Noisy]: 0.096484
Directional error [Noisy]: 0.024761
Divergence [Noisy]: 0.070040
Total avg
Relative error [Fluid] 89.4
Relative error [Bound] 90.3
Relative error [Core] 89.0
Absolute error [Fluid] 0.8320
Absolute error [Bound] 0.6938
Absolute error [Core] 0.8875
Absolute error [Non-F] 0.0000
R.M.S.   error [Fluid] 0.9324
R.M.S.   error [Bound] 0.7980
R.M.S.   error [Core] 0.9813
R.M.S.   error [Non-F] 0.0000
[Iteration 25] total_loss=0.2453, data_loss=0.2308, ref_loss=0.0000, physics_loss=2.9029E-03, it_time=0.0007 s total_time=0.0 min
[Iteration 50] total_loss=0.2205, data_loss=0.2071, ref_loss=0.0000, physics_loss=2.6927E-03, it_time=0.00069 s total_time=0.0 min
[Iteration 75] total_loss=0.1918, data_loss=0.1787, ref_loss=0.0000, physics_loss=2.6205E-03, it_time=0.00069 s total_time=0.0 min
[Iteration 100] total_loss=0.1906, data_loss=0.1773, ref_loss=0.0000, physics_loss=2.6671E-03, it_time=0.00069 s total_time=0.0 min
[Iteration 125] total_loss=0.1618, data_loss=0.1585, ref_loss=0.0000, physics_loss=6.7159E-04, it_time=0.00135 s total_time=0.1 min
[Iteration 150] total_loss=0.1670, data_loss=0.1506, ref_loss=0.0000, physics_loss=3.2665E-03, it_time=0.00069 s total_time=0.1 min
[Iteration 175] total_loss=0.1989, data_loss=0.1410, ref_loss=0.0000, physics_loss=1.1577E-02, it_time=0.00069 s total_time=0.1 min
[Iteration 200] total_loss=0.1445, data_loss=0.1391, ref_loss=0.0000, physics_loss=1.0793E-03, it_time=0.00086 s total_time=0.1 min
[Iteration 225] total_loss=0.1729, data_loss=0.1524, ref_loss=0.0000, physics_loss=4.1073E-03, it_time=0.00069 s total_time=0.1 min
[Iteration 250] total_loss=0.1391, data_loss=0.1377, ref_loss=0.0000, physics_loss=2.9189E-04, it_time=0.00069 s total_time=0.1 min
[Iteration 275] total_loss=0.2146, data_loss=0.1762, ref_loss=0.0000, physics_loss=7.6917E-03, it_time=0.00069 s total_time=0.1 min
[Iteration 300] total_loss=0.1472, data_loss=0.1443, ref_loss=0.0000, physics_loss=5.6108E-04, it_time=0.00084 s total_time=0.1 min
[Iteration 325] total_loss=0.1346, data_loss=0.1329, ref_loss=0.0000, physics_loss=3.3950E-04, it_time=0.00069 s total_time=0.1 min
[Iteration 350] total_loss=0.1478, data_loss=0.1363, ref_loss=0.0000, physics_loss=2.3003E-03, it_time=0.00069 s total_time=0.1 min
[Iteration 375] total_loss=0.1276, data_loss=0.1261, ref_loss=0.0000, physics_loss=3.0716E-04, it_time=0.00069 s total_time=0.1 min
[Iteration 400] total_loss=0.1583, data_loss=0.1281, ref_loss=0.0000, physics_loss=6.0473E-03, it_time=0.00069 s total_time=0.1 min
[Iteration 425] total_loss=0.1255, data_loss=0.1231, ref_loss=0.0000, physics_loss=4.8540E-04, it_time=0.00069 s total_time=0.1 min
[Iteration 450] total_loss=0.1196, data_loss=0.1181, ref_loss=0.0000, physics_loss=3.0581E-04, it_time=0.00175 s total_time=0.2 min
[Iteration 475] total_loss=0.1300, data_loss=0.1253, ref_loss=0.0000, physics_loss=9.3205E-04, it_time=0.00069 s total_time=0.2 min
[Iteration 500] total_loss=0.1174, data_loss=0.1164, ref_loss=0.0000, physics_loss=1.9239E-04, it_time=0.0007 s total_time=0.2 min
Total avg
Relative error [Fluid] 40.3
Relative error [Bound] 59.7
Relative error [Core] 32.6
Absolute error [Fluid] 0.3225
Absolute error [Bound] 0.4301
Absolute error [Core] 0.2792
Absolute error [Non-F] 0.0000
R.M.S.   error [Fluid] 0.3968
R.M.S.   error [Bound] 0.4966
R.M.S.   error [Core] 0.3487
R.M.S.   error [Non-F] 0.0000
[Iteration 525] total_loss=0.1371, data_loss=0.1123, ref_loss=0.0000, physics_loss=4.9532E-03, it_time=0.00068 s total_time=0.2 min
[Iteration 550] total_loss=0.1224, data_loss=0.1170, ref_loss=0.0000, physics_loss=1.0830E-03, it_time=0.00068 s total_time=0.2 min
[Iteration 575] total_loss=0.1116, data_loss=0.1102, ref_loss=0.0000, physics_loss=2.8744E-04, it_time=0.00069 s total_time=0.2 min
[Iteration 600] total_loss=0.1440, data_loss=0.1281, ref_loss=0.0000, physics_loss=3.1832E-03, it_time=0.00069 s total_time=0.2 min
[Iteration 625] total_loss=0.1156, data_loss=0.1135, ref_loss=0.0000, physics_loss=4.2135E-04, it_time=0.00093 s total_time=0.2 min
[Iteration 650] total_loss=0.1777, data_loss=0.1395, ref_loss=0.0000, physics_loss=7.6293E-03, it_time=0.00068 s total_time=0.2 min
[Iteration 675] total_loss=0.1225, data_loss=0.1182, ref_loss=0.0000, physics_loss=8.5297E-04, it_time=0.00069 s total_time=0.2 min
[Iteration 700] total_loss=0.1096, data_loss=0.1085, ref_loss=0.0000, physics_loss=2.2124E-04, it_time=0.00069 s total_time=0.2 min
[Iteration 725] total_loss=0.1041, data_loss=0.1032, ref_loss=0.0000, physics_loss=1.7438E-04, it_time=0.00069 s total_time=0.2 min
[Iteration 750] total_loss=0.1001, data_loss=0.0992, ref_loss=0.0000, physics_loss=1.8752E-04, it_time=0.0007 s total_time=0.3 min
[Iteration 775] total_loss=0.1761, data_loss=0.1475, ref_loss=0.0000, physics_loss=5.7175E-03, it_time=0.00069 s total_time=0.3 min
[Iteration 800] total_loss=0.1185, data_loss=0.1155, ref_loss=0.0000, physics_loss=5.9938E-04, it_time=0.00069 s total_time=0.3 min
[Iteration 825] total_loss=0.1058, data_loss=0.1046, ref_loss=0.0000, physics_loss=2.4265E-04, it_time=0.00222 s total_time=0.3 min
[Iteration 850] total_loss=0.1004, data_loss=0.0995, ref_loss=0.0000, physics_loss=1.8475E-04, it_time=0.00096 s total_time=0.3 min
[Iteration 875] total_loss=0.1155, data_loss=0.1010, ref_loss=0.0000, physics_loss=2.9122E-03, it_time=0.00069 s total_time=0.3 min
[Iteration 900] total_loss=0.0978, data_loss=0.0953, ref_loss=0.0000, physics_loss=4.8395E-04, it_time=0.00069 s total_time=0.3 min
[Iteration 925] total_loss=0.1856, data_loss=0.0916, ref_loss=0.0000, physics_loss=1.8801E-02, it_time=0.00069 s total_time=0.3 min
[Iteration 950] total_loss=0.1004, data_loss=0.0955, ref_loss=0.0000, physics_loss=9.9292E-04, it_time=0.00069 s total_time=0.3 min
[Iteration 975] total_loss=0.2463, data_loss=0.0901, ref_loss=0.0000, physics_loss=3.1242E-02, it_time=0.00069 s total_time=0.3 min
[Iteration 1000] total_loss=0.0968, data_loss=0.0928, ref_loss=0.0000, physics_loss=8.1060E-04, it_time=0.00069 s total_time=0.3 min
Total avg
Relative error [Fluid] 37.3
Relative error [Bound] 57.4
Relative error [Core] 29.2
Absolute error [Fluid] 0.2880
Absolute error [Bound] 0.4063
Absolute error [Core] 0.2404
Absolute error [Non-F] 0.0000
R.M.S.   error [Fluid] 0.3545
R.M.S.   error [Bound] 0.4665
R.M.S.   error [Core] 0.2978
R.M.S.   error [Non-F] 0.0000
Checkpoint saved to ../models/260406_Aomodel_4dsim_V250_div_w_PINN_sweep/260406_Aomodel_4dsim_V250_div_w_PINN_sweep_FFN_1t_20260407-1749/checkpoints/260406_Aomodel_4dsim_V250_div_w_PINN_sweep_FFN_1t_it1000.pth
[Iteration 1025] total_loss=0.0881, data_loss=0.0864, ref_loss=0.0000, physics_loss=3.4369E-04, it_time=0.00069 s total_time=0.3 min
[Iteration 1050] total_loss=0.0869, data_loss=0.0828, ref_loss=0.0000, physics_loss=8.2086E-04, it_time=0.00093 s total_time=0.4 min
[Iteration 1075] total_loss=0.1063, data_loss=0.0973, ref_loss=0.0000, physics_loss=1.8061E-03, it_time=0.00069 s total_time=0.4 min
[Iteration 1100] total_loss=0.0876, data_loss=0.0856, ref_loss=0.0000, physics_loss=3.8472E-04, it_time=0.00069 s total_time=0.4 min
[Iteration 1125] total_loss=0.0822, data_loss=0.0811, ref_loss=0.0000, physics_loss=2.1129E-04, it_time=0.00195 s total_time=0.4 min
[Iteration 1150] total_loss=0.0801, data_loss=0.0779, ref_loss=0.0000, physics_loss=4.4380E-04, it_time=0.00093 s total_time=0.4 min
[Iteration 1175] total_loss=0.0984, data_loss=0.0870, ref_loss=0.0000, physics_loss=2.2802E-03, it_time=0.00069 s total_time=0.4 min
[Iteration 1200] total_loss=0.0815, data_loss=0.0791, ref_loss=0.0000, physics_loss=4.7826E-04, it_time=0.00068 s total_time=0.4 min
[Iteration 1225] total_loss=0.1557, data_loss=0.0767, ref_loss=0.0000, physics_loss=1.5803E-02, it_time=0.00069 s total_time=0.4 min
[Iteration 1250] total_loss=0.0810, data_loss=0.0761, ref_loss=0.0000, physics_loss=9.8607E-04, it_time=0.00081 s total_time=0.4 min
[Iteration 1275] total_loss=0.1375, data_loss=0.1129, ref_loss=0.0000, physics_loss=4.9328E-03, it_time=0.00098 s total_time=0.4 min
[Iteration 1300] total_loss=0.0902, data_loss=0.0864, ref_loss=0.0000, physics_loss=7.6589E-04, it_time=0.00069 s total_time=0.4 min
[Iteration 1325] total_loss=0.0798, data_loss=0.0787, ref_loss=0.0000, physics_loss=2.2557E-04, it_time=0.00069 s total_time=0.4 min
[Iteration 1350] total_loss=0.0756, data_loss=0.0746, ref_loss=0.0000, physics_loss=1.9882E-04, it_time=0.00172 s total_time=0.4 min
[Iteration 1375] total_loss=0.0909, data_loss=0.0758, ref_loss=0.0000, physics_loss=3.0257E-03, it_time=0.00104 s total_time=0.4 min
[Iteration 1400] total_loss=0.0738, data_loss=0.0715, ref_loss=0.0000, physics_loss=4.5236E-04, it_time=0.00069 s total_time=0.5 min
[Iteration 1425] total_loss=0.0732, data_loss=0.0690, ref_loss=0.0000, physics_loss=8.4000E-04, it_time=0.00069 s total_time=0.5 min
[Iteration 1450] total_loss=0.0824, data_loss=0.0757, ref_loss=0.0000, physics_loss=1.3348E-03, it_time=0.00069 s total_time=0.5 min
[Iteration 1475] total_loss=0.0712, data_loss=0.0697, ref_loss=0.0000, physics_loss=2.9545E-04, it_time=0.00068 s total_time=0.5 min
[Iteration 1500] total_loss=0.0889, data_loss=0.0741, ref_loss=0.0000, physics_loss=2.9561E-03, it_time=0.00093 s total_time=0.5 min
Total avg
Relative error [Fluid] 35.2
Relative error [Bound] 55.7
Relative error [Core] 26.9
Absolute error [Fluid] 0.2689
Absolute error [Bound] 0.3873
Absolute error [Core] 0.2213
Absolute error [Non-F] 0.0000
R.M.S.   error [Fluid] 0.3284
R.M.S.   error [Bound] 0.4411
R.M.S.   error [Core] 0.2702
R.M.S.   error [Non-F] 0.0000
[Iteration 1525] total_loss=0.0712, data_loss=0.0684, ref_loss=0.0000, physics_loss=5.6924E-04, it_time=0.00069 s total_time=0.5 min
[Iteration 1550] total_loss=0.0671, data_loss=0.0659, ref_loss=0.0000, physics_loss=2.3660E-04, it_time=0.00069 s total_time=0.5 min
[Iteration 1575] total_loss=0.0657, data_loss=0.0642, ref_loss=0.0000, physics_loss=2.8421E-04, it_time=0.00069 s total_time=0.5 min
[Iteration 1600] total_loss=0.0814, data_loss=0.0693, ref_loss=0.0000, physics_loss=2.4117E-03, it_time=0.00069 s total_time=0.5 min
[Iteration 1625] total_loss=0.0663, data_loss=0.0648, ref_loss=0.0000, physics_loss=3.1171E-04, it_time=0.0007 s total_time=0.5 min
[Iteration 1650] total_loss=0.0645, data_loss=0.0629, ref_loss=0.0000, physics_loss=3.2612E-04, it_time=0.00069 s total_time=0.5 min
[Iteration 1675] total_loss=0.0762, data_loss=0.0669, ref_loss=0.0000, physics_loss=1.8671E-03, it_time=0.00069 s total_time=0.6 min
[Iteration 1700] total_loss=0.0651, data_loss=0.0628, ref_loss=0.0000, physics_loss=4.6681E-04, it_time=0.00068 s total_time=0.6 min
[Iteration 1725] total_loss=0.1303, data_loss=0.0636, ref_loss=0.0000, physics_loss=1.3351E-02, it_time=0.00069 s total_time=0.6 min
[Iteration 1750] total_loss=0.0672, data_loss=0.0639, ref_loss=0.0000, physics_loss=6.7885E-04, it_time=0.00069 s total_time=0.6 min
[Iteration 1775] total_loss=0.0623, data_loss=0.0609, ref_loss=0.0000, physics_loss=2.7673E-04, it_time=0.00068 s total_time=0.6 min
[Iteration 1800] total_loss=0.0818, data_loss=0.0625, ref_loss=0.0000, physics_loss=3.8685E-03, it_time=0.00067 s total_time=0.6 min
[Iteration 1825] total_loss=0.0664, data_loss=0.0621, ref_loss=0.0000, physics_loss=8.4828E-04, it_time=0.00069 s total_time=0.6 min
[Iteration 1850] total_loss=0.0614, data_loss=0.0596, ref_loss=0.0000, physics_loss=3.6916E-04, it_time=0.00069 s total_time=0.7 min
[Iteration 1875] total_loss=0.0622, data_loss=0.0597, ref_loss=0.0000, physics_loss=4.9481E-04, it_time=0.00068 s total_time=0.7 min
[Iteration 1900] total_loss=0.0592, data_loss=0.0579, ref_loss=0.0000, physics_loss=2.6139E-04, it_time=0.00069 s total_time=0.7 min
[Iteration 1925] total_loss=0.1423, data_loss=0.0621, ref_loss=0.0000, physics_loss=1.6052E-02, it_time=0.00068 s total_time=0.7 min
[Iteration 1950] total_loss=0.0645, data_loss=0.0602, ref_loss=0.0000, physics_loss=8.6626E-04, it_time=0.00069 s total_time=0.8 min
[Iteration 1975] total_loss=0.0589, data_loss=0.0576, ref_loss=0.0000, physics_loss=2.6386E-04, it_time=0.00068 s total_time=0.8 min
[Iteration 2000] total_loss=0.0914, data_loss=0.0675, ref_loss=0.0000, physics_loss=4.7688E-03, it_time=0.00069 s total_time=0.8 min
Total avg
Relative error [Fluid] 34.0
Relative error [Bound] 54.7
Relative error [Core] 25.7
Absolute error [Fluid] 0.2590
Absolute error [Bound] 0.3756
Absolute error [Core] 0.2120
Absolute error [Non-F] 0.0000
R.M.S.   error [Fluid] 0.3147
R.M.S.   error [Bound] 0.4279
R.M.S.   error [Core] 0.2554
R.M.S.   error [Non-F] 0.0000
Checkpoint saved to ../models/260406_Aomodel_4dsim_V250_div_w_PINN_sweep/260406_Aomodel_4dsim_V250_div_w_PINN_sweep_FFN_1t_20260407-1749/checkpoints/260406_Aomodel_4dsim_V250_div_w_PINN_sweep_FFN_1t_it2000.pth
[Iteration 2025] total_loss=0.0615, data_loss=0.0595, ref_loss=0.0000, physics_loss=4.0799E-04, it_time=0.00199 s total_time=0.8 min
[Iteration 2050] total_loss=0.0578, data_loss=0.0568, ref_loss=0.0000, physics_loss=2.1203E-04, it_time=0.00068 s total_time=0.8 min
[Iteration 2075] total_loss=0.0564, data_loss=0.0554, ref_loss=0.0000, physics_loss=1.9616E-04, it_time=0.00068 s total_time=0.9 min
[Iteration 2100] total_loss=0.0554, data_loss=0.0544, ref_loss=0.0000, physics_loss=1.9952E-04, it_time=0.00069 s total_time=0.9 min
[Iteration 2125] total_loss=0.0822, data_loss=0.0596, ref_loss=0.0000, physics_loss=4.5250E-03, it_time=0.00068 s total_time=0.9 min
[Iteration 2150] total_loss=0.0592, data_loss=0.0563, ref_loss=0.0000, physics_loss=5.7469E-04, it_time=0.00068 s total_time=1.0 min
[Iteration 2175] total_loss=0.0555, data_loss=0.0545, ref_loss=0.0000, physics_loss=1.9850E-04, it_time=0.00068 s total_time=1.0 min
[Iteration 2200] total_loss=0.0543, data_loss=0.0534, ref_loss=0.0000, physics_loss=1.8806E-04, it_time=0.0007 s total_time=1.0 min
[Iteration 2225] total_loss=0.2303, data_loss=0.0537, ref_loss=0.0000, physics_loss=3.5319E-02, it_time=0.00069 s total_time=1.0 min
[Iteration 2250] total_loss=0.0584, data_loss=0.0553, ref_loss=0.0000, physics_loss=6.2088E-04, it_time=0.00068 s total_time=1.1 min
[Iteration 2275] total_loss=0.0547, data_loss=0.0531, ref_loss=0.0000, physics_loss=3.0214E-04, it_time=0.00069 s total_time=1.1 min
[Iteration 2300] total_loss=0.0649, data_loss=0.0542, ref_loss=0.0000, physics_loss=2.1299E-03, it_time=0.00089 s total_time=1.2 min
[Iteration 2325] total_loss=0.0535, data_loss=0.0524, ref_loss=0.0000, physics_loss=2.2857E-04, it_time=0.0007 s total_time=1.2 min
[Iteration 2350] total_loss=0.0524, data_loss=0.0514, ref_loss=0.0000, physics_loss=1.9564E-04, it_time=0.00069 s total_time=1.2 min
[Iteration 2375] total_loss=0.0597, data_loss=0.0507, ref_loss=0.0000, physics_loss=1.8076E-03, it_time=0.00069 s total_time=1.2 min
[Iteration 2400] total_loss=0.0588, data_loss=0.0520, ref_loss=0.0000, physics_loss=1.3652E-03, it_time=0.00112 s total_time=1.2 min
[Iteration 2425] total_loss=0.0523, data_loss=0.0506, ref_loss=0.0000, physics_loss=3.4387E-04, it_time=0.00066 s total_time=1.2 min
[Iteration 2450] total_loss=0.1498, data_loss=0.0503, ref_loss=0.0000, physics_loss=1.9899E-02, it_time=0.00068 s total_time=1.2 min
[Iteration 2475] total_loss=0.0545, data_loss=0.0509, ref_loss=0.0000, physics_loss=7.1166E-04, it_time=0.00102 s total_time=1.2 min
[Iteration 2500] total_loss=0.0510, data_loss=0.0496, ref_loss=0.0000, physics_loss=2.6554E-04, it_time=0.00069 s total_time=1.3 min
Total avg
Relative error [Fluid] 30.0
Relative error [Bound] 50.5
Relative error [Core] 21.8
Absolute error [Fluid] 0.2170
Absolute error [Bound] 0.3331
Absolute error [Core] 0.1703
Absolute error [Non-F] 0.0000
R.M.S.   error [Fluid] 0.2711
R.M.S.   error [Bound] 0.3839
R.M.S.   error [Core] 0.2092
R.M.S.   error [Non-F] 0.0000
[Iteration 2525] total_loss=0.0499, data_loss=0.0489, ref_loss=0.0000, physics_loss=1.8696E-04, it_time=0.00068 s total_time=1.4 min
[Iteration 2550] total_loss=0.0493, data_loss=0.0484, ref_loss=0.0000, physics_loss=1.8841E-04, it_time=0.0007 s total_time=1.4 min
[Iteration 2575] total_loss=0.0681, data_loss=0.0520, ref_loss=0.0000, physics_loss=3.2160E-03, it_time=0.00078 s total_time=1.4 min
[Iteration 2600] total_loss=0.0511, data_loss=0.0497, ref_loss=0.0000, physics_loss=2.8276E-04, it_time=0.00068 s total_time=1.4 min
[Iteration 2625] total_loss=0.0495, data_loss=0.0485, ref_loss=0.0000, physics_loss=1.9875E-04, it_time=0.00068 s total_time=1.4 min
[Iteration 2650] total_loss=0.0487, data_loss=0.0478, ref_loss=0.0000, physics_loss=1.7567E-04, it_time=0.0007 s total_time=1.4 min
[Iteration 2675] total_loss=0.0500, data_loss=0.0473, ref_loss=0.0000, physics_loss=5.4001E-04, it_time=0.00092 s total_time=1.5 min
[Iteration 2700] total_loss=0.0642, data_loss=0.0515, ref_loss=0.0000, physics_loss=2.5412E-03, it_time=0.00069 s total_time=1.5 min
[Iteration 2725] total_loss=0.0505, data_loss=0.0486, ref_loss=0.0000, physics_loss=3.8024E-04, it_time=0.00068 s total_time=1.5 min
[Iteration 2750] total_loss=0.0484, data_loss=0.0475, ref_loss=0.0000, physics_loss=1.8554E-04, it_time=0.00068 s total_time=1.5 min
[Iteration 2775] total_loss=0.1193, data_loss=0.0474, ref_loss=0.0000, physics_loss=1.4372E-02, it_time=0.00068 s total_time=1.5 min
[Iteration 2800] total_loss=0.0502, data_loss=0.0472, ref_loss=0.0000, physics_loss=5.9837E-04, it_time=0.00068 s total_time=1.6 min
[Iteration 2825] total_loss=0.0476, data_loss=0.0464, ref_loss=0.0000, physics_loss=2.2447E-04, it_time=0.00079 s total_time=1.7 min
[Iteration 2850] total_loss=0.0539, data_loss=0.0460, ref_loss=0.0000, physics_loss=1.5937E-03, it_time=0.00068 s total_time=1.7 min
[Iteration 2875] total_loss=0.0509, data_loss=0.0467, ref_loss=0.0000, physics_loss=8.5176E-04, it_time=0.00069 s total_time=1.8 min
[Iteration 2900] total_loss=0.0469, data_loss=0.0458, ref_loss=0.0000, physics_loss=2.2945E-04, it_time=0.00069 s total_time=1.8 min
[Iteration 2925] total_loss=0.0661, data_loss=0.0472, ref_loss=0.0000, physics_loss=3.7765E-03, it_time=0.00069 s total_time=1.9 min
[Iteration 2950] total_loss=0.0488, data_loss=0.0463, ref_loss=0.0000, physics_loss=4.9160E-04, it_time=0.0007 s total_time=2.0 min
[Iteration 2975] total_loss=0.0463, data_loss=0.0454, ref_loss=0.0000, physics_loss=1.8763E-04, it_time=0.00069 s total_time=2.0 min
[Iteration 3000] total_loss=0.0526, data_loss=0.0449, ref_loss=0.0000, physics_loss=1.5475E-03, it_time=0.00069 s total_time=2.0 min
Total avg
Relative error [Fluid] 28.7
Relative error [Bound] 49.3
Relative error [Core] 20.4
Absolute error [Fluid] 0.2077
Absolute error [Bound] 0.3209
Absolute error [Core] 0.1622
Absolute error [Non-F] 0.0000
R.M.S.   error [Fluid] 0.2605
R.M.S.   error [Bound] 0.3725
R.M.S.   error [Core] 0.1984
R.M.S.   error [Non-F] 0.0000
Checkpoint saved to ../models/260406_Aomodel_4dsim_V250_div_w_PINN_sweep/260406_Aomodel_4dsim_V250_div_w_PINN_sweep_FFN_1t_20260407-1749/checkpoints/260406_Aomodel_4dsim_V250_div_w_PINN_sweep_FFN_1t_it3000.pth
[Iteration 3025] total_loss=0.0455, data_loss=0.0446, ref_loss=0.0000, physics_loss=1.9491E-04, it_time=0.0007 s total_time=2.0 min
[Iteration 3050] total_loss=0.0451, data_loss=0.0442, ref_loss=0.0000, physics_loss=1.7146E-04, it_time=0.00068 s total_time=2.0 min
[Iteration 3075] total_loss=0.0447, data_loss=0.0439, ref_loss=0.0000, physics_loss=1.6848E-04, it_time=0.0007 s total_time=2.0 min
[Iteration 3100] total_loss=0.0553, data_loss=0.0453, ref_loss=0.0000, physics_loss=1.9898E-03, it_time=0.00069 s total_time=2.1 min
[Iteration 3125] total_loss=0.0464, data_loss=0.0444, ref_loss=0.0000, physics_loss=4.0183E-04, it_time=0.0007 s total_time=2.1 min
[Iteration 3150] total_loss=0.0447, data_loss=0.0438, ref_loss=0.0000, physics_loss=1.7417E-04, it_time=0.00096 s total_time=2.2 min
[Iteration 3175] total_loss=0.0445, data_loss=0.0434, ref_loss=0.0000, physics_loss=2.2660E-04, it_time=0.00068 s total_time=2.2 min
[Iteration 3200] total_loss=0.0498, data_loss=0.0446, ref_loss=0.0000, physics_loss=1.0387E-03, it_time=0.00068 s total_time=2.2 min
[Iteration 3225] total_loss=0.0448, data_loss=0.0435, ref_loss=0.0000, physics_loss=2.5772E-04, it_time=0.0007 s total_time=2.3 min
[Iteration 3250] total_loss=0.0438, data_loss=0.0430, ref_loss=0.0000, physics_loss=1.6112E-04, it_time=0.00068 s total_time=2.3 min
[Iteration 3275] total_loss=0.0733, data_loss=0.0444, ref_loss=0.0000, physics_loss=5.7963E-03, it_time=0.00068 s total_time=2.3 min
[Iteration 3300] total_loss=0.0456, data_loss=0.0432, ref_loss=0.0000, physics_loss=4.7977E-04, it_time=0.00085 s total_time=2.4 min
[Iteration 3325] total_loss=0.0526, data_loss=0.0426, ref_loss=0.0000, physics_loss=1.9875E-03, it_time=0.00068 s total_time=2.4 min
[Iteration 3350] total_loss=0.0468, data_loss=0.0437, ref_loss=0.0000, physics_loss=6.3365E-04, it_time=0.0007 s total_time=2.5 min
[Iteration 3375] total_loss=0.0437, data_loss=0.0426, ref_loss=0.0000, physics_loss=2.2683E-04, it_time=0.00069 s total_time=2.5 min
[Iteration 3400] total_loss=0.0497, data_loss=0.0422, ref_loss=0.0000, physics_loss=1.5083E-03, it_time=0.0017 s total_time=2.6 min
[Iteration 3425] total_loss=0.0494, data_loss=0.0439, ref_loss=0.0000, physics_loss=1.0898E-03, it_time=0.00069 s total_time=2.6 min
[Iteration 3450] total_loss=0.0434, data_loss=0.0425, ref_loss=0.0000, physics_loss=1.7491E-04, it_time=0.00105 s total_time=2.6 min
[Iteration 3475] total_loss=0.0428, data_loss=0.0420, ref_loss=0.0000, physics_loss=1.5256E-04, it_time=0.00069 s total_time=2.6 min
[Iteration 3500] total_loss=0.0486, data_loss=0.0423, ref_loss=0.0000, physics_loss=1.2613E-03, it_time=0.00069 s total_time=2.6 min
Total avg
Relative error [Fluid] 27.6
Relative error [Bound] 48.9
Relative error [Core] 19.1
Absolute error [Fluid] 0.2000
Absolute error [Bound] 0.3171
Absolute error [Core] 0.1528
Absolute error [Non-F] 0.0000
R.M.S.   error [Fluid] 0.2555
R.M.S.   error [Bound] 0.3689
R.M.S.   error [Core] 0.1918
R.M.S.   error [Non-F] 0.0000
Final model saved to ../models/260406_Aomodel_4dsim_V250_div_w_PINN_sweep/260406_Aomodel_4dsim_V250_div_w_PINN_sweep_FFN_1t_20260407-1749/260406_Aomodel_4dsim_V250_div_w_PINN_sweep_FFN_1t_final.pth
Starting script
Copying source code to model directory...
Loaded resolution from file: 0.002, 0.002, 0.002, 0.01874
VNRMSE [Noisy]: 0.096484
Directional error [Noisy]: 0.024761
Divergence [Noisy]: 0.070040
Total avg
Relative error [Fluid] 89.5
Relative error [Bound] 90.4
Relative error [Core] 89.2
Absolute error [Fluid] 0.8340
Absolute error [Bound] 0.6952
Absolute error [Core] 0.8897
Absolute error [Non-F] 0.0000
R.M.S.   error [Fluid] 0.9344
R.M.S.   error [Bound] 0.7997
R.M.S.   error [Core] 0.9834
R.M.S.   error [Non-F] 0.0000
[Iteration 25] total_loss=0.2580, data_loss=0.2472, ref_loss=0.0000, physics_loss=1.0723E-03, it_time=0.00094 s total_time=0.0 min
[Iteration 50] total_loss=0.2382, data_loss=0.2237, ref_loss=0.0000, physics_loss=1.4471E-03, it_time=0.00069 s total_time=0.0 min
[Iteration 75] total_loss=0.3242, data_loss=0.1999, ref_loss=0.0000, physics_loss=1.2433E-02, it_time=0.00069 s total_time=0.1 min
[Iteration 100] total_loss=0.2193, data_loss=0.2109, ref_loss=0.0000, physics_loss=8.4009E-04, it_time=0.00069 s total_time=0.1 min
[Iteration 125] total_loss=0.2524, data_loss=0.1868, ref_loss=0.0000, physics_loss=6.5617E-03, it_time=0.00069 s total_time=0.1 min
[Iteration 150] total_loss=0.1896, data_loss=0.1840, ref_loss=0.0000, physics_loss=5.6235E-04, it_time=0.00069 s total_time=0.1 min
[Iteration 175] total_loss=0.3189, data_loss=0.2443, ref_loss=0.0000, physics_loss=7.4523E-03, it_time=0.00068 s total_time=0.1 min
[Iteration 200] total_loss=0.2090, data_loss=0.2003, ref_loss=0.0000, physics_loss=8.6587E-04, it_time=0.00069 s total_time=0.1 min
[Iteration 225] total_loss=0.1784, data_loss=0.1768, ref_loss=0.0000, physics_loss=1.6392E-04, it_time=0.00094 s total_time=0.1 min
[Iteration 250] total_loss=0.2737, data_loss=0.2423, ref_loss=0.0000, physics_loss=3.1365E-03, it_time=0.0007 s total_time=0.2 min
[Iteration 275] total_loss=0.1837, data_loss=0.1811, ref_loss=0.0000, physics_loss=2.6447E-04, it_time=0.00069 s total_time=0.2 min
[Iteration 300] total_loss=0.1650, data_loss=0.1636, ref_loss=0.0000, physics_loss=1.3392E-04, it_time=0.00074 s total_time=0.2 min
[Iteration 325] total_loss=0.1672, data_loss=0.1606, ref_loss=0.0000, physics_loss=6.6561E-04, it_time=0.00069 s total_time=0.2 min
[Iteration 350] total_loss=0.1616, data_loss=0.1527, ref_loss=0.0000, physics_loss=8.8825E-04, it_time=0.00068 s total_time=0.2 min
[Iteration 375] total_loss=0.1465, data_loss=0.1447, ref_loss=0.0000, physics_loss=1.8113E-04, it_time=0.00069 s total_time=0.3 min
[Iteration 400] total_loss=0.1745, data_loss=0.1585, ref_loss=0.0000, physics_loss=1.5965E-03, it_time=0.00069 s total_time=0.3 min
[Iteration 425] total_loss=0.1495, data_loss=0.1462, ref_loss=0.0000, physics_loss=3.3746E-04, it_time=0.00068 s total_time=0.3 min
[Iteration 450] total_loss=0.2225, data_loss=0.1516, ref_loss=0.0000, physics_loss=7.0882E-03, it_time=0.00069 s total_time=0.3 min
[Iteration 475] total_loss=0.1507, data_loss=0.1484, ref_loss=0.0000, physics_loss=2.2301E-04, it_time=0.00093 s total_time=0.3 min
[Iteration 500] total_loss=0.1407, data_loss=0.1392, ref_loss=0.0000, physics_loss=1.4190E-04, it_time=0.0007 s total_time=0.3 min
Total avg
Relative error [Fluid] 42.5
Relative error [Bound] 63.0
Relative error [Core] 34.3
Absolute error [Fluid] 0.3532
Absolute error [Bound] 0.4731
Absolute error [Core] 0.3049
Absolute error [Non-F] 0.0000
R.M.S.   error [Fluid] 0.4327
R.M.S.   error [Bound] 0.5439
R.M.S.   error [Core] 0.3789
R.M.S.   error [Non-F] 0.0000
[Iteration 525] total_loss=0.1345, data_loss=0.1335, ref_loss=0.0000, physics_loss=1.0539E-04, it_time=0.00095 s total_time=0.3 min
[Iteration 550] total_loss=0.1514, data_loss=0.1363, ref_loss=0.0000, physics_loss=1.5078E-03, it_time=0.00098 s total_time=0.3 min
[Iteration 575] total_loss=0.1329, data_loss=0.1308, ref_loss=0.0000, physics_loss=2.0905E-04, it_time=0.00069 s total_time=0.4 min
[Iteration 600] total_loss=0.1496, data_loss=0.1349, ref_loss=0.0000, physics_loss=1.4740E-03, it_time=0.00068 s total_time=0.4 min
[Iteration 625] total_loss=0.1295, data_loss=0.1279, ref_loss=0.0000, physics_loss=1.5255E-04, it_time=0.00068 s total_time=0.4 min
[Iteration 650] total_loss=0.1504, data_loss=0.1342, ref_loss=0.0000, physics_loss=1.6242E-03, it_time=0.00069 s total_time=0.4 min
[Iteration 675] total_loss=0.1284, data_loss=0.1254, ref_loss=0.0000, physics_loss=3.0797E-04, it_time=0.00068 s total_time=0.4 min
[Iteration 700] total_loss=0.6201, data_loss=0.1259, ref_loss=0.0000, physics_loss=4.9417E-02, it_time=0.00068 s total_time=0.4 min
[Iteration 725] total_loss=0.1559, data_loss=0.1432, ref_loss=0.0000, physics_loss=1.2732E-03, it_time=0.00068 s total_time=0.5 min
[Iteration 750] total_loss=0.1305, data_loss=0.1288, ref_loss=0.0000, physics_loss=1.6698E-04, it_time=0.00079 s total_time=0.5 min
[Iteration 775] total_loss=0.1230, data_loss=0.1222, ref_loss=0.0000, physics_loss=7.8232E-05, it_time=0.00068 s total_time=0.5 min
[Iteration 800] total_loss=0.2215, data_loss=0.1396, ref_loss=0.0000, physics_loss=8.1880E-03, it_time=0.0007 s total_time=0.5 min
[Iteration 825] total_loss=0.1340, data_loss=0.1268, ref_loss=0.0000, physics_loss=7.2249E-04, it_time=0.00069 s total_time=0.5 min
[Iteration 850] total_loss=0.1209, data_loss=0.1201, ref_loss=0.0000, physics_loss=7.7240E-05, it_time=0.00068 s total_time=0.5 min
[Iteration 875] total_loss=0.1694, data_loss=0.1251, ref_loss=0.0000, physics_loss=4.4369E-03, it_time=0.00068 s total_time=0.5 min
[Iteration 900] total_loss=0.1218, data_loss=0.1178, ref_loss=0.0000, physics_loss=3.9342E-04, it_time=0.00069 s total_time=0.5 min
[Iteration 925] total_loss=0.2341, data_loss=0.1487, ref_loss=0.0000, physics_loss=8.5392E-03, it_time=0.00069 s total_time=0.5 min
[Iteration 950] total_loss=0.1339, data_loss=0.1279, ref_loss=0.0000, physics_loss=6.0263E-04, it_time=0.0006 s total_time=0.5 min
[Iteration 975] total_loss=0.1194, data_loss=0.1181, ref_loss=0.0000, physics_loss=1.2847E-04, it_time=0.00078 s total_time=0.5 min
[Iteration 1000] total_loss=0.1141, data_loss=0.1128, ref_loss=0.0000, physics_loss=1.3418E-04, it_time=0.00069 s total_time=0.6 min
Total avg
Relative error [Fluid] 39.9
Relative error [Bound] 59.7
Relative error [Core] 31.9
Absolute error [Fluid] 0.3171
Absolute error [Bound] 0.4311
Absolute error [Core] 0.2712
Absolute error [Non-F] 0.0000
R.M.S.   error [Fluid] 0.3907
R.M.S.   error [Bound] 0.4963
R.M.S.   error [Core] 0.3391
R.M.S.   error [Non-F] 0.0000
Checkpoint saved to ../models/260406_Aomodel_4dsim_V250_div_w_PINN_sweep/260406_Aomodel_4dsim_V250_div_w_PINN_sweep_FFN_1t_20260407-1752/checkpoints/260406_Aomodel_4dsim_V250_div_w_PINN_sweep_FFN_1t_it1000.pth
[Iteration 1025] total_loss=0.1104, data_loss=0.1092, ref_loss=0.0000, physics_loss=1.2323E-04, it_time=0.00068 s total_time=0.6 min
[Iteration 1050] total_loss=0.1242, data_loss=0.1129, ref_loss=0.0000, physics_loss=1.1311E-03, it_time=0.00069 s total_time=0.6 min
[Iteration 1075] total_loss=0.1093, data_loss=0.1078, ref_loss=0.0000, physics_loss=1.5043E-04, it_time=0.00069 s total_time=0.6 min
[Iteration 1100] total_loss=0.1052, data_loss=0.1039, ref_loss=0.0000, physics_loss=1.3000E-04, it_time=0.00069 s total_time=0.6 min
[Iteration 1125] total_loss=0.1319, data_loss=0.1172, ref_loss=0.0000, physics_loss=1.4688E-03, it_time=0.00069 s total_time=0.6 min
[Iteration 1150] total_loss=0.1094, data_loss=0.1072, ref_loss=0.0000, physics_loss=2.1855E-04, it_time=0.00093 s total_time=0.6 min
[Iteration 1175] total_loss=0.1035, data_loss=0.1024, ref_loss=0.0000, physics_loss=1.0422E-04, it_time=0.00129 s total_time=0.6 min
[Iteration 1200] total_loss=0.1066, data_loss=0.1033, ref_loss=0.0000, physics_loss=3.3208E-04, it_time=0.0007 s total_time=0.6 min
[Iteration 1225] total_loss=0.1050, data_loss=0.0990, ref_loss=0.0000, physics_loss=5.9497E-04, it_time=0.00068 s total_time=0.6 min
[Iteration 1250] total_loss=0.1202, data_loss=0.1064, ref_loss=0.0000, physics_loss=1.3800E-03, it_time=0.00068 s total_time=0.6 min
[Iteration 1275] total_loss=0.1009, data_loss=0.0988, ref_loss=0.0000, physics_loss=2.0321E-04, it_time=0.00069 s total_time=0.6 min
[Iteration 1300] total_loss=0.2754, data_loss=0.1501, ref_loss=0.0000, physics_loss=1.2533E-02, it_time=0.00068 s total_time=0.7 min
[Iteration 1325] total_loss=0.1409, data_loss=0.1309, ref_loss=0.0000, physics_loss=9.9780E-04, it_time=0.00068 s total_time=0.7 min
[Iteration 1350] total_loss=0.1133, data_loss=0.1114, ref_loss=0.0000, physics_loss=1.8506E-04, it_time=0.00069 s total_time=0.7 min
[Iteration 1375] total_loss=0.1046, data_loss=0.1037, ref_loss=0.0000, physics_loss=8.8434E-05, it_time=0.00069 s total_time=0.7 min
[Iteration 1400] total_loss=0.0996, data_loss=0.0988, ref_loss=0.0000, physics_loss=8.7688E-05, it_time=0.00069 s total_time=0.7 min
[Iteration 1425] total_loss=0.1101, data_loss=0.0950, ref_loss=0.0000, physics_loss=1.5138E-03, it_time=0.00069 s total_time=0.7 min
[Iteration 1450] total_loss=0.1209, data_loss=0.1065, ref_loss=0.0000, physics_loss=1.4391E-03, it_time=0.00069 s total_time=0.7 min
[Iteration 1475] total_loss=0.0996, data_loss=0.0977, ref_loss=0.0000, physics_loss=1.9587E-04, it_time=0.00069 s total_time=0.7 min
[Iteration 1500] total_loss=0.0932, data_loss=0.0921, ref_loss=0.0000, physics_loss=1.1068E-04, it_time=0.00091 s total_time=0.7 min
Total avg
Relative error [Fluid] 37.4
Relative error [Bound] 57.4
Relative error [Core] 29.3
Absolute error [Fluid] 0.2863
Absolute error [Bound] 0.4040
Absolute error [Core] 0.2389
Absolute error [Non-F] 0.0000
R.M.S.   error [Fluid] 0.3531
R.M.S.   error [Bound] 0.4632
R.M.S.   error [Core] 0.2976
R.M.S.   error [Non-F] 0.0000
[Iteration 1525] total_loss=0.0900, data_loss=0.0890, ref_loss=0.0000, physics_loss=1.0687E-04, it_time=0.00069 s total_time=0.7 min
[Iteration 1550] total_loss=0.1271, data_loss=0.0992, ref_loss=0.0000, physics_loss=2.7959E-03, it_time=0.00195 s total_time=0.7 min
[Iteration 1575] total_loss=0.0954, data_loss=0.0920, ref_loss=0.0000, physics_loss=3.3994E-04, it_time=0.00078 s total_time=0.7 min
[Iteration 1600] total_loss=0.0900, data_loss=0.0877, ref_loss=0.0000, physics_loss=2.3380E-04, it_time=0.00069 s total_time=0.7 min
[Iteration 1625] total_loss=0.0995, data_loss=0.0902, ref_loss=0.0000, physics_loss=9.2739E-04, it_time=0.0007 s total_time=0.8 min
[Iteration 1650] total_loss=0.0876, data_loss=0.0859, ref_loss=0.0000, physics_loss=1.6879E-04, it_time=0.00069 s total_time=0.8 min
[Iteration 1675] total_loss=0.0844, data_loss=0.0834, ref_loss=0.0000, physics_loss=1.0806E-04, it_time=0.00069 s total_time=0.8 min
[Iteration 1700] total_loss=0.1216, data_loss=0.0901, ref_loss=0.0000, physics_loss=3.1508E-03, it_time=0.00069 s total_time=0.8 min
[Iteration 1725] total_loss=0.0942, data_loss=0.0894, ref_loss=0.0000, physics_loss=4.8228E-04, it_time=0.00069 s total_time=0.8 min
[Iteration 1750] total_loss=0.0849, data_loss=0.0836, ref_loss=0.0000, physics_loss=1.2146E-04, it_time=0.00068 s total_time=0.8 min
[Iteration 1775] total_loss=0.0819, data_loss=0.0809, ref_loss=0.0000, physics_loss=9.8302E-05, it_time=0.00069 s total_time=0.8 min
[Iteration 1800] total_loss=0.1278, data_loss=0.0952, ref_loss=0.0000, physics_loss=3.2590E-03, it_time=0.00069 s total_time=0.8 min
[Iteration 1825] total_loss=0.0888, data_loss=0.0857, ref_loss=0.0000, physics_loss=3.0915E-04, it_time=0.00069 s total_time=0.8 min
[Iteration 1850] total_loss=0.0825, data_loss=0.0813, ref_loss=0.0000, physics_loss=1.2058E-04, it_time=0.00069 s total_time=0.8 min
[Iteration 1875] total_loss=0.3224, data_loss=0.0798, ref_loss=0.0000, physics_loss=2.4256E-02, it_time=0.0007 s total_time=0.8 min
[Iteration 1900] total_loss=0.0914, data_loss=0.0852, ref_loss=0.0000, physics_loss=6.2812E-04, it_time=0.00069 s total_time=0.8 min
[Iteration 1925] total_loss=0.0815, data_loss=0.0797, ref_loss=0.0000, physics_loss=1.8261E-04, it_time=0.00069 s total_time=0.8 min
[Iteration 1950] total_loss=0.0782, data_loss=0.0772, ref_loss=0.0000, physics_loss=1.0217E-04, it_time=0.00078 s total_time=0.8 min
[Iteration 1975] total_loss=0.3554, data_loss=0.0766, ref_loss=0.0000, physics_loss=2.7886E-02, it_time=0.00069 s total_time=0.8 min
[Iteration 2000] total_loss=0.0866, data_loss=0.0827, ref_loss=0.0000, physics_loss=3.8998E-04, it_time=0.00069 s total_time=0.8 min
Total avg
Relative error [Fluid] 36.1
Relative error [Bound] 56.6
Relative error [Core] 27.9
Absolute error [Fluid] 0.2741
Absolute error [Bound] 0.3958
Absolute error [Core] 0.2252
Absolute error [Non-F] 0.0000
R.M.S.   error [Fluid] 0.3361
R.M.S.   error [Bound] 0.4529
R.M.S.   error [Core] 0.2756
R.M.S.   error [Non-F] 0.0000
Checkpoint saved to ../models/260406_Aomodel_4dsim_V250_div_w_PINN_sweep/260406_Aomodel_4dsim_V250_div_w_PINN_sweep_FFN_1t_20260407-1752/checkpoints/260406_Aomodel_4dsim_V250_div_w_PINN_sweep_FFN_1t_it2000.pth
[Iteration 2025] total_loss=0.0786, data_loss=0.0773, ref_loss=0.0000, physics_loss=1.2186E-04, it_time=0.00069 s total_time=0.9 min
[Iteration 2050] total_loss=0.0759, data_loss=0.0749, ref_loss=0.0000, physics_loss=9.6605E-05, it_time=0.00171 s total_time=0.9 min
[Iteration 2075] total_loss=0.0864, data_loss=0.0755, ref_loss=0.0000, physics_loss=1.0971E-03, it_time=0.00068 s total_time=0.9 min
[Iteration 2100] total_loss=0.0806, data_loss=0.0764, ref_loss=0.0000, physics_loss=4.2310E-04, it_time=0.00069 s total_time=0.9 min
[Iteration 2125] total_loss=0.0746, data_loss=0.0732, ref_loss=0.0000, physics_loss=1.3679E-04, it_time=0.00078 s total_time=0.9 min
[Iteration 2150] total_loss=0.0725, data_loss=0.0716, ref_loss=0.0000, physics_loss=9.7648E-05, it_time=0.00069 s total_time=0.9 min
[Iteration 2175] total_loss=0.1092, data_loss=0.0782, ref_loss=0.0000, physics_loss=3.1046E-03, it_time=0.00105 s total_time=0.9 min
[Iteration 2200] total_loss=0.0810, data_loss=0.0771, ref_loss=0.0000, physics_loss=3.8911E-04, it_time=0.00069 s total_time=0.9 min
[Iteration 2225] total_loss=0.0738, data_loss=0.0726, ref_loss=0.0000, physics_loss=1.1177E-04, it_time=0.00069 s total_time=0.9 min
[Iteration 2250] total_loss=0.0716, data_loss=0.0707, ref_loss=0.0000, physics_loss=9.0466E-05, it_time=0.00069 s total_time=0.9 min
[Iteration 2275] total_loss=0.2531, data_loss=0.0712, ref_loss=0.0000, physics_loss=1.8192E-02, it_time=0.00069 s total_time=0.9 min
[Iteration 2300] total_loss=0.0821, data_loss=0.0747, ref_loss=0.0000, physics_loss=7.3861E-04, it_time=0.00069 s total_time=1.0 min
[Iteration 2325] total_loss=0.0720, data_loss=0.0707, ref_loss=0.0000, physics_loss=1.3195E-04, it_time=0.00068 s total_time=1.0 min
[Iteration 2350] total_loss=0.0696, data_loss=0.0687, ref_loss=0.0000, physics_loss=9.1107E-05, it_time=0.00071 s total_time=1.0 min
[Iteration 2375] total_loss=0.0935, data_loss=0.0704, ref_loss=0.0000, physics_loss=2.3098E-03, it_time=0.00103 s total_time=1.0 min
[Iteration 2400] total_loss=0.0719, data_loss=0.0694, ref_loss=0.0000, physics_loss=2.5426E-04, it_time=0.00081 s total_time=1.0 min
[Iteration 2425] total_loss=0.2499, data_loss=0.0683, ref_loss=0.0000, physics_loss=1.8155E-02, it_time=0.00069 s total_time=1.0 min
[Iteration 2450] total_loss=0.0741, data_loss=0.0709, ref_loss=0.0000, physics_loss=3.2241E-04, it_time=0.00068 s total_time=1.0 min
[Iteration 2475] total_loss=0.0687, data_loss=0.0676, ref_loss=0.0000, physics_loss=1.0901E-04, it_time=0.0007 s total_time=1.0 min
[Iteration 2500] total_loss=0.0792, data_loss=0.0661, ref_loss=0.0000, physics_loss=1.3047E-03, it_time=0.00069 s total_time=1.0 min
Total avg
Relative error [Fluid] 33.9
Relative error [Bound] 53.6
Relative error [Core] 25.9
Absolute error [Fluid] 0.2469
Absolute error [Bound] 0.3620
Absolute error [Core] 0.2005
Absolute error [Non-F] 0.0000
R.M.S.   error [Fluid] 0.3044
R.M.S.   error [Bound] 0.4140
R.M.S.   error [Core] 0.2469
R.M.S.   error [Non-F] 0.0000
[Iteration 2525] total_loss=0.0664, data_loss=0.0655, ref_loss=0.0000, physics_loss=9.6926E-05, it_time=0.0007 s total_time=1.0 min
[Iteration 2550] total_loss=0.0654, data_loss=0.0645, ref_loss=0.0000, physics_loss=9.3857E-05, it_time=0.00069 s total_time=1.0 min
[Iteration 2575] total_loss=0.1176, data_loss=0.0638, ref_loss=0.0000, physics_loss=5.3827E-03, it_time=0.0008 s total_time=1.1 min
[Iteration 2600] total_loss=0.0685, data_loss=0.0649, ref_loss=0.0000, physics_loss=3.6391E-04, it_time=0.00069 s total_time=1.1 min
[Iteration 2625] total_loss=0.0646, data_loss=0.0634, ref_loss=0.0000, physics_loss=1.2687E-04, it_time=0.00069 s total_time=1.1 min
[Iteration 2650] total_loss=0.1342, data_loss=0.0711, ref_loss=0.0000, physics_loss=6.3078E-03, it_time=0.00102 s total_time=1.1 min
[Iteration 2675] total_loss=0.0700, data_loss=0.0668, ref_loss=0.0000, physics_loss=3.2042E-04, it_time=0.00069 s total_time=1.1 min
[Iteration 2700] total_loss=0.0650, data_loss=0.0639, ref_loss=0.0000, physics_loss=1.0051E-04, it_time=0.00069 s total_time=1.1 min
[Iteration 2725] total_loss=0.0634, data_loss=0.0625, ref_loss=0.0000, physics_loss=8.8869E-05, it_time=0.00069 s total_time=1.1 min
[Iteration 2750] total_loss=0.2222, data_loss=0.0623, ref_loss=0.0000, physics_loss=1.5983E-02, it_time=0.00069 s total_time=1.1 min
[Iteration 2775] total_loss=0.0704, data_loss=0.0652, ref_loss=0.0000, physics_loss=5.2646E-04, it_time=0.00069 s total_time=1.1 min
[Iteration 2800] total_loss=0.0637, data_loss=0.0626, ref_loss=0.0000, physics_loss=1.1432E-04, it_time=0.00067 s total_time=1.1 min
[Iteration 2825] total_loss=0.0635, data_loss=0.0613, ref_loss=0.0000, physics_loss=2.2264E-04, it_time=0.00069 s total_time=1.1 min
[Iteration 2850] total_loss=0.0742, data_loss=0.0637, ref_loss=0.0000, physics_loss=1.0525E-03, it_time=0.00069 s total_time=1.1 min
[Iteration 2875] total_loss=0.0633, data_loss=0.0615, ref_loss=0.0000, physics_loss=1.7442E-04, it_time=0.00078 s total_time=1.1 min
[Iteration 2900] total_loss=0.0613, data_loss=0.0604, ref_loss=0.0000, physics_loss=9.1852E-05, it_time=0.00093 s total_time=1.1 min
[Iteration 2925] total_loss=0.0608, data_loss=0.0595, ref_loss=0.0000, physics_loss=1.2974E-04, it_time=0.0007 s total_time=1.1 min
[Iteration 2950] total_loss=0.0837, data_loss=0.0656, ref_loss=0.0000, physics_loss=1.8121E-03, it_time=0.0007 s total_time=1.2 min
[Iteration 2975] total_loss=0.0634, data_loss=0.0613, ref_loss=0.0000, physics_loss=2.0941E-04, it_time=0.00069 s total_time=1.2 min
[Iteration 3000] total_loss=0.0607, data_loss=0.0597, ref_loss=0.0000, physics_loss=9.6002E-05, it_time=0.00069 s total_time=1.2 min
Total avg
Relative error [Fluid] 32.6
Relative error [Bound] 52.5
Relative error [Core] 24.7
Absolute error [Fluid] 0.2367
Absolute error [Bound] 0.3513
Absolute error [Core] 0.1905
Absolute error [Non-F] 0.0000
R.M.S.   error [Fluid] 0.2921
R.M.S.   error [Bound] 0.4019
R.M.S.   error [Core] 0.2338
R.M.S.   error [Non-F] 0.0000
Checkpoint saved to ../models/260406_Aomodel_4dsim_V250_div_w_PINN_sweep/260406_Aomodel_4dsim_V250_div_w_PINN_sweep_FFN_1t_20260407-1752/checkpoints/260406_Aomodel_4dsim_V250_div_w_PINN_sweep_FFN_1t_it3000.pth
[Iteration 3025] total_loss=0.0597, data_loss=0.0588, ref_loss=0.0000, physics_loss=8.3307E-05, it_time=0.00069 s total_time=1.3 min
[Iteration 3050] total_loss=0.0590, data_loss=0.0581, ref_loss=0.0000, physics_loss=8.5113E-05, it_time=0.00069 s total_time=1.3 min
[Iteration 3075] total_loss=0.1833, data_loss=0.0578, ref_loss=0.0000, physics_loss=1.2553E-02, it_time=0.00172 s total_time=1.3 min
[Iteration 3100] total_loss=0.0644, data_loss=0.0585, ref_loss=0.0000, physics_loss=5.8725E-04, it_time=0.00067 s total_time=1.3 min
[Iteration 3125] total_loss=0.0586, data_loss=0.0573, ref_loss=0.0000, physics_loss=1.2352E-04, it_time=0.00069 s total_time=1.3 min
[Iteration 3150] total_loss=0.0658, data_loss=0.0574, ref_loss=0.0000, physics_loss=8.3297E-04, it_time=0.00069 s total_time=1.4 min
[Iteration 3175] total_loss=0.0590, data_loss=0.0576, ref_loss=0.0000, physics_loss=1.3646E-04, it_time=0.00101 s total_time=1.4 min
[Iteration 3200] total_loss=0.0575, data_loss=0.0565, ref_loss=0.0000, physics_loss=1.0452E-04, it_time=0.00069 s total_time=1.4 min
[Iteration 3225] total_loss=0.0602, data_loss=0.0558, ref_loss=0.0000, physics_loss=4.3684E-04, it_time=0.00069 s total_time=1.4 min
[Iteration 3250] total_loss=0.0697, data_loss=0.0581, ref_loss=0.0000, physics_loss=1.1509E-03, it_time=0.0007 s total_time=1.4 min
[Iteration 3275] total_loss=0.0573, data_loss=0.0562, ref_loss=0.0000, physics_loss=1.0991E-04, it_time=0.00068 s total_time=1.4 min
[Iteration 3300] total_loss=0.0566, data_loss=0.0554, ref_loss=0.0000, physics_loss=1.2651E-04, it_time=0.00111 s total_time=1.5 min
[Iteration 3325] total_loss=0.0719, data_loss=0.0573, ref_loss=0.0000, physics_loss=1.4642E-03, it_time=0.00079 s total_time=1.5 min
[Iteration 3350] total_loss=0.0574, data_loss=0.0557, ref_loss=0.0000, physics_loss=1.7651E-04, it_time=0.00069 s total_time=1.5 min
[Iteration 3375] total_loss=0.0558, data_loss=0.0548, ref_loss=0.0000, physics_loss=9.6615E-05, it_time=0.00069 s total_time=1.5 min
[Iteration 3400] total_loss=0.0821, data_loss=0.0552, ref_loss=0.0000, physics_loss=2.6854E-03, it_time=0.00069 s total_time=1.5 min
[Iteration 3425] total_loss=0.0567, data_loss=0.0550, ref_loss=0.0000, physics_loss=1.7153E-04, it_time=0.00173 s total_time=1.5 min
[Iteration 3450] total_loss=0.0737, data_loss=0.0556, ref_loss=0.0000, physics_loss=1.8140E-03, it_time=0.00069 s total_time=1.6 min
[Iteration 3475] total_loss=0.0620, data_loss=0.0562, ref_loss=0.0000, physics_loss=5.7418E-04, it_time=0.00069 s total_time=1.6 min
[Iteration 3500] total_loss=0.0554, data_loss=0.0544, ref_loss=0.0000, physics_loss=9.8435E-05, it_time=0.00069 s total_time=1.6 min
Total avg
Relative error [Fluid] 31.4
Relative error [Bound] 51.7
Relative error [Core] 23.2
Absolute error [Fluid] 0.2259
Absolute error [Bound] 0.3426
Absolute error [Core] 0.1789
Absolute error [Non-F] 0.0000
R.M.S.   error [Fluid] 0.2812
R.M.S.   error [Bound] 0.3926
R.M.S.   error [Core] 0.2211
R.M.S.   error [Non-F] 0.0000
Final model saved to ../models/260406_Aomodel_4dsim_V250_div_w_PINN_sweep/260406_Aomodel_4dsim_V250_div_w_PINN_sweep_FFN_1t_20260407-1752/260406_Aomodel_4dsim_V250_div_w_PINN_sweep_FFN_1t_final.pth
Starting script
Copying source code to model directory...
Loaded resolution from file: 0.002, 0.002, 0.002, 0.01874
VNRMSE [Noisy]: 0.096484
Directional error [Noisy]: 0.024761
Divergence [Noisy]: 0.070040
Total avg
Relative error [Fluid] 90.0
Relative error [Bound] 90.7
Relative error [Core] 89.7
Absolute error [Fluid] 0.8390
Absolute error [Bound] 0.6985
Absolute error [Core] 0.8953
Absolute error [Non-F] 0.0000
R.M.S.   error [Fluid] 0.9394
R.M.S.   error [Bound] 0.8040
R.M.S.   error [Core] 0.9886
R.M.S.   error [Non-F] 0.0000
[Iteration 25] total_loss=0.3169, data_loss=0.2972, ref_loss=0.0000, physics_loss=7.8667E-04, it_time=0.00069 s total_time=0.0 min
[Iteration 50] total_loss=0.2797, data_loss=0.2518, ref_loss=0.0000, physics_loss=1.1153E-03, it_time=0.00069 s total_time=0.0 min
[Iteration 75] total_loss=0.2444, data_loss=0.2397, ref_loss=0.0000, physics_loss=1.8849E-04, it_time=0.00069 s total_time=0.0 min
[Iteration 100] total_loss=0.2589, data_loss=0.2425, ref_loss=0.0000, physics_loss=6.5755E-04, it_time=0.00068 s total_time=0.1 min
[Iteration 125] total_loss=0.2414, data_loss=0.2145, ref_loss=0.0000, physics_loss=1.0769E-03, it_time=0.00145 s total_time=0.1 min
[Iteration 150] total_loss=0.2515, data_loss=0.2256, ref_loss=0.0000, physics_loss=1.0368E-03, it_time=0.00068 s total_time=0.1 min
[Iteration 175] total_loss=0.2061, data_loss=0.2025, ref_loss=0.0000, physics_loss=1.4737E-04, it_time=0.00069 s total_time=0.1 min
[Iteration 200] total_loss=0.3267, data_loss=0.3064, ref_loss=0.0000, physics_loss=8.1165E-04, it_time=0.00069 s total_time=0.1 min
[Iteration 225] total_loss=0.2389, data_loss=0.2349, ref_loss=0.0000, physics_loss=1.5875E-04, it_time=0.00069 s total_time=0.1 min
[Iteration 250] total_loss=0.2063, data_loss=0.2051, ref_loss=0.0000, physics_loss=4.8717E-05, it_time=0.00069 s total_time=0.2 min
[Iteration 275] total_loss=0.2837, data_loss=0.2637, ref_loss=0.0000, physics_loss=8.0069E-04, it_time=0.00069 s total_time=0.2 min
[Iteration 300] total_loss=0.2281, data_loss=0.2241, ref_loss=0.0000, physics_loss=1.6361E-04, it_time=0.00069 s total_time=0.2 min
[Iteration 325] total_loss=0.2100, data_loss=0.2092, ref_loss=0.0000, physics_loss=3.0289E-05, it_time=0.00069 s total_time=0.2 min
[Iteration 350] total_loss=0.4539, data_loss=0.1948, ref_loss=0.0000, physics_loss=1.0365E-02, it_time=0.00077 s total_time=0.2 min
[Iteration 375] total_loss=0.2029, data_loss=0.1944, ref_loss=0.0000, physics_loss=3.3894E-04, it_time=0.00069 s total_time=0.2 min
[Iteration 400] total_loss=0.1834, data_loss=0.1804, ref_loss=0.0000, physics_loss=1.2089E-04, it_time=0.00069 s total_time=0.2 min
[Iteration 425] total_loss=0.2499, data_loss=0.2241, ref_loss=0.0000, physics_loss=1.0327E-03, it_time=0.00069 s total_time=0.2 min
[Iteration 450] total_loss=0.1949, data_loss=0.1917, ref_loss=0.0000, physics_loss=1.2805E-04, it_time=0.00069 s total_time=0.3 min
[Iteration 475] total_loss=0.1811, data_loss=0.1787, ref_loss=0.0000, physics_loss=9.5999E-05, it_time=0.0007 s total_time=0.3 min
[Iteration 500] total_loss=0.2638, data_loss=0.2514, ref_loss=0.0000, physics_loss=4.9772E-04, it_time=0.00069 s total_time=0.3 min
Total avg
Relative error [Fluid] 62.3
Relative error [Bound] 72.5
Relative error [Core] 58.2
Absolute error [Fluid] 0.5680
Absolute error [Bound] 0.5537
Absolute error [Core] 0.5736
Absolute error [Non-F] 0.0000
R.M.S.   error [Fluid] 0.6454
R.M.S.   error [Bound] 0.6326
R.M.S.   error [Core] 0.6505
R.M.S.   error [Non-F] 0.0000
[Iteration 525] total_loss=0.2004, data_loss=0.1975, ref_loss=0.0000, physics_loss=1.1596E-04, it_time=0.00069 s total_time=0.3 min
[Iteration 550] total_loss=0.1825, data_loss=0.1815, ref_loss=0.0000, physics_loss=3.9736E-05, it_time=0.00069 s total_time=0.3 min
[Iteration 575] total_loss=0.2977, data_loss=0.1833, ref_loss=0.0000, physics_loss=4.5769E-03, it_time=0.00172 s total_time=0.4 min
[Iteration 600] total_loss=0.2021, data_loss=0.1918, ref_loss=0.0000, physics_loss=4.1215E-04, it_time=0.00069 s total_time=0.4 min
[Iteration 625] total_loss=0.1789, data_loss=0.1775, ref_loss=0.0000, physics_loss=5.6656E-05, it_time=0.00069 s total_time=0.4 min
[Iteration 650] total_loss=0.1734, data_loss=0.1696, ref_loss=0.0000, physics_loss=1.5268E-04, it_time=0.0007 s total_time=0.4 min
[Iteration 675] total_loss=0.1626, data_loss=0.1604, ref_loss=0.0000, physics_loss=8.9920E-05, it_time=0.00068 s total_time=0.4 min
[Iteration 700] total_loss=0.1770, data_loss=0.1658, ref_loss=0.0000, physics_loss=4.4506E-04, it_time=0.00069 s total_time=0.4 min
[Iteration 725] total_loss=0.1728, data_loss=0.1604, ref_loss=0.0000, physics_loss=4.9482E-04, it_time=0.00069 s total_time=0.4 min
[Iteration 750] total_loss=0.1676, data_loss=0.1597, ref_loss=0.0000, physics_loss=3.1767E-04, it_time=0.00068 s total_time=0.4 min
[Iteration 775] total_loss=0.1531, data_loss=0.1516, ref_loss=0.0000, physics_loss=6.0653E-05, it_time=0.00069 s total_time=0.5 min
[Iteration 800] total_loss=0.1989, data_loss=0.1825, ref_loss=0.0000, physics_loss=6.5538E-04, it_time=0.00069 s total_time=0.5 min
[Iteration 825] total_loss=0.1646, data_loss=0.1589, ref_loss=0.0000, physics_loss=2.2684E-04, it_time=0.00093 s total_time=0.5 min
[Iteration 850] total_loss=0.1569, data_loss=0.1503, ref_loss=0.0000, physics_loss=2.6387E-04, it_time=0.00069 s total_time=0.5 min
[Iteration 875] total_loss=0.1754, data_loss=0.1652, ref_loss=0.0000, physics_loss=4.1029E-04, it_time=0.0007 s total_time=0.5 min
[Iteration 900] total_loss=0.1545, data_loss=0.1521, ref_loss=0.0000, physics_loss=9.5995E-05, it_time=0.00071 s total_time=0.5 min
[Iteration 925] total_loss=0.1537, data_loss=0.1452, ref_loss=0.0000, physics_loss=3.3838E-04, it_time=0.00068 s total_time=0.5 min
[Iteration 950] total_loss=0.2047, data_loss=0.1885, ref_loss=0.0000, physics_loss=6.4587E-04, it_time=0.00071 s total_time=0.5 min
[Iteration 975] total_loss=0.1623, data_loss=0.1597, ref_loss=0.0000, physics_loss=1.0678E-04, it_time=0.00069 s total_time=0.5 min
[Iteration 1000] total_loss=0.1493, data_loss=0.1485, ref_loss=0.0000, physics_loss=3.3145E-05, it_time=0.00069 s total_time=0.5 min
Total avg
Relative error [Fluid] 44.2
Relative error [Bound] 64.5
Relative error [Core] 36.0
Absolute error [Fluid] 0.3742
Absolute error [Bound] 0.4923
Absolute error [Core] 0.3266
Absolute error [Non-F] 0.0000
R.M.S.   error [Fluid] 0.4527
R.M.S.   error [Bound] 0.5649
R.M.S.   error [Core] 0.3988
R.M.S.   error [Non-F] 0.0000
Checkpoint saved to ../models/260406_Aomodel_4dsim_V250_div_w_PINN_sweep/260406_Aomodel_4dsim_V250_div_w_PINN_sweep_FFN_1t_20260407-1754/checkpoints/260406_Aomodel_4dsim_V250_div_w_PINN_sweep_FFN_1t_it1000.pth
[Iteration 1025] total_loss=0.1425, data_loss=0.1417, ref_loss=0.0000, physics_loss=3.4920E-05, it_time=0.00068 s total_time=0.6 min
[Iteration 1050] total_loss=0.2650, data_loss=0.2009, ref_loss=0.0000, physics_loss=2.5636E-03, it_time=0.0007 s total_time=0.6 min
[Iteration 1075] total_loss=0.1633, data_loss=0.1594, ref_loss=0.0000, physics_loss=1.5550E-04, it_time=0.00074 s total_time=0.6 min
[Iteration 1100] total_loss=0.1507, data_loss=0.1495, ref_loss=0.0000, physics_loss=4.6157E-05, it_time=0.00071 s total_time=0.6 min
[Iteration 1125] total_loss=0.1441, data_loss=0.1434, ref_loss=0.0000, physics_loss=3.0465E-05, it_time=0.00069 s total_time=0.6 min
[Iteration 1150] total_loss=0.1396, data_loss=0.1389, ref_loss=0.0000, physics_loss=2.9981E-05, it_time=0.00069 s total_time=0.7 min
[Iteration 1175] total_loss=0.1378, data_loss=0.1350, ref_loss=0.0000, physics_loss=1.1060E-04, it_time=0.00069 s total_time=0.7 min
[Iteration 1200] total_loss=0.1492, data_loss=0.1412, ref_loss=0.0000, physics_loss=3.1727E-04, it_time=0.00149 s total_time=0.8 min
[Iteration 1225] total_loss=0.1917, data_loss=0.1351, ref_loss=0.0000, physics_loss=2.2613E-03, it_time=0.00069 s total_time=0.8 min
[Iteration 1250] total_loss=0.1537, data_loss=0.1481, ref_loss=0.0000, physics_loss=2.2477E-04, it_time=0.00069 s total_time=0.8 min
[Iteration 1275] total_loss=0.1394, data_loss=0.1378, ref_loss=0.0000, physics_loss=6.4793E-05, it_time=0.00069 s total_time=0.8 min
[Iteration 1300] total_loss=0.1329, data_loss=0.1318, ref_loss=0.0000, physics_loss=4.4328E-05, it_time=0.00069 s total_time=0.8 min
[Iteration 1325] total_loss=0.1651, data_loss=0.1434, ref_loss=0.0000, physics_loss=8.6945E-04, it_time=0.00108 s total_time=0.8 min
[Iteration 1350] total_loss=0.1357, data_loss=0.1333, ref_loss=0.0000, physics_loss=9.5079E-05, it_time=0.00068 s total_time=0.8 min
[Iteration 1375] total_loss=0.1299, data_loss=0.1288, ref_loss=0.0000, physics_loss=4.4753E-05, it_time=0.00056 s total_time=0.8 min
[Iteration 1400] total_loss=0.1945, data_loss=0.1379, ref_loss=0.0000, physics_loss=2.2633E-03, it_time=0.00068 s total_time=0.8 min
[Iteration 1425] total_loss=0.1415, data_loss=0.1344, ref_loss=0.0000, physics_loss=2.8142E-04, it_time=0.00069 s total_time=0.8 min
[Iteration 1450] total_loss=0.1293, data_loss=0.1282, ref_loss=0.0000, physics_loss=4.4829E-05, it_time=0.00069 s total_time=0.8 min
[Iteration 1475] total_loss=0.1252, data_loss=0.1244, ref_loss=0.0000, physics_loss=3.5646E-05, it_time=0.00094 s total_time=0.9 min
[Iteration 1500] total_loss=0.1884, data_loss=0.1487, ref_loss=0.0000, physics_loss=1.5871E-03, it_time=0.00195 s total_time=0.9 min
Total avg
Relative error [Fluid] 48.7
Relative error [Bound] 65.3
Relative error [Core] 42.0
Absolute error [Fluid] 0.4157
Absolute error [Bound] 0.4839
Absolute error [Core] 0.3882
Absolute error [Non-F] 0.0000
R.M.S.   error [Fluid] 0.4788
R.M.S.   error [Bound] 0.5569
R.M.S.   error [Core] 0.4436
R.M.S.   error [Non-F] 0.0000
[Iteration 1525] total_loss=0.1342, data_loss=0.1318, ref_loss=0.0000, physics_loss=9.6761E-05, it_time=0.00069 s total_time=0.9 min
[Iteration 1550] total_loss=0.1267, data_loss=0.1258, ref_loss=0.0000, physics_loss=3.2530E-05, it_time=0.00069 s total_time=0.9 min
[Iteration 1575] total_loss=0.1228, data_loss=0.1220, ref_loss=0.0000, physics_loss=3.3827E-05, it_time=0.00069 s total_time=1.0 min
[Iteration 1600] total_loss=0.1200, data_loss=0.1191, ref_loss=0.0000, physics_loss=3.7680E-05, it_time=0.00074 s total_time=1.0 min
[Iteration 1625] total_loss=0.1882, data_loss=0.1732, ref_loss=0.0000, physics_loss=5.9875E-04, it_time=0.00067 s total_time=1.0 min
[Iteration 1650] total_loss=0.1424, data_loss=0.1389, ref_loss=0.0000, physics_loss=1.3920E-04, it_time=0.00069 s total_time=1.0 min
[Iteration 1675] total_loss=0.1315, data_loss=0.1302, ref_loss=0.0000, physics_loss=5.3110E-05, it_time=0.00069 s total_time=1.0 min
[Iteration 1700] total_loss=0.1258, data_loss=0.1250, ref_loss=0.0000, physics_loss=2.9607E-05, it_time=0.00069 s total_time=1.1 min
[Iteration 1725] total_loss=0.1222, data_loss=0.1215, ref_loss=0.0000, physics_loss=2.8802E-05, it_time=0.00068 s total_time=1.1 min
[Iteration 1750] total_loss=0.1194, data_loss=0.1186, ref_loss=0.0000, physics_loss=3.0917E-05, it_time=0.00069 s total_time=1.1 min
[Iteration 1775] total_loss=0.1763, data_loss=0.1161, ref_loss=0.0000, physics_loss=2.4081E-03, it_time=0.00069 s total_time=1.1 min
[Iteration 1800] total_loss=0.1328, data_loss=0.1225, ref_loss=0.0000, physics_loss=4.1089E-04, it_time=0.00068 s total_time=1.1 min
[Iteration 1825] total_loss=0.1184, data_loss=0.1173, ref_loss=0.0000, physics_loss=4.5190E-05, it_time=0.00069 s total_time=1.1 min
[Iteration 1850] total_loss=0.1532, data_loss=0.1141, ref_loss=0.0000, physics_loss=1.5634E-03, it_time=0.00069 s total_time=1.1 min
[Iteration 1875] total_loss=0.1233, data_loss=0.1199, ref_loss=0.0000, physics_loss=1.3475E-04, it_time=0.00127 s total_time=1.1 min
[Iteration 1900] total_loss=0.1160, data_loss=0.1149, ref_loss=0.0000, physics_loss=4.2464E-05, it_time=0.00069 s total_time=1.2 min
[Iteration 1925] total_loss=0.1166, data_loss=0.1115, ref_loss=0.0000, physics_loss=2.0314E-04, it_time=0.00069 s total_time=1.2 min
[Iteration 1950] total_loss=0.1389, data_loss=0.1233, ref_loss=0.0000, physics_loss=6.2333E-04, it_time=0.00069 s total_time=1.2 min
[Iteration 1975] total_loss=0.1162, data_loss=0.1150, ref_loss=0.0000, physics_loss=4.9652E-05, it_time=0.00069 s total_time=1.2 min
[Iteration 2000] total_loss=0.1122, data_loss=0.1112, ref_loss=0.0000, physics_loss=4.0858E-05, it_time=0.00069 s total_time=1.2 min
Total avg
Relative error [Fluid] 39.9
Relative error [Bound] 60.1
Relative error [Core] 31.7
Absolute error [Fluid] 0.3166
Absolute error [Bound] 0.4336
Absolute error [Core] 0.2695
Absolute error [Non-F] 0.0000
R.M.S.   error [Fluid] 0.3898
R.M.S.   error [Bound] 0.4992
R.M.S.   error [Core] 0.3360
R.M.S.   error [Non-F] 0.0000
Checkpoint saved to ../models/260406_Aomodel_4dsim_V250_div_w_PINN_sweep/260406_Aomodel_4dsim_V250_div_w_PINN_sweep_FFN_1t_20260407-1754/checkpoints/260406_Aomodel_4dsim_V250_div_w_PINN_sweep_FFN_1t_it2000.pth
[Iteration 2025] total_loss=0.1097, data_loss=0.1088, ref_loss=0.0000, physics_loss=3.7842E-05, it_time=0.00068 s total_time=1.2 min
[Iteration 2050] total_loss=0.1124, data_loss=0.1067, ref_loss=0.0000, physics_loss=2.2765E-04, it_time=0.00068 s total_time=1.2 min
[Iteration 2075] total_loss=0.1370, data_loss=0.1199, ref_loss=0.0000, physics_loss=6.8466E-04, it_time=0.00069 s total_time=1.2 min
[Iteration 2100] total_loss=0.1138, data_loss=0.1124, ref_loss=0.0000, physics_loss=5.5397E-05, it_time=0.00068 s total_time=1.2 min
[Iteration 2125] total_loss=0.1093, data_loss=0.1084, ref_loss=0.0000, physics_loss=3.6128E-05, it_time=0.00068 s total_time=1.2 min
[Iteration 2150] total_loss=0.1067, data_loss=0.1059, ref_loss=0.0000, physics_loss=3.4924E-05, it_time=0.0007 s total_time=1.3 min
[Iteration 2175] total_loss=0.4279, data_loss=0.1044, ref_loss=0.0000, physics_loss=1.2938E-02, it_time=0.00078 s total_time=1.3 min
[Iteration 2200] total_loss=0.1220, data_loss=0.1102, ref_loss=0.0000, physics_loss=4.7026E-04, it_time=0.0007 s total_time=1.3 min
[Iteration 2225] total_loss=0.1071, data_loss=0.1061, ref_loss=0.0000, physics_loss=4.0809E-05, it_time=0.00072 s total_time=1.3 min
[Iteration 2250] total_loss=0.1040, data_loss=0.1030, ref_loss=0.0000, physics_loss=3.8010E-05, it_time=0.00069 s total_time=1.3 min
[Iteration 2275] total_loss=0.3296, data_loss=0.1108, ref_loss=0.0000, physics_loss=8.7528E-03, it_time=0.00068 s total_time=1.3 min
[Iteration 2300] total_loss=0.1303, data_loss=0.1232, ref_loss=0.0000, physics_loss=2.8397E-04, it_time=0.00069 s total_time=1.4 min
[Iteration 2325] total_loss=0.1133, data_loss=0.1117, ref_loss=0.0000, physics_loss=6.1271E-05, it_time=0.00069 s total_time=1.4 min
[Iteration 2350] total_loss=0.1073, data_loss=0.1065, ref_loss=0.0000, physics_loss=3.3298E-05, it_time=0.00078 s total_time=1.4 min
[Iteration 2375] total_loss=0.1043, data_loss=0.1035, ref_loss=0.0000, physics_loss=3.3453E-05, it_time=0.00069 s total_time=1.4 min
[Iteration 2400] total_loss=0.1020, data_loss=0.1011, ref_loss=0.0000, physics_loss=3.6648E-05, it_time=0.00069 s total_time=1.4 min
[Iteration 2425] total_loss=0.5874, data_loss=0.1001, ref_loss=0.0000, physics_loss=1.9492E-02, it_time=0.00068 s total_time=1.4 min
[Iteration 2450] total_loss=0.1272, data_loss=0.1146, ref_loss=0.0000, physics_loss=5.0154E-04, it_time=0.00069 s total_time=1.4 min
[Iteration 2475] total_loss=0.1081, data_loss=0.1064, ref_loss=0.0000, physics_loss=6.5852E-05, it_time=0.00068 s total_time=1.4 min
[Iteration 2500] total_loss=0.1028, data_loss=0.1018, ref_loss=0.0000, physics_loss=3.9142E-05, it_time=0.0007 s total_time=1.4 min
Total avg
Relative error [Fluid] 38.9
Relative error [Bound] 59.0
Relative error [Core] 30.8
Absolute error [Fluid] 0.3054
Absolute error [Bound] 0.4226
Absolute error [Core] 0.2582
Absolute error [Non-F] 0.0000
R.M.S.   error [Fluid] 0.3756
R.M.S.   error [Bound] 0.4862
R.M.S.   error [Core] 0.3205
R.M.S.   error [Non-F] 0.0000
[Iteration 2525] total_loss=0.1002, data_loss=0.0993, ref_loss=0.0000, physics_loss=3.7735E-05, it_time=0.00068 s total_time=1.4 min
[Iteration 2550] total_loss=0.0983, data_loss=0.0973, ref_loss=0.0000, physics_loss=3.9818E-05, it_time=0.00069 s total_time=1.4 min
[Iteration 2575] total_loss=0.0967, data_loss=0.0956, ref_loss=0.0000, physics_loss=4.2151E-05, it_time=0.00078 s total_time=1.4 min
[Iteration 2600] total_loss=0.1265, data_loss=0.1010, ref_loss=0.0000, physics_loss=1.0206E-03, it_time=0.00069 s total_time=1.5 min
[Iteration 2625] total_loss=0.1007, data_loss=0.0980, ref_loss=0.0000, physics_loss=1.0861E-04, it_time=0.00069 s total_time=1.5 min
[Iteration 2650] total_loss=0.0962, data_loss=0.0951, ref_loss=0.0000, physics_loss=4.5952E-05, it_time=0.00069 s total_time=1.5 min
[Iteration 2675] total_loss=0.1500, data_loss=0.0933, ref_loss=0.0000, physics_loss=2.2670E-03, it_time=0.00069 s total_time=1.5 min
[Iteration 2700] total_loss=0.1131, data_loss=0.1038, ref_loss=0.0000, physics_loss=3.7150E-04, it_time=0.00068 s total_time=1.5 min
[Iteration 2725] total_loss=0.0990, data_loss=0.0976, ref_loss=0.0000, physics_loss=5.3967E-05, it_time=0.00068 s total_time=1.5 min
[Iteration 2750] total_loss=0.0954, data_loss=0.0945, ref_loss=0.0000, physics_loss=3.9734E-05, it_time=0.00177 s total_time=1.5 min
[Iteration 2775] total_loss=0.0935, data_loss=0.0925, ref_loss=0.0000, physics_loss=4.0368E-05, it_time=0.00069 s total_time=1.5 min
[Iteration 2800] total_loss=0.0938, data_loss=0.0909, ref_loss=0.0000, physics_loss=1.1528E-04, it_time=0.00102 s total_time=1.5 min
[Iteration 2825] total_loss=0.1079, data_loss=0.0936, ref_loss=0.0000, physics_loss=5.6949E-04, it_time=0.00069 s total_time=1.5 min
[Iteration 2850] total_loss=0.0927, data_loss=0.0913, ref_loss=0.0000, physics_loss=5.6740E-05, it_time=0.00068 s total_time=1.5 min
[Iteration 2875] total_loss=0.0904, data_loss=0.0892, ref_loss=0.0000, physics_loss=4.6376E-05, it_time=0.00068 s total_time=1.5 min
[Iteration 2900] total_loss=0.1289, data_loss=0.0944, ref_loss=0.0000, physics_loss=1.3781E-03, it_time=0.00068 s total_time=1.5 min
[Iteration 2925] total_loss=0.0977, data_loss=0.0941, ref_loss=0.0000, physics_loss=1.4554E-04, it_time=0.00068 s total_time=1.5 min
[Iteration 2950] total_loss=0.0911, data_loss=0.0900, ref_loss=0.0000, physics_loss=4.3668E-05, it_time=0.00068 s total_time=1.5 min
[Iteration 2975] total_loss=0.0889, data_loss=0.0879, ref_loss=0.0000, physics_loss=4.1426E-05, it_time=0.00068 s total_time=1.5 min
[Iteration 3000] total_loss=0.1700, data_loss=0.0960, ref_loss=0.0000, physics_loss=2.9608E-03, it_time=0.00068 s total_time=1.5 min
Total avg
Relative error [Fluid] 39.9
Relative error [Bound] 59.2
Relative error [Core] 32.1
Absolute error [Fluid] 0.3194
Absolute error [Bound] 0.4219
Absolute error [Core] 0.2781
Absolute error [Non-F] 0.0000
R.M.S.   error [Fluid] 0.3841
R.M.S.   error [Bound] 0.4843
R.M.S.   error [Core] 0.3355
R.M.S.   error [Non-F] 0.0000
Checkpoint saved to ../models/260406_Aomodel_4dsim_V250_div_w_PINN_sweep/260406_Aomodel_4dsim_V250_div_w_PINN_sweep_FFN_1t_20260407-1754/checkpoints/260406_Aomodel_4dsim_V250_div_w_PINN_sweep_FFN_1t_it3000.pth
[Iteration 3025] total_loss=0.1022, data_loss=0.0946, ref_loss=0.0000, physics_loss=3.0493E-04, it_time=0.00069 s total_time=1.6 min
[Iteration 3050] total_loss=0.0912, data_loss=0.0900, ref_loss=0.0000, physics_loss=4.6412E-05, it_time=0.00068 s total_time=1.6 min
[Iteration 3075] total_loss=0.0886, data_loss=0.0876, ref_loss=0.0000, physics_loss=3.9211E-05, it_time=0.0007 s total_time=1.6 min
[Iteration 3100] total_loss=0.0870, data_loss=0.0860, ref_loss=0.0000, physics_loss=4.0925E-05, it_time=0.00173 s total_time=1.6 min
[Iteration 3125] total_loss=0.0857, data_loss=0.0846, ref_loss=0.0000, physics_loss=4.4353E-05, it_time=0.00069 s total_time=1.6 min
[Iteration 3150] total_loss=0.1030, data_loss=0.0871, ref_loss=0.0000, physics_loss=6.3461E-04, it_time=0.00069 s total_time=1.6 min
[Iteration 3175] total_loss=0.0872, data_loss=0.0852, ref_loss=0.0000, physics_loss=7.6963E-05, it_time=0.00068 s total_time=1.6 min
[Iteration 3200] total_loss=0.0846, data_loss=0.0834, ref_loss=0.0000, physics_loss=4.6102E-05, it_time=0.00069 s total_time=1.6 min
[Iteration 3225] total_loss=0.1776, data_loss=0.0823, ref_loss=0.0000, physics_loss=3.8136E-03, it_time=0.00068 s total_time=1.7 min
[Iteration 3250] total_loss=0.1016, data_loss=0.0907, ref_loss=0.0000, physics_loss=4.3462E-04, it_time=0.00069 s total_time=1.7 min
[Iteration 3275] total_loss=0.0880, data_loss=0.0862, ref_loss=0.0000, physics_loss=7.4886E-05, it_time=0.00069 s total_time=1.7 min
[Iteration 3300] total_loss=0.0846, data_loss=0.0835, ref_loss=0.0000, physics_loss=4.2352E-05, it_time=0.00093 s total_time=1.7 min
[Iteration 3325] total_loss=0.0829, data_loss=0.0819, ref_loss=0.0000, physics_loss=4.0959E-05, it_time=0.00069 s total_time=1.7 min
[Iteration 3350] total_loss=0.0817, data_loss=0.0807, ref_loss=0.0000, physics_loss=4.2967E-05, it_time=0.00093 s total_time=1.7 min
[Iteration 3375] total_loss=0.0944, data_loss=0.0836, ref_loss=0.0000, physics_loss=4.3361E-04, it_time=0.00069 s total_time=1.7 min
[Iteration 3400] total_loss=0.0870, data_loss=0.0822, ref_loss=0.0000, physics_loss=1.9057E-04, it_time=0.00069 s total_time=1.7 min
[Iteration 3425] total_loss=0.0814, data_loss=0.0802, ref_loss=0.0000, physics_loss=5.1085E-05, it_time=0.00069 s total_time=1.7 min
[Iteration 3450] total_loss=0.2152, data_loss=0.0824, ref_loss=0.0000, physics_loss=5.3122E-03, it_time=0.00071 s total_time=1.7 min
[Iteration 3475] total_loss=0.0924, data_loss=0.0835, ref_loss=0.0000, physics_loss=3.5942E-04, it_time=0.00069 s total_time=1.7 min
[Iteration 3500] total_loss=0.0817, data_loss=0.0806, ref_loss=0.0000, physics_loss=4.4602E-05, it_time=0.00081 s total_time=1.8 min
Total avg
Relative error [Fluid] 36.2
Relative error [Bound] 56.5
Relative error [Core] 28.0
Absolute error [Fluid] 0.2734
Absolute error [Bound] 0.3937
Absolute error [Core] 0.2250
Absolute error [Non-F] 0.0000
R.M.S.   error [Fluid] 0.3377
R.M.S.   error [Bound] 0.4519
R.M.S.   error [Core] 0.2788
R.M.S.   error [Non-F] 0.0000
Final model saved to ../models/260406_Aomodel_4dsim_V250_div_w_PINN_sweep/260406_Aomodel_4dsim_V250_div_w_PINN_sweep_FFN_1t_20260407-1754/260406_Aomodel_4dsim_V250_div_w_PINN_sweep_FFN_1t_final.pth
Starting script
Copying source code to model directory...
Loaded resolution from file: 0.002, 0.002, 0.002, 0.01874
VNRMSE [Noisy]: 0.096484
Directional error [Noisy]: 0.024761
Divergence [Noisy]: 0.070040
Total avg
Relative error [Fluid] 90.5
Relative error [Bound] 91.1
Relative error [Core] 90.2
Absolute error [Fluid] 0.8434
Absolute error [Bound] 0.7014
Absolute error [Core] 0.9004
Absolute error [Non-F] 0.0000
R.M.S.   error [Fluid] 0.9437
R.M.S.   error [Bound] 0.8079
R.M.S.   error [Core] 0.9931
R.M.S.   error [Non-F] 0.0000
[Iteration 25] total_loss=0.4007, data_loss=0.3895, ref_loss=0.0000, physics_loss=2.2396E-04, it_time=0.0007 s total_time=0.0 min
[Iteration 50] total_loss=0.3286, data_loss=0.2907, ref_loss=0.0000, physics_loss=7.5802E-04, it_time=0.00069 s total_time=0.0 min
[Iteration 75] total_loss=0.2863, data_loss=0.2710, ref_loss=0.0000, physics_loss=3.0479E-04, it_time=0.00176 s total_time=0.1 min
[Iteration 100] total_loss=0.2587, data_loss=0.2566, ref_loss=0.0000, physics_loss=4.2664E-05, it_time=0.0007 s total_time=0.1 min
[Iteration 125] total_loss=0.3226, data_loss=0.3005, ref_loss=0.0000, physics_loss=4.4133E-04, it_time=0.00069 s total_time=0.1 min
[Iteration 150] total_loss=0.2718, data_loss=0.2689, ref_loss=0.0000, physics_loss=5.7846E-05, it_time=0.00078 s total_time=0.1 min
[Iteration 175] total_loss=0.2539, data_loss=0.2531, ref_loss=0.0000, physics_loss=1.4734E-05, it_time=0.00069 s total_time=0.1 min
[Iteration 200] total_loss=0.2930, data_loss=0.2649, ref_loss=0.0000, physics_loss=5.6275E-04, it_time=0.00068 s total_time=0.1 min
[Iteration 225] total_loss=0.3575, data_loss=0.3144, ref_loss=0.0000, physics_loss=8.6204E-04, it_time=0.00069 s total_time=0.1 min
[Iteration 250] total_loss=0.2785, data_loss=0.2733, ref_loss=0.0000, physics_loss=1.0353E-04, it_time=0.00067 s total_time=0.1 min
[Iteration 275] total_loss=0.2576, data_loss=0.2567, ref_loss=0.0000, physics_loss=1.8480E-05, it_time=0.00069 s total_time=0.1 min
[Iteration 300] total_loss=0.2516, data_loss=0.2412, ref_loss=0.0000, physics_loss=2.0652E-04, it_time=0.00069 s total_time=0.1 min
[Iteration 325] total_loss=0.2776, data_loss=0.2412, ref_loss=0.0000, physics_loss=7.2751E-04, it_time=0.00078 s total_time=0.2 min
[Iteration 350] total_loss=0.2363, data_loss=0.2339, ref_loss=0.0000, physics_loss=4.8206E-05, it_time=0.00069 s total_time=0.2 min
[Iteration 375] total_loss=0.2200, data_loss=0.2190, ref_loss=0.0000, physics_loss=2.0701E-05, it_time=0.00069 s total_time=0.2 min
[Iteration 400] total_loss=0.3597, data_loss=0.3528, ref_loss=0.0000, physics_loss=1.3816E-04, it_time=0.00068 s total_time=0.2 min
[Iteration 425] total_loss=0.3575, data_loss=0.3002, ref_loss=0.0000, physics_loss=1.1459E-03, it_time=0.00068 s total_time=0.2 min
[Iteration 450] total_loss=0.2780, data_loss=0.2690, ref_loss=0.0000, physics_loss=1.7988E-04, it_time=0.00068 s total_time=0.2 min
[Iteration 475] total_loss=0.2551, data_loss=0.2535, ref_loss=0.0000, physics_loss=3.1001E-05, it_time=0.00068 s total_time=0.2 min
[Iteration 500] total_loss=0.2472, data_loss=0.2433, ref_loss=0.0000, physics_loss=7.9288E-05, it_time=0.00069 s total_time=0.2 min
Total avg
Relative error [Fluid] 57.2
Relative error [Bound] 73.0
Relative error [Core] 50.8
Absolute error [Fluid] 0.5208
Absolute error [Bound] 0.6085
Absolute error [Core] 0.4855
Absolute error [Non-F] 0.0000
R.M.S.   error [Fluid] 0.5988
R.M.S.   error [Bound] 0.6945
R.M.S.   error [Core] 0.5557
R.M.S.   error [Non-F] 0.0000
[Iteration 525] total_loss=0.2394, data_loss=0.2364, ref_loss=0.0000, physics_loss=5.8926E-05, it_time=0.00069 s total_time=0.2 min
[Iteration 550] total_loss=0.2370, data_loss=0.2353, ref_loss=0.0000, physics_loss=3.5036E-05, it_time=0.00069 s total_time=0.2 min
[Iteration 575] total_loss=0.2741, data_loss=0.2269, ref_loss=0.0000, physics_loss=9.4517E-04, it_time=0.00068 s total_time=0.2 min
[Iteration 600] total_loss=0.2274, data_loss=0.2214, ref_loss=0.0000, physics_loss=1.2160E-04, it_time=0.00069 s total_time=0.2 min
[Iteration 625] total_loss=0.4007, data_loss=0.2133, ref_loss=0.0000, physics_loss=3.7483E-03, it_time=0.00069 s total_time=0.2 min
[Iteration 650] total_loss=0.2243, data_loss=0.2198, ref_loss=0.0000, physics_loss=8.8891E-05, it_time=0.00069 s total_time=0.3 min
[Iteration 675] total_loss=0.2118, data_loss=0.2067, ref_loss=0.0000, physics_loss=1.0079E-04, it_time=0.00068 s total_time=0.3 min
[Iteration 700] total_loss=0.2237, data_loss=0.2146, ref_loss=0.0000, physics_loss=1.8174E-04, it_time=0.0007 s total_time=0.3 min
[Iteration 725] total_loss=0.3397, data_loss=0.2440, ref_loss=0.0000, physics_loss=1.9149E-03, it_time=0.00069 s total_time=0.3 min
[Iteration 750] total_loss=0.2399, data_loss=0.2355, ref_loss=0.0000, physics_loss=8.9251E-05, it_time=0.00069 s total_time=0.3 min
[Iteration 775] total_loss=0.2210, data_loss=0.2198, ref_loss=0.0000, physics_loss=2.3603E-05, it_time=0.00069 s total_time=0.3 min
[Iteration 800] total_loss=0.2082, data_loss=0.2071, ref_loss=0.0000, physics_loss=2.2275E-05, it_time=0.0007 s total_time=0.3 min
[Iteration 825] total_loss=0.3286, data_loss=0.2776, ref_loss=0.0000, physics_loss=1.0212E-03, it_time=0.00069 s total_time=0.3 min
[Iteration 850] total_loss=0.2655, data_loss=0.2588, ref_loss=0.0000, physics_loss=1.3340E-04, it_time=0.00068 s total_time=0.3 min
[Iteration 875] total_loss=0.2324, data_loss=0.2307, ref_loss=0.0000, physics_loss=3.5419E-05, it_time=0.00072 s total_time=0.3 min
[Iteration 900] total_loss=0.2201, data_loss=0.2192, ref_loss=0.0000, physics_loss=1.8753E-05, it_time=0.00069 s total_time=0.3 min
[Iteration 925] total_loss=0.2119, data_loss=0.2110, ref_loss=0.0000, physics_loss=1.7667E-05, it_time=0.00078 s total_time=0.3 min
[Iteration 950] total_loss=0.2028, data_loss=0.2018, ref_loss=0.0000, physics_loss=2.0519E-05, it_time=0.00068 s total_time=0.3 min
[Iteration 975] total_loss=0.3230, data_loss=0.2766, ref_loss=0.0000, physics_loss=9.2925E-04, it_time=0.00069 s total_time=0.3 min
[Iteration 1000] total_loss=0.2473, data_loss=0.2430, ref_loss=0.0000, physics_loss=8.7029E-05, it_time=0.00069 s total_time=0.3 min
Total avg
Relative error [Fluid] 58.1
Relative error [Bound] 70.5
Relative error [Core] 53.1
Absolute error [Fluid] 0.5338
Absolute error [Bound] 0.5556
Absolute error [Core] 0.5249
Absolute error [Non-F] 0.0000
R.M.S.   error [Fluid] 0.6198
R.M.S.   error [Bound] 0.6405
R.M.S.   error [Core] 0.6113
R.M.S.   error [Non-F] 0.0000
Checkpoint saved to ../models/260406_Aomodel_4dsim_V250_div_w_PINN_sweep/260406_Aomodel_4dsim_V250_div_w_PINN_sweep_FFN_1t_20260407-1756/checkpoints/260406_Aomodel_4dsim_V250_div_w_PINN_sweep_FFN_1t_it1000.pth
[Iteration 1025] total_loss=0.2232, data_loss=0.2218, ref_loss=0.0000, physics_loss=2.8177E-05, it_time=0.00069 s total_time=0.4 min
[Iteration 1050] total_loss=0.2123, data_loss=0.2114, ref_loss=0.0000, physics_loss=1.7899E-05, it_time=0.00094 s total_time=0.4 min
[Iteration 1075] total_loss=0.2036, data_loss=0.2026, ref_loss=0.0000, physics_loss=2.1477E-05, it_time=0.00069 s total_time=0.4 min
[Iteration 1100] total_loss=0.1970, data_loss=0.1940, ref_loss=0.0000, physics_loss=6.0224E-05, it_time=0.00068 s total_time=0.4 min
[Iteration 1125] total_loss=0.1993, data_loss=0.1910, ref_loss=0.0000, physics_loss=1.6581E-04, it_time=0.00069 s total_time=0.4 min
[Iteration 1150] total_loss=0.1869, data_loss=0.1847, ref_loss=0.0000, physics_loss=4.3720E-05, it_time=0.00069 s total_time=0.4 min
[Iteration 1175] total_loss=0.2095, data_loss=0.1891, ref_loss=0.0000, physics_loss=4.0768E-04, it_time=0.00069 s total_time=0.4 min
[Iteration 1200] total_loss=0.1865, data_loss=0.1819, ref_loss=0.0000, physics_loss=9.1581E-05, it_time=0.00105 s total_time=0.4 min
[Iteration 1225] total_loss=0.3424, data_loss=0.1734, ref_loss=0.0000, physics_loss=3.3786E-03, it_time=0.00069 s total_time=0.4 min
[Iteration 1250] total_loss=0.1812, data_loss=0.1754, ref_loss=0.0000, physics_loss=1.1594E-04, it_time=0.00069 s total_time=0.4 min
[Iteration 1275] total_loss=0.2106, data_loss=0.1991, ref_loss=0.0000, physics_loss=2.3025E-04, it_time=0.00069 s total_time=0.5 min
[Iteration 1300] total_loss=0.1856, data_loss=0.1808, ref_loss=0.0000, physics_loss=9.7181E-05, it_time=0.00093 s total_time=0.5 min
[Iteration 1325] total_loss=0.6466, data_loss=0.1746, ref_loss=0.0000, physics_loss=9.4399E-03, it_time=0.00068 s total_time=0.5 min
[Iteration 1350] total_loss=0.1998, data_loss=0.1911, ref_loss=0.0000, physics_loss=1.7252E-04, it_time=0.00069 s total_time=0.5 min
[Iteration 1375] total_loss=0.1803, data_loss=0.1784, ref_loss=0.0000, physics_loss=3.6969E-05, it_time=0.00098 s total_time=0.5 min
[Iteration 1400] total_loss=0.1713, data_loss=0.1702, ref_loss=0.0000, physics_loss=2.2913E-05, it_time=0.00069 s total_time=0.5 min
[Iteration 1425] total_loss=0.1645, data_loss=0.1632, ref_loss=0.0000, physics_loss=2.5231E-05, it_time=0.00069 s total_time=0.5 min
[Iteration 1450] total_loss=0.2795, data_loss=0.2236, ref_loss=0.0000, physics_loss=1.1186E-03, it_time=0.00069 s total_time=0.5 min
[Iteration 1475] total_loss=0.1921, data_loss=0.1883, ref_loss=0.0000, physics_loss=7.6183E-05, it_time=0.00069 s total_time=0.5 min
[Iteration 1500] total_loss=0.1775, data_loss=0.1764, ref_loss=0.0000, physics_loss=2.3030E-05, it_time=0.00069 s total_time=0.5 min
Total avg
Relative error [Fluid] 47.3
Relative error [Bound] 67.0
Relative error [Core] 39.5
Absolute error [Fluid] 0.4145
Absolute error [Bound] 0.5350
Absolute error [Core] 0.3659
Absolute error [Non-F] 0.0000
R.M.S.   error [Fluid] 0.4945
R.M.S.   error [Bound] 0.6143
R.M.S.   error [Core] 0.4372
R.M.S.   error [Non-F] 0.0000
[Iteration 1525] total_loss=0.1702, data_loss=0.1693, ref_loss=0.0000, physics_loss=1.7818E-05, it_time=0.00068 s total_time=0.6 min
[Iteration 1550] total_loss=0.1644, data_loss=0.1634, ref_loss=0.0000, physics_loss=1.8904E-05, it_time=0.00069 s total_time=0.6 min
[Iteration 1575] total_loss=0.3127, data_loss=0.2449, ref_loss=0.0000, physics_loss=1.3557E-03, it_time=0.0007 s total_time=0.6 min
[Iteration 1600] total_loss=0.2430, data_loss=0.2356, ref_loss=0.0000, physics_loss=1.4896E-04, it_time=0.00069 s total_time=0.6 min
[Iteration 1625] total_loss=0.1985, data_loss=0.1962, ref_loss=0.0000, physics_loss=4.5892E-05, it_time=0.00069 s total_time=0.6 min
[Iteration 1650] total_loss=0.1865, data_loss=0.1854, ref_loss=0.0000, physics_loss=2.2446E-05, it_time=0.00069 s total_time=0.6 min
[Iteration 1675] total_loss=0.1788, data_loss=0.1778, ref_loss=0.0000, physics_loss=2.0873E-05, it_time=0.00069 s total_time=0.6 min
[Iteration 1700] total_loss=0.1728, data_loss=0.1717, ref_loss=0.0000, physics_loss=2.0488E-05, it_time=0.00069 s total_time=0.6 min
[Iteration 1725] total_loss=0.1674, data_loss=0.1664, ref_loss=0.0000, physics_loss=2.0766E-05, it_time=0.00069 s total_time=0.6 min
[Iteration 1750] total_loss=0.2177, data_loss=0.1615, ref_loss=0.0000, physics_loss=1.1240E-03, it_time=0.00093 s total_time=0.6 min
[Iteration 1775] total_loss=0.1848, data_loss=0.1745, ref_loss=0.0000, physics_loss=2.0546E-04, it_time=0.00069 s total_time=0.6 min
[Iteration 1800] total_loss=0.1644, data_loss=0.1629, ref_loss=0.0000, physics_loss=2.9182E-05, it_time=0.00069 s total_time=0.6 min
[Iteration 1825] total_loss=0.1582, data_loss=0.1571, ref_loss=0.0000, physics_loss=2.0115E-05, it_time=0.00068 s total_time=0.6 min
[Iteration 1850] total_loss=0.1536, data_loss=0.1524, ref_loss=0.0000, physics_loss=2.3798E-05, it_time=0.00173 s total_time=0.6 min
[Iteration 1875] total_loss=0.2204, data_loss=0.1823, ref_loss=0.0000, physics_loss=7.6061E-04, it_time=0.00069 s total_time=0.6 min
[Iteration 1900] total_loss=0.1647, data_loss=0.1609, ref_loss=0.0000, physics_loss=7.5981E-05, it_time=0.00069 s total_time=0.7 min
[Iteration 1925] total_loss=0.1571, data_loss=0.1560, ref_loss=0.0000, physics_loss=2.0879E-05, it_time=0.00069 s total_time=0.7 min
[Iteration 1950] total_loss=0.1528, data_loss=0.1519, ref_loss=0.0000, physics_loss=1.7023E-05, it_time=0.00069 s total_time=0.7 min
[Iteration 1975] total_loss=0.1493, data_loss=0.1484, ref_loss=0.0000, physics_loss=1.8328E-05, it_time=0.0007 s total_time=0.7 min
[Iteration 2000] total_loss=0.2228, data_loss=0.1895, ref_loss=0.0000, physics_loss=6.6591E-04, it_time=0.00068 s total_time=0.7 min
Total avg
Relative error [Fluid] 54.1
Relative error [Bound] 67.9
Relative error [Core] 48.5
Absolute error [Fluid] 0.4802
Absolute error [Bound] 0.5127
Absolute error [Core] 0.4671
Absolute error [Non-F] 0.0000
R.M.S.   error [Fluid] 0.5467
R.M.S.   error [Bound] 0.5891
R.M.S.   error [Core] 0.5287
R.M.S.   error [Non-F] 0.0000
Checkpoint saved to ../models/260406_Aomodel_4dsim_V250_div_w_PINN_sweep/260406_Aomodel_4dsim_V250_div_w_PINN_sweep_FFN_1t_20260407-1756/checkpoints/260406_Aomodel_4dsim_V250_div_w_PINN_sweep_FFN_1t_it2000.pth
[Iteration 2025] total_loss=0.1679, data_loss=0.1646, ref_loss=0.0000, physics_loss=6.6715E-05, it_time=0.00068 s total_time=0.7 min
[Iteration 2050] total_loss=0.1578, data_loss=0.1566, ref_loss=0.0000, physics_loss=2.4496E-05, it_time=0.0008 s total_time=0.7 min
[Iteration 2075] total_loss=0.1523, data_loss=0.1515, ref_loss=0.0000, physics_loss=1.6712E-05, it_time=0.00069 s total_time=0.7 min
[Iteration 2100] total_loss=0.1484, data_loss=0.1476, ref_loss=0.0000, physics_loss=1.6547E-05, it_time=0.00069 s total_time=0.8 min
[Iteration 2125] total_loss=0.1452, data_loss=0.1444, ref_loss=0.0000, physics_loss=1.7684E-05, it_time=0.00069 s total_time=0.8 min
[Iteration 2150] total_loss=0.2786, data_loss=0.1485, ref_loss=0.0000, physics_loss=2.6018E-03, it_time=0.00069 s total_time=0.8 min
[Iteration 2175] total_loss=0.1675, data_loss=0.1608, ref_loss=0.0000, physics_loss=1.3511E-04, it_time=0.00068 s total_time=0.8 min
[Iteration 2200] total_loss=0.1506, data_loss=0.1493, ref_loss=0.0000, physics_loss=2.6031E-05, it_time=0.00068 s total_time=0.8 min
[Iteration 2225] total_loss=0.1460, data_loss=0.1452, ref_loss=0.0000, physics_loss=1.6230E-05, it_time=0.00103 s total_time=0.8 min
[Iteration 2250] total_loss=0.1429, data_loss=0.1421, ref_loss=0.0000, physics_loss=1.5272E-05, it_time=0.00069 s total_time=0.9 min
[Iteration 2275] total_loss=0.1404, data_loss=0.1396, ref_loss=0.0000, physics_loss=1.6340E-05, it_time=0.00069 s total_time=0.9 min
[Iteration 2300] total_loss=0.1851, data_loss=0.1464, ref_loss=0.0000, physics_loss=7.7467E-04, it_time=0.00069 s total_time=0.9 min
[Iteration 2325] total_loss=0.1466, data_loss=0.1437, ref_loss=0.0000, physics_loss=5.7780E-05, it_time=0.00069 s total_time=0.9 min
[Iteration 2350] total_loss=0.1416, data_loss=0.1406, ref_loss=0.0000, physics_loss=2.0144E-05, it_time=0.00069 s total_time=0.9 min
[Iteration 2375] total_loss=0.1388, data_loss=0.1380, ref_loss=0.0000, physics_loss=1.5794E-05, it_time=0.00069 s total_time=0.9 min
[Iteration 2400] total_loss=0.1366, data_loss=0.1358, ref_loss=0.0000, physics_loss=1.6562E-05, it_time=0.0008 s total_time=0.9 min
[Iteration 2425] total_loss=0.1790, data_loss=0.1479, ref_loss=0.0000, physics_loss=6.2119E-04, it_time=0.00069 s total_time=0.9 min
[Iteration 2450] total_loss=0.1501, data_loss=0.1447, ref_loss=0.0000, physics_loss=1.0801E-04, it_time=0.00068 s total_time=0.9 min
[Iteration 2475] total_loss=0.1405, data_loss=0.1392, ref_loss=0.0000, physics_loss=2.5522E-05, it_time=0.00074 s total_time=0.9 min
[Iteration 2500] total_loss=0.1367, data_loss=0.1359, ref_loss=0.0000, physics_loss=1.6153E-05, it_time=0.00068 s total_time=0.9 min
Total avg
Relative error [Fluid] 42.6
Relative error [Bound] 62.9
Relative error [Core] 34.5
Absolute error [Fluid] 0.3536
Absolute error [Bound] 0.4713
Absolute error [Core] 0.3062
Absolute error [Non-F] 0.0000
R.M.S.   error [Fluid] 0.4312
R.M.S.   error [Bound] 0.5421
R.M.S.   error [Core] 0.3776
R.M.S.   error [Non-F] 0.0000
[Iteration 2525] total_loss=0.1345, data_loss=0.1337, ref_loss=0.0000, physics_loss=1.6521E-05, it_time=0.00069 s total_time=1.0 min
[Iteration 2550] total_loss=0.1329, data_loss=0.1319, ref_loss=0.0000, physics_loss=2.0593E-05, it_time=0.00069 s total_time=1.0 min
[Iteration 2575] total_loss=0.1507, data_loss=0.1435, ref_loss=0.0000, physics_loss=1.4421E-04, it_time=0.00069 s total_time=1.0 min
[Iteration 2600] total_loss=0.1380, data_loss=0.1363, ref_loss=0.0000, physics_loss=3.4195E-05, it_time=0.0007 s total_time=1.0 min
[Iteration 2625] total_loss=0.1345, data_loss=0.1334, ref_loss=0.0000, physics_loss=2.1474E-05, it_time=0.00068 s total_time=1.0 min
[Iteration 2650] total_loss=0.1319, data_loss=0.1310, ref_loss=0.0000, physics_loss=1.6734E-05, it_time=0.00068 s total_time=1.0 min
[Iteration 2675] total_loss=0.1569, data_loss=0.1296, ref_loss=0.0000, physics_loss=5.4560E-04, it_time=0.00069 s total_time=1.0 min
[Iteration 2700] total_loss=0.1360, data_loss=0.1308, ref_loss=0.0000, physics_loss=1.0441E-04, it_time=0.00068 s total_time=1.0 min
[Iteration 2725] total_loss=0.1299, data_loss=0.1289, ref_loss=0.0000, physics_loss=2.0535E-05, it_time=0.0007 s total_time=1.0 min
[Iteration 2750] total_loss=0.1830, data_loss=0.1294, ref_loss=0.0000, physics_loss=1.0732E-03, it_time=0.00069 s total_time=1.0 min
[Iteration 2775] total_loss=0.1308, data_loss=0.1285, ref_loss=0.0000, physics_loss=4.5198E-05, it_time=0.00078 s total_time=1.0 min
[Iteration 2800] total_loss=0.1275, data_loss=0.1265, ref_loss=0.0000, physics_loss=1.9297E-05, it_time=0.0007 s total_time=1.0 min
[Iteration 2825] total_loss=0.1258, data_loss=0.1248, ref_loss=0.0000, physics_loss=1.9451E-05, it_time=0.00173 s total_time=1.1 min
[Iteration 2850] total_loss=0.1763, data_loss=0.1284, ref_loss=0.0000, physics_loss=9.5840E-04, it_time=0.0007 s total_time=1.1 min
[Iteration 2875] total_loss=0.1308, data_loss=0.1268, ref_loss=0.0000, physics_loss=8.0745E-05, it_time=0.0007 s total_time=1.1 min
[Iteration 2900] total_loss=0.1259, data_loss=0.1248, ref_loss=0.0000, physics_loss=2.2005E-05, it_time=0.00068 s total_time=1.1 min
[Iteration 2925] total_loss=0.3515, data_loss=0.1234, ref_loss=0.0000, physics_loss=4.5609E-03, it_time=0.00068 s total_time=1.1 min
[Iteration 2950] total_loss=0.1450, data_loss=0.1374, ref_loss=0.0000, physics_loss=1.5072E-04, it_time=0.00071 s total_time=1.1 min
[Iteration 2975] total_loss=0.1314, data_loss=0.1291, ref_loss=0.0000, physics_loss=4.5513E-05, it_time=0.00092 s total_time=1.2 min
[Iteration 3000] total_loss=0.1270, data_loss=0.1260, ref_loss=0.0000, physics_loss=1.8396E-05, it_time=0.00068 s total_time=1.2 min
Total avg
Relative error [Fluid] 41.5
Relative error [Bound] 62.0
Relative error [Core] 33.2
Absolute error [Fluid] 0.3397
Absolute error [Bound] 0.4587
Absolute error [Core] 0.2918
Absolute error [Non-F] 0.0000
R.M.S.   error [Fluid] 0.4175
R.M.S.   error [Bound] 0.5284
R.M.S.   error [Core] 0.3635
R.M.S.   error [Non-F] 0.0000
Checkpoint saved to ../models/260406_Aomodel_4dsim_V250_div_w_PINN_sweep/260406_Aomodel_4dsim_V250_div_w_PINN_sweep_FFN_1t_20260407-1756/checkpoints/260406_Aomodel_4dsim_V250_div_w_PINN_sweep_FFN_1t_it3000.pth
[Iteration 3025] total_loss=0.1247, data_loss=0.1239, ref_loss=0.0000, physics_loss=1.6518E-05, it_time=0.00068 s total_time=1.2 min
[Iteration 3050] total_loss=0.1230, data_loss=0.1222, ref_loss=0.0000, physics_loss=1.7136E-05, it_time=0.00069 s total_time=1.2 min
[Iteration 3075] total_loss=0.1591, data_loss=0.1208, ref_loss=0.0000, physics_loss=7.6503E-04, it_time=0.00071 s total_time=1.2 min
[Iteration 3100] total_loss=0.1485, data_loss=0.1353, ref_loss=0.0000, physics_loss=2.6224E-04, it_time=0.00078 s total_time=1.2 min
[Iteration 3125] total_loss=0.1288, data_loss=0.1268, ref_loss=0.0000, physics_loss=3.9098E-05, it_time=0.00069 s total_time=1.2 min
[Iteration 3150] total_loss=0.1248, data_loss=0.1239, ref_loss=0.0000, physics_loss=1.7554E-05, it_time=0.00069 s total_time=1.2 min
[Iteration 3175] total_loss=0.1227, data_loss=0.1219, ref_loss=0.0000, physics_loss=1.5522E-05, it_time=0.0007 s total_time=1.2 min
[Iteration 3200] total_loss=0.1211, data_loss=0.1203, ref_loss=0.0000, physics_loss=1.6142E-05, it_time=0.00069 s total_time=1.2 min
[Iteration 3225] total_loss=0.1198, data_loss=0.1189, ref_loss=0.0000, physics_loss=1.7040E-05, it_time=0.0015 s total_time=1.3 min
[Iteration 3250] total_loss=0.1186, data_loss=0.1176, ref_loss=0.0000, physics_loss=1.8515E-05, it_time=0.00069 s total_time=1.3 min
[Iteration 3275] total_loss=0.1458, data_loss=0.1238, ref_loss=0.0000, physics_loss=4.4059E-04, it_time=0.00069 s total_time=1.3 min
[Iteration 3300] total_loss=0.1230, data_loss=0.1210, ref_loss=0.0000, physics_loss=3.9409E-05, it_time=0.00069 s total_time=1.3 min
[Iteration 3325] total_loss=0.1199, data_loss=0.1189, ref_loss=0.0000, physics_loss=2.0553E-05, it_time=0.00165 s total_time=1.3 min
[Iteration 3350] total_loss=0.1180, data_loss=0.1172, ref_loss=0.0000, physics_loss=1.6826E-05, it_time=0.00069 s total_time=1.3 min
[Iteration 3375] total_loss=0.1167, data_loss=0.1158, ref_loss=0.0000, physics_loss=1.7563E-05, it_time=0.00069 s total_time=1.3 min
[Iteration 3400] total_loss=0.1418, data_loss=0.1228, ref_loss=0.0000, physics_loss=3.7960E-04, it_time=0.00069 s total_time=1.3 min
[Iteration 3425] total_loss=0.1278, data_loss=0.1212, ref_loss=0.0000, physics_loss=1.3272E-04, it_time=0.00069 s total_time=1.3 min
[Iteration 3450] total_loss=0.1195, data_loss=0.1182, ref_loss=0.0000, physics_loss=2.4868E-05, it_time=0.00069 s total_time=1.3 min
[Iteration 3475] total_loss=0.1169, data_loss=0.1161, ref_loss=0.0000, physics_loss=1.6980E-05, it_time=0.00069 s total_time=1.4 min
[Iteration 3500] total_loss=0.1159, data_loss=0.1145, ref_loss=0.0000, physics_loss=2.8476E-05, it_time=0.00171 s total_time=1.4 min
Total avg
Relative error [Fluid] 40.3
Relative error [Bound] 60.4
Relative error [Core] 32.2
Absolute error [Fluid] 0.3242
Absolute error [Bound] 0.4393
Absolute error [Core] 0.2778
Absolute error [Non-F] 0.0000
R.M.S.   error [Fluid] 0.3986
R.M.S.   error [Bound] 0.5060
R.M.S.   error [Core] 0.3461
R.M.S.   error [Non-F] 0.0000
Final model saved to ../models/260406_Aomodel_4dsim_V250_div_w_PINN_sweep/260406_Aomodel_4dsim_V250_div_w_PINN_sweep_FFN_1t_20260407-1756/260406_Aomodel_4dsim_V250_div_w_PINN_sweep_FFN_1t_final.pth
Starting script
Copying source code to model directory...
Loaded resolution from file: 0.002, 0.002, 0.002, 0.01874
VNRMSE [Noisy]: 0.096484
Directional error [Noisy]: 0.024761
Divergence [Noisy]: 0.070040
Total avg
Relative error [Fluid] 90.8
Relative error [Bound] 91.3
Relative error [Core] 90.5
Absolute error [Fluid] 0.8459
Absolute error [Bound] 0.7030
Absolute error [Core] 0.9033
Absolute error [Non-F] 0.0000
R.M.S.   error [Fluid] 0.9462
R.M.S.   error [Bound] 0.8102
R.M.S.   error [Core] 0.9957
R.M.S.   error [Non-F] 0.0000
[Iteration 25] total_loss=0.4380, data_loss=0.4354, ref_loss=0.0000, physics_loss=3.4275E-05, it_time=0.00069 s total_time=0.0 min
[Iteration 50] total_loss=0.3779, data_loss=0.3273, ref_loss=0.0000, physics_loss=6.7503E-04, it_time=0.0008 s total_time=0.0 min
[Iteration 75] total_loss=0.3151, data_loss=0.2992, ref_loss=0.0000, physics_loss=2.1314E-04, it_time=0.00069 s total_time=0.0 min
[Iteration 100] total_loss=0.2714, data_loss=0.2691, ref_loss=0.0000, physics_loss=3.1026E-05, it_time=0.00068 s total_time=0.0 min
[Iteration 125] total_loss=0.2791, data_loss=0.2681, ref_loss=0.0000, physics_loss=1.4758E-04, it_time=0.00069 s total_time=0.1 min
[Iteration 150] total_loss=0.2590, data_loss=0.2566, ref_loss=0.0000, physics_loss=3.2719E-05, it_time=0.00078 s total_time=0.1 min
[Iteration 175] total_loss=0.2706, data_loss=0.2619, ref_loss=0.0000, physics_loss=1.1549E-04, it_time=0.00069 s total_time=0.1 min
[Iteration 200] total_loss=0.2503, data_loss=0.2488, ref_loss=0.0000, physics_loss=1.9608E-05, it_time=0.00113 s total_time=0.1 min
[Iteration 225] total_loss=0.2995, data_loss=0.2772, ref_loss=0.0000, physics_loss=2.9702E-04, it_time=0.00069 s total_time=0.1 min
[Iteration 250] total_loss=0.2527, data_loss=0.2502, ref_loss=0.0000, physics_loss=3.3488E-05, it_time=0.00069 s total_time=0.1 min
[Iteration 275] total_loss=0.4157, data_loss=0.2524, ref_loss=0.0000, physics_loss=2.1777E-03, it_time=0.00068 s total_time=0.1 min
[Iteration 300] total_loss=0.3078, data_loss=0.2994, ref_loss=0.0000, physics_loss=1.1143E-04, it_time=0.00068 s total_time=0.1 min
[Iteration 325] total_loss=0.3466, data_loss=0.3404, ref_loss=0.0000, physics_loss=8.1631E-05, it_time=0.00069 s total_time=0.1 min
[Iteration 350] total_loss=0.2815, data_loss=0.2771, ref_loss=0.0000, physics_loss=5.7729E-05, it_time=0.00078 s total_time=0.1 min
[Iteration 375] total_loss=0.2639, data_loss=0.2631, ref_loss=0.0000, physics_loss=9.9124E-06, it_time=0.00069 s total_time=0.1 min
[Iteration 400] total_loss=0.2694, data_loss=0.2600, ref_loss=0.0000, physics_loss=1.2471E-04, it_time=0.00069 s total_time=0.1 min
[Iteration 425] total_loss=0.2504, data_loss=0.2478, ref_loss=0.0000, physics_loss=3.4924E-05, it_time=0.0014 s total_time=0.1 min
[Iteration 450] total_loss=0.2867, data_loss=0.2777, ref_loss=0.0000, physics_loss=1.2010E-04, it_time=0.00069 s total_time=0.1 min
[Iteration 475] total_loss=0.2581, data_loss=0.2558, ref_loss=0.0000, physics_loss=3.1049E-05, it_time=0.00069 s total_time=0.1 min
[Iteration 500] total_loss=0.2450, data_loss=0.2445, ref_loss=0.0000, physics_loss=6.9169E-06, it_time=0.00069 s total_time=0.1 min
Total avg
Relative error [Fluid] 57.1
Relative error [Bound] 72.1
Relative error [Core] 51.1
Absolute error [Fluid] 0.5229
Absolute error [Bound] 0.5942
Absolute error [Core] 0.4941
Absolute error [Non-F] 0.0000
R.M.S.   error [Fluid] 0.6025
R.M.S.   error [Bound] 0.6784
R.M.S.   error [Core] 0.5691
R.M.S.   error [Non-F] 0.0000
[Iteration 525] total_loss=0.2357, data_loss=0.2350, ref_loss=0.0000, physics_loss=8.9163E-06, it_time=0.00069 s total_time=0.2 min
[Iteration 550] total_loss=0.3401, data_loss=0.2746, ref_loss=0.0000, physics_loss=8.7277E-04, it_time=0.00069 s total_time=0.2 min
[Iteration 575] total_loss=0.2531, data_loss=0.2471, ref_loss=0.0000, physics_loss=8.1126E-05, it_time=0.00069 s total_time=0.2 min
[Iteration 600] total_loss=0.2387, data_loss=0.2374, ref_loss=0.0000, physics_loss=1.7950E-05, it_time=0.00068 s total_time=0.2 min
[Iteration 625] total_loss=0.2633, data_loss=0.2350, ref_loss=0.0000, physics_loss=3.7837E-04, it_time=0.00068 s total_time=0.2 min
[Iteration 650] total_loss=0.2507, data_loss=0.2440, ref_loss=0.0000, physics_loss=9.0065E-05, it_time=0.00162 s total_time=0.2 min
[Iteration 675] total_loss=0.2351, data_loss=0.2343, ref_loss=0.0000, physics_loss=1.0309E-05, it_time=0.00069 s total_time=0.2 min
[Iteration 700] total_loss=0.2271, data_loss=0.2264, ref_loss=0.0000, physics_loss=9.6629E-06, it_time=0.00069 s total_time=0.2 min
[Iteration 725] total_loss=0.3011, data_loss=0.2180, ref_loss=0.0000, physics_loss=1.1088E-03, it_time=0.00069 s total_time=0.2 min
[Iteration 750] total_loss=0.3388, data_loss=0.3317, ref_loss=0.0000, physics_loss=9.5814E-05, it_time=0.00172 s total_time=0.2 min
[Iteration 775] total_loss=0.2773, data_loss=0.2754, ref_loss=0.0000, physics_loss=2.5528E-05, it_time=0.00069 s total_time=0.2 min
[Iteration 800] total_loss=0.2590, data_loss=0.2581, ref_loss=0.0000, physics_loss=1.1861E-05, it_time=0.00102 s total_time=0.2 min
[Iteration 825] total_loss=0.2461, data_loss=0.2454, ref_loss=0.0000, physics_loss=8.9711E-06, it_time=0.00069 s total_time=0.3 min
[Iteration 850] total_loss=0.2352, data_loss=0.2345, ref_loss=0.0000, physics_loss=8.8716E-06, it_time=0.00069 s total_time=0.3 min
[Iteration 875] total_loss=0.2718, data_loss=0.2500, ref_loss=0.0000, physics_loss=2.9164E-04, it_time=0.0007 s total_time=0.3 min
[Iteration 900] total_loss=0.2338, data_loss=0.2323, ref_loss=0.0000, physics_loss=2.0187E-05, it_time=0.00069 s total_time=0.3 min
[Iteration 925] total_loss=0.2564, data_loss=0.2234, ref_loss=0.0000, physics_loss=4.4029E-04, it_time=0.00069 s total_time=0.3 min
[Iteration 950] total_loss=0.2444, data_loss=0.2226, ref_loss=0.0000, physics_loss=2.9017E-04, it_time=0.00069 s total_time=0.3 min
[Iteration 975] total_loss=0.2355, data_loss=0.2291, ref_loss=0.0000, physics_loss=8.5273E-05, it_time=0.00068 s total_time=0.3 min
[Iteration 1000] total_loss=0.2218, data_loss=0.2209, ref_loss=0.0000, physics_loss=1.1784E-05, it_time=0.0008 s total_time=0.3 min
Total avg
Relative error [Fluid] 53.5
Relative error [Bound] 70.7
Relative error [Core] 46.5
Absolute error [Fluid] 0.4853
Absolute error [Bound] 0.5820
Absolute error [Core] 0.4463
Absolute error [Non-F] 0.0000
R.M.S.   error [Fluid] 0.5677
R.M.S.   error [Bound] 0.6670
R.M.S.   error [Core] 0.5224
R.M.S.   error [Non-F] 0.0000
Checkpoint saved to ../models/260406_Aomodel_4dsim_V250_div_w_PINN_sweep/260406_Aomodel_4dsim_V250_div_w_PINN_sweep_FFN_1t_20260407-1757/checkpoints/260406_Aomodel_4dsim_V250_div_w_PINN_sweep_FFN_1t_it1000.pth
[Iteration 1025] total_loss=0.2137, data_loss=0.2130, ref_loss=0.0000, physics_loss=9.5126E-06, it_time=0.00068 s total_time=0.4 min
[Iteration 1050] total_loss=0.2129, data_loss=0.2040, ref_loss=0.0000, physics_loss=1.1860E-04, it_time=0.00079 s total_time=0.4 min
[Iteration 1075] total_loss=0.2205, data_loss=0.2142, ref_loss=0.0000, physics_loss=8.4660E-05, it_time=0.00069 s total_time=0.4 min
[Iteration 1100] total_loss=0.3090, data_loss=0.2378, ref_loss=0.0000, physics_loss=9.4853E-04, it_time=0.00069 s total_time=0.4 min
[Iteration 1125] total_loss=0.2341, data_loss=0.2291, ref_loss=0.0000, physics_loss=6.6576E-05, it_time=0.00069 s total_time=0.4 min
[Iteration 1150] total_loss=0.2207, data_loss=0.2199, ref_loss=0.0000, physics_loss=1.1211E-05, it_time=0.00069 s total_time=0.4 min
[Iteration 1175] total_loss=0.2140, data_loss=0.2134, ref_loss=0.0000, physics_loss=7.5035E-06, it_time=0.00069 s total_time=0.4 min
[Iteration 1200] total_loss=0.2072, data_loss=0.2065, ref_loss=0.0000, physics_loss=9.7466E-06, it_time=0.00069 s total_time=0.4 min
[Iteration 1225] total_loss=0.2734, data_loss=0.1990, ref_loss=0.0000, physics_loss=9.9176E-04, it_time=0.00102 s total_time=0.4 min
[Iteration 1250] total_loss=0.2476, data_loss=0.2342, ref_loss=0.0000, physics_loss=1.7788E-04, it_time=0.00069 s total_time=0.4 min
[Iteration 1275] total_loss=0.2129, data_loss=0.2108, ref_loss=0.0000, physics_loss=2.8339E-05, it_time=0.0007 s total_time=0.4 min
[Iteration 1300] total_loss=0.2022, data_loss=0.2014, ref_loss=0.0000, physics_loss=1.0972E-05, it_time=0.00069 s total_time=0.4 min
[Iteration 1325] total_loss=0.5257, data_loss=0.2067, ref_loss=0.0000, physics_loss=4.2523E-03, it_time=0.00069 s total_time=0.5 min
[Iteration 1350] total_loss=0.2714, data_loss=0.2591, ref_loss=0.0000, physics_loss=1.6394E-04, it_time=0.00069 s total_time=0.5 min
[Iteration 1375] total_loss=0.2241, data_loss=0.2224, ref_loss=0.0000, physics_loss=2.2627E-05, it_time=0.00069 s total_time=0.5 min
[Iteration 1400] total_loss=0.2130, data_loss=0.2122, ref_loss=0.0000, physics_loss=9.4464E-06, it_time=0.00069 s total_time=0.5 min
[Iteration 1425] total_loss=0.2053, data_loss=0.2046, ref_loss=0.0000, physics_loss=9.3192E-06, it_time=0.00069 s total_time=0.5 min
[Iteration 1450] total_loss=0.1984, data_loss=0.1975, ref_loss=0.0000, physics_loss=1.1992E-05, it_time=0.00091 s total_time=0.5 min
[Iteration 1475] total_loss=0.3187, data_loss=0.2021, ref_loss=0.0000, physics_loss=1.5552E-03, it_time=0.00069 s total_time=0.5 min
[Iteration 1500] total_loss=0.2701, data_loss=0.2632, ref_loss=0.0000, physics_loss=9.1778E-05, it_time=0.00073 s total_time=0.5 min
Total avg
Relative error [Fluid] 63.6
Relative error [Bound] 73.4
Relative error [Core] 59.6
Absolute error [Fluid] 0.5823
Absolute error [Bound] 0.5670
Absolute error [Core] 0.5884
Absolute error [Non-F] 0.0000
R.M.S.   error [Fluid] 0.6649
R.M.S.   error [Bound] 0.6519
R.M.S.   error [Core] 0.6700
R.M.S.   error [Non-F] 0.0000
[Iteration 1525] total_loss=0.2214, data_loss=0.2188, ref_loss=0.0000, physics_loss=3.3856E-05, it_time=0.00086 s total_time=0.5 min
[Iteration 1550] total_loss=0.2112, data_loss=0.2102, ref_loss=0.0000, physics_loss=1.2665E-05, it_time=0.00201 s total_time=0.5 min
[Iteration 1575] total_loss=0.2049, data_loss=0.2042, ref_loss=0.0000, physics_loss=8.7777E-06, it_time=0.00068 s total_time=0.6 min
[Iteration 1600] total_loss=0.1993, data_loss=0.1986, ref_loss=0.0000, physics_loss=9.4015E-06, it_time=0.00069 s total_time=0.6 min
[Iteration 1625] total_loss=0.1938, data_loss=0.1930, ref_loss=0.0000, physics_loss=1.1097E-05, it_time=0.00177 s total_time=0.6 min
[Iteration 1650] total_loss=0.1882, data_loss=0.1872, ref_loss=0.0000, physics_loss=1.2856E-05, it_time=0.00072 s total_time=0.6 min
[Iteration 1675] total_loss=0.1827, data_loss=0.1812, ref_loss=0.0000, physics_loss=2.0918E-05, it_time=0.00092 s total_time=0.6 min
[Iteration 1700] total_loss=0.3345, data_loss=0.3036, ref_loss=0.0000, physics_loss=4.1276E-04, it_time=0.00069 s total_time=0.6 min
[Iteration 1725] total_loss=0.2670, data_loss=0.2640, ref_loss=0.0000, physics_loss=3.9623E-05, it_time=0.00068 s total_time=0.6 min
[Iteration 1750] total_loss=0.2269, data_loss=0.2253, ref_loss=0.0000, physics_loss=2.1617E-05, it_time=0.00069 s total_time=0.6 min
[Iteration 1775] total_loss=0.2133, data_loss=0.2124, ref_loss=0.0000, physics_loss=1.1557E-05, it_time=0.00071 s total_time=0.6 min
[Iteration 1800] total_loss=0.2041, data_loss=0.2034, ref_loss=0.0000, physics_loss=9.7666E-06, it_time=0.00069 s total_time=0.6 min
[Iteration 1825] total_loss=0.1975, data_loss=0.1967, ref_loss=0.0000, physics_loss=1.1144E-05, it_time=0.00069 s total_time=0.6 min
[Iteration 1850] total_loss=0.1917, data_loss=0.1907, ref_loss=0.0000, physics_loss=1.3258E-05, it_time=0.00068 s total_time=0.7 min
[Iteration 1875] total_loss=0.1858, data_loss=0.1847, ref_loss=0.0000, physics_loss=1.5029E-05, it_time=0.00078 s total_time=0.7 min
[Iteration 1900] total_loss=0.2497, data_loss=0.2352, ref_loss=0.0000, physics_loss=1.9349E-04, it_time=0.00069 s total_time=0.7 min
[Iteration 1925] total_loss=0.2114, data_loss=0.2072, ref_loss=0.0000, physics_loss=5.5956E-05, it_time=0.00069 s total_time=0.7 min
[Iteration 1950] total_loss=0.1954, data_loss=0.1943, ref_loss=0.0000, physics_loss=1.4686E-05, it_time=0.00077 s total_time=0.7 min
[Iteration 1975] total_loss=0.1890, data_loss=0.1882, ref_loss=0.0000, physics_loss=1.0675E-05, it_time=0.00069 s total_time=0.7 min
[Iteration 2000] total_loss=0.1839, data_loss=0.1831, ref_loss=0.0000, physics_loss=1.1820E-05, it_time=0.0007 s total_time=0.7 min
Total avg
Relative error [Fluid] 49.1
Relative error [Bound] 68.2
Relative error [Core] 41.4
Absolute error [Fluid] 0.4322
Absolute error [Bound] 0.5440
Absolute error [Core] 0.3872
Absolute error [Non-F] 0.0000
R.M.S.   error [Fluid] 0.5138
R.M.S.   error [Bound] 0.6249
R.M.S.   error [Core] 0.4617
R.M.S.   error [Non-F] 0.0000
Checkpoint saved to ../models/260406_Aomodel_4dsim_V250_div_w_PINN_sweep/260406_Aomodel_4dsim_V250_div_w_PINN_sweep_FFN_1t_20260407-1757/checkpoints/260406_Aomodel_4dsim_V250_div_w_PINN_sweep_FFN_1t_it2000.pth
[Iteration 2025] total_loss=0.1796, data_loss=0.1786, ref_loss=0.0000, physics_loss=1.3420E-05, it_time=0.0007 s total_time=0.8 min
[Iteration 2050] total_loss=0.1753, data_loss=0.1742, ref_loss=0.0000, physics_loss=1.4830E-05, it_time=0.00068 s total_time=0.8 min
[Iteration 2075] total_loss=0.1709, data_loss=0.1697, ref_loss=0.0000, physics_loss=1.6069E-05, it_time=0.00068 s total_time=0.8 min
[Iteration 2100] total_loss=0.5886, data_loss=0.1881, ref_loss=0.0000, physics_loss=5.3400E-03, it_time=0.00069 s total_time=0.8 min
[Iteration 2125] total_loss=0.2387, data_loss=0.2297, ref_loss=0.0000, physics_loss=1.2054E-04, it_time=0.00068 s total_time=0.8 min
[Iteration 2150] total_loss=0.1932, data_loss=0.1901, ref_loss=0.0000, physics_loss=4.1518E-05, it_time=0.00071 s total_time=0.8 min
[Iteration 2175] total_loss=0.1846, data_loss=0.1834, ref_loss=0.0000, physics_loss=1.6338E-05, it_time=0.00068 s total_time=0.8 min
[Iteration 2200] total_loss=0.1796, data_loss=0.1785, ref_loss=0.0000, physics_loss=1.3675E-05, it_time=0.00068 s total_time=0.8 min
[Iteration 2225] total_loss=0.1755, data_loss=0.1744, ref_loss=0.0000, physics_loss=1.3706E-05, it_time=0.00067 s total_time=0.8 min
[Iteration 2250] total_loss=0.1717, data_loss=0.1706, ref_loss=0.0000, physics_loss=1.4460E-05, it_time=0.00087 s total_time=0.9 min
[Iteration 2275] total_loss=0.1680, data_loss=0.1669, ref_loss=0.0000, physics_loss=1.5209E-05, it_time=0.00069 s total_time=0.9 min
[Iteration 2300] total_loss=0.1659, data_loss=0.1632, ref_loss=0.0000, physics_loss=3.6183E-05, it_time=0.00072 s total_time=0.9 min
[Iteration 2325] total_loss=0.2268, data_loss=0.1990, ref_loss=0.0000, physics_loss=3.7028E-04, it_time=0.00069 s total_time=0.9 min
[Iteration 2350] total_loss=0.1787, data_loss=0.1760, ref_loss=0.0000, physics_loss=3.5654E-05, it_time=0.00069 s total_time=0.9 min
[Iteration 2375] total_loss=0.1709, data_loss=0.1699, ref_loss=0.0000, physics_loss=1.4177E-05, it_time=0.00069 s total_time=0.9 min
[Iteration 2400] total_loss=0.1660, data_loss=0.1651, ref_loss=0.0000, physics_loss=1.2508E-05, it_time=0.00069 s total_time=0.9 min
[Iteration 2425] total_loss=0.1620, data_loss=0.1610, ref_loss=0.0000, physics_loss=1.3091E-05, it_time=0.00069 s total_time=0.9 min
[Iteration 2450] total_loss=0.2122, data_loss=0.1828, ref_loss=0.0000, physics_loss=3.9162E-04, it_time=0.00079 s total_time=0.9 min
[Iteration 2475] total_loss=0.1811, data_loss=0.1750, ref_loss=0.0000, physics_loss=8.1860E-05, it_time=0.00069 s total_time=0.9 min
[Iteration 2500] total_loss=0.1679, data_loss=0.1665, ref_loss=0.0000, physics_loss=1.8603E-05, it_time=0.00068 s total_time=0.9 min
Total avg
Relative error [Fluid] 47.3
Relative error [Bound] 66.7
Relative error [Core] 39.5
Absolute error [Fluid] 0.4079
Absolute error [Bound] 0.5205
Absolute error [Core] 0.3626
Absolute error [Non-F] 0.0000
R.M.S.   error [Fluid] 0.4851
R.M.S.   error [Bound] 0.5966
R.M.S.   error [Core] 0.4323
R.M.S.   error [Non-F] 0.0000
[Iteration 2525] total_loss=0.1635, data_loss=0.1626, ref_loss=0.0000, physics_loss=1.1907E-05, it_time=0.00069 s total_time=1.0 min
[Iteration 2550] total_loss=0.1601, data_loss=0.1592, ref_loss=0.0000, physics_loss=1.2115E-05, it_time=0.00069 s total_time=1.0 min
[Iteration 2575] total_loss=0.1571, data_loss=0.1561, ref_loss=0.0000, physics_loss=1.2964E-05, it_time=0.00069 s total_time=1.0 min
[Iteration 2600] total_loss=0.1541, data_loss=0.1531, ref_loss=0.0000, physics_loss=1.3659E-05, it_time=0.00069 s total_time=1.0 min
[Iteration 2625] total_loss=0.1891, data_loss=0.1669, ref_loss=0.0000, physics_loss=2.9489E-04, it_time=0.00079 s total_time=1.0 min
[Iteration 2650] total_loss=0.1673, data_loss=0.1627, ref_loss=0.0000, physics_loss=6.1404E-05, it_time=0.00082 s total_time=1.0 min
[Iteration 2675] total_loss=0.1567, data_loss=0.1557, ref_loss=0.0000, physics_loss=1.3472E-05, it_time=0.00078 s total_time=1.0 min
[Iteration 2700] total_loss=0.1530, data_loss=0.1521, ref_loss=0.0000, physics_loss=1.1758E-05, it_time=0.00068 s total_time=1.0 min
[Iteration 2725] total_loss=0.1500, data_loss=0.1490, ref_loss=0.0000, physics_loss=1.2167E-05, it_time=0.00078 s total_time=1.0 min
[Iteration 2750] total_loss=0.2210, data_loss=0.1506, ref_loss=0.0000, physics_loss=9.3923E-04, it_time=0.00078 s total_time=1.0 min
[Iteration 2775] total_loss=0.1789, data_loss=0.1725, ref_loss=0.0000, physics_loss=8.4742E-05, it_time=0.00194 s total_time=1.0 min
[Iteration 2800] total_loss=0.1595, data_loss=0.1580, ref_loss=0.0000, physics_loss=2.0166E-05, it_time=0.00069 s total_time=1.0 min
[Iteration 2825] total_loss=0.1550, data_loss=0.1542, ref_loss=0.0000, physics_loss=1.1775E-05, it_time=0.00069 s total_time=1.0 min
[Iteration 2850] total_loss=0.1517, data_loss=0.1509, ref_loss=0.0000, physics_loss=1.0820E-05, it_time=0.00068 s total_time=1.1 min
[Iteration 2875] total_loss=0.1488, data_loss=0.1479, ref_loss=0.0000, physics_loss=1.1475E-05, it_time=0.00069 s total_time=1.1 min
[Iteration 2900] total_loss=0.1461, data_loss=0.1452, ref_loss=0.0000, physics_loss=1.2266E-05, it_time=0.00068 s total_time=1.1 min
[Iteration 2925] total_loss=0.2155, data_loss=0.1578, ref_loss=0.0000, physics_loss=7.6927E-04, it_time=0.0007 s total_time=1.1 min
[Iteration 2950] total_loss=0.1739, data_loss=0.1649, ref_loss=0.0000, physics_loss=1.1923E-04, it_time=0.00069 s total_time=1.1 min
[Iteration 2975] total_loss=0.1537, data_loss=0.1525, ref_loss=0.0000, physics_loss=1.6229E-05, it_time=0.00069 s total_time=1.1 min
[Iteration 3000] total_loss=0.1497, data_loss=0.1488, ref_loss=0.0000, physics_loss=1.1401E-05, it_time=0.00069 s total_time=1.1 min
Total avg
Relative error [Fluid] 44.6
Relative error [Bound] 64.5
Relative error [Core] 36.6
Absolute error [Fluid] 0.3781
Absolute error [Bound] 0.4937
Absolute error [Core] 0.3315
Absolute error [Non-F] 0.0000
R.M.S.   error [Fluid] 0.4558
R.M.S.   error [Bound] 0.5675
R.M.S.   error [Core] 0.4022
R.M.S.   error [Non-F] 0.0000
Checkpoint saved to ../models/260406_Aomodel_4dsim_V250_div_w_PINN_sweep/260406_Aomodel_4dsim_V250_div_w_PINN_sweep_FFN_1t_20260407-1757/checkpoints/260406_Aomodel_4dsim_V250_div_w_PINN_sweep_FFN_1t_it3000.pth
[Iteration 3025] total_loss=0.1468, data_loss=0.1460, ref_loss=0.0000, physics_loss=1.0847E-05, it_time=0.00069 s total_time=1.1 min
[Iteration 3050] total_loss=0.1445, data_loss=0.1436, ref_loss=0.0000, physics_loss=1.1324E-05, it_time=0.00069 s total_time=1.1 min
[Iteration 3075] total_loss=0.1424, data_loss=0.1415, ref_loss=0.0000, physics_loss=1.1924E-05, it_time=0.00069 s total_time=1.1 min
[Iteration 3100] total_loss=0.1404, data_loss=0.1395, ref_loss=0.0000, physics_loss=1.2476E-05, it_time=0.00069 s total_time=1.1 min
[Iteration 3125] total_loss=0.3198, data_loss=0.1385, ref_loss=0.0000, physics_loss=2.4175E-03, it_time=0.00069 s total_time=1.2 min
[Iteration 3150] total_loss=0.1493, data_loss=0.1437, ref_loss=0.0000, physics_loss=7.3997E-05, it_time=0.00069 s total_time=1.2 min
[Iteration 3175] total_loss=0.1421, data_loss=0.1407, ref_loss=0.0000, physics_loss=1.8322E-05, it_time=0.0007 s total_time=1.2 min
[Iteration 3200] total_loss=0.1396, data_loss=0.1387, ref_loss=0.0000, physics_loss=1.2410E-05, it_time=0.00068 s total_time=1.2 min
[Iteration 3225] total_loss=0.1378, data_loss=0.1369, ref_loss=0.0000, physics_loss=1.2174E-05, it_time=0.00068 s total_time=1.2 min
[Iteration 3250] total_loss=0.1368, data_loss=0.1352, ref_loss=0.0000, physics_loss=2.1309E-05, it_time=0.00068 s total_time=1.3 min
[Iteration 3275] total_loss=0.1692, data_loss=0.1454, ref_loss=0.0000, physics_loss=3.1742E-04, it_time=0.00069 s total_time=1.3 min
[Iteration 3300] total_loss=0.1440, data_loss=0.1398, ref_loss=0.0000, physics_loss=5.5223E-05, it_time=0.00069 s total_time=1.3 min
[Iteration 3325] total_loss=0.1382, data_loss=0.1372, ref_loss=0.0000, physics_loss=1.3556E-05, it_time=0.0007 s total_time=1.3 min
[Iteration 3350] total_loss=0.1358, data_loss=0.1350, ref_loss=0.0000, physics_loss=1.1367E-05, it_time=0.00068 s total_time=1.4 min
[Iteration 3375] total_loss=0.1979, data_loss=0.1353, ref_loss=0.0000, physics_loss=8.3573E-04, it_time=0.00071 s total_time=1.4 min
[Iteration 3400] total_loss=0.1509, data_loss=0.1422, ref_loss=0.0000, physics_loss=1.1717E-04, it_time=0.00069 s total_time=1.4 min
[Iteration 3425] total_loss=0.1383, data_loss=0.1371, ref_loss=0.0000, physics_loss=1.5615E-05, it_time=0.00069 s total_time=1.4 min
[Iteration 3450] total_loss=0.1354, data_loss=0.1345, ref_loss=0.0000, physics_loss=1.0806E-05, it_time=0.00078 s total_time=1.4 min
[Iteration 3475] total_loss=0.1333, data_loss=0.1325, ref_loss=0.0000, physics_loss=1.1032E-05, it_time=0.00068 s total_time=1.4 min
[Iteration 3500] total_loss=0.1316, data_loss=0.1307, ref_loss=0.0000, physics_loss=1.1585E-05, it_time=0.00068 s total_time=1.5 min
Total avg
Relative error [Fluid] 42.2
Relative error [Bound] 62.1
Relative error [Core] 34.2
Absolute error [Fluid] 0.3485
Absolute error [Bound] 0.4624
Absolute error [Core] 0.3026
Absolute error [Non-F] 0.0000
R.M.S.   error [Fluid] 0.4252
R.M.S.   error [Bound] 0.5322
R.M.S.   error [Core] 0.3736
R.M.S.   error [Non-F] 0.0000
Final model saved to ../models/260406_Aomodel_4dsim_V250_div_w_PINN_sweep/260406_Aomodel_4dsim_V250_div_w_PINN_sweep_FFN_1t_20260407-1757/260406_Aomodel_4dsim_V250_div_w_PINN_sweep_FFN_1t_final.pth
Starting script
Copying source code to model directory...
Loaded resolution from file: 0.002, 0.002, 0.002, 0.01874
VNRMSE [Noisy]: 0.096484
Directional error [Noisy]: 0.024761
Divergence [Noisy]: 0.070040
Total avg
Relative error [Fluid] 90.9
Relative error [Bound] 91.4
Relative error [Core] 90.7
Absolute error [Fluid] 0.8475
Absolute error [Bound] 0.7040
Absolute error [Core] 0.9051
Absolute error [Non-F] 0.0000
R.M.S.   error [Fluid] 0.9477
R.M.S.   error [Bound] 0.8116
R.M.S.   error [Core] 0.9972
R.M.S.   error [Non-F] 0.0000
[Iteration 25] total_loss=0.4442, data_loss=0.4424, ref_loss=0.0000, physics_loss=1.8019E-05, it_time=0.00071 s total_time=0.0 min
[Iteration 50] total_loss=0.4161, data_loss=0.3956, ref_loss=0.0000, physics_loss=2.0549E-04, it_time=0.00069 s total_time=0.0 min
[Iteration 75] total_loss=0.3429, data_loss=0.2911, ref_loss=0.0000, physics_loss=5.1788E-04, it_time=0.00069 s total_time=0.0 min
[Iteration 100] total_loss=0.3547, data_loss=0.3469, ref_loss=0.0000, physics_loss=7.7646E-05, it_time=0.00101 s total_time=0.0 min
[Iteration 125] total_loss=0.2971, data_loss=0.2839, ref_loss=0.0000, physics_loss=1.3147E-04, it_time=0.00069 s total_time=0.1 min
[Iteration 150] total_loss=0.2725, data_loss=0.2699, ref_loss=0.0000, physics_loss=2.5622E-05, it_time=0.00069 s total_time=0.1 min
[Iteration 175] total_loss=0.2684, data_loss=0.2619, ref_loss=0.0000, physics_loss=6.4982E-05, it_time=0.00068 s total_time=0.1 min
[Iteration 200] total_loss=0.2621, data_loss=0.2597, ref_loss=0.0000, physics_loss=2.3925E-05, it_time=0.00069 s total_time=0.1 min
[Iteration 225] total_loss=0.7594, data_loss=0.2567, ref_loss=0.0000, physics_loss=5.0272E-03, it_time=0.00069 s total_time=0.1 min
[Iteration 250] total_loss=0.3176, data_loss=0.3130, ref_loss=0.0000, physics_loss=4.6226E-05, it_time=0.00078 s total_time=0.2 min
[Iteration 275] total_loss=0.3956, data_loss=0.3777, ref_loss=0.0000, physics_loss=1.7825E-04, it_time=0.0007 s total_time=0.2 min
[Iteration 300] total_loss=0.2966, data_loss=0.2884, ref_loss=0.0000, physics_loss=8.2910E-05, it_time=0.00069 s total_time=0.3 min
[Iteration 325] total_loss=0.2944, data_loss=0.2902, ref_loss=0.0000, physics_loss=4.2539E-05, it_time=0.0007 s total_time=0.3 min
[Iteration 350] total_loss=0.2749, data_loss=0.2739, ref_loss=0.0000, physics_loss=9.7308E-06, it_time=0.00093 s total_time=0.3 min
[Iteration 375] total_loss=0.2693, data_loss=0.2643, ref_loss=0.0000, physics_loss=5.0274E-05, it_time=0.00069 s total_time=0.3 min
[Iteration 400] total_loss=0.3531, data_loss=0.2583, ref_loss=0.0000, physics_loss=9.4798E-04, it_time=0.00069 s total_time=0.3 min
[Iteration 425] total_loss=0.2643, data_loss=0.2616, ref_loss=0.0000, physics_loss=2.6574E-05, it_time=0.00069 s total_time=0.3 min
[Iteration 450] total_loss=0.2535, data_loss=0.2529, ref_loss=0.0000, physics_loss=5.5208E-06, it_time=0.0007 s total_time=0.4 min
[Iteration 475] total_loss=0.3052, data_loss=0.2829, ref_loss=0.0000, physics_loss=2.2290E-04, it_time=0.00076 s total_time=0.4 min
[Iteration 500] total_loss=0.2632, data_loss=0.2612, ref_loss=0.0000, physics_loss=2.0739E-05, it_time=0.00069 s total_time=0.4 min
Total avg
Relative error [Fluid] 59.4
Relative error [Bound] 73.4
Relative error [Core] 53.8
Absolute error [Fluid] 0.5430
Absolute error [Bound] 0.6032
Absolute error [Core] 0.5187
Absolute error [Non-F] 0.0000
R.M.S.   error [Fluid] 0.6176
R.M.S.   error [Bound] 0.6799
R.M.S.   error [Core] 0.5908
R.M.S.   error [Non-F] 0.0000
[Iteration 525] total_loss=0.2525, data_loss=0.2520, ref_loss=0.0000, physics_loss=4.6951E-06, it_time=0.00068 s total_time=0.4 min
[Iteration 550] total_loss=0.2452, data_loss=0.2447, ref_loss=0.0000, physics_loss=4.9843E-06, it_time=0.00068 s total_time=0.4 min
[Iteration 575] total_loss=0.2922, data_loss=0.2736, ref_loss=0.0000, physics_loss=1.8599E-04, it_time=0.00068 s total_time=0.5 min
[Iteration 600] total_loss=0.2524, data_loss=0.2483, ref_loss=0.0000, physics_loss=4.1481E-05, it_time=0.00069 s total_time=0.5 min
[Iteration 625] total_loss=0.2435, data_loss=0.2411, ref_loss=0.0000, physics_loss=2.4079E-05, it_time=0.00068 s total_time=0.5 min
[Iteration 650] total_loss=0.2658, data_loss=0.2556, ref_loss=0.0000, physics_loss=1.0216E-04, it_time=0.00068 s total_time=0.6 min
[Iteration 675] total_loss=0.2460, data_loss=0.2449, ref_loss=0.0000, physics_loss=1.0601E-05, it_time=0.00082 s total_time=0.6 min
[Iteration 700] total_loss=0.2388, data_loss=0.2382, ref_loss=0.0000, physics_loss=5.9754E-06, it_time=0.00068 s total_time=0.6 min
[Iteration 725] total_loss=0.3520, data_loss=0.2762, ref_loss=0.0000, physics_loss=7.5807E-04, it_time=0.00068 s total_time=0.6 min
[Iteration 750] total_loss=0.2691, data_loss=0.2643, ref_loss=0.0000, physics_loss=4.8393E-05, it_time=0.00068 s total_time=0.6 min
[Iteration 775] total_loss=0.2501, data_loss=0.2492, ref_loss=0.0000, physics_loss=9.3736E-06, it_time=0.00068 s total_time=0.6 min
[Iteration 800] total_loss=0.2404, data_loss=0.2398, ref_loss=0.0000, physics_loss=5.6694E-06, it_time=0.00075 s total_time=0.7 min
[Iteration 825] total_loss=0.2328, data_loss=0.2322, ref_loss=0.0000, physics_loss=6.5751E-06, it_time=0.00069 s total_time=0.7 min
[Iteration 850] total_loss=0.2990, data_loss=0.2778, ref_loss=0.0000, physics_loss=2.1202E-04, it_time=0.0007 s total_time=0.7 min
[Iteration 875] total_loss=0.2530, data_loss=0.2489, ref_loss=0.0000, physics_loss=4.1123E-05, it_time=0.0007 s total_time=0.7 min
[Iteration 900] total_loss=0.2399, data_loss=0.2392, ref_loss=0.0000, physics_loss=7.3802E-06, it_time=0.00078 s total_time=0.7 min
[Iteration 925] total_loss=0.2335, data_loss=0.2329, ref_loss=0.0000, physics_loss=5.3943E-06, it_time=0.00078 s total_time=0.7 min
[Iteration 950] total_loss=0.2712, data_loss=0.2404, ref_loss=0.0000, physics_loss=3.0776E-04, it_time=0.00067 s total_time=0.8 min
[Iteration 975] total_loss=0.2333, data_loss=0.2315, ref_loss=0.0000, physics_loss=1.8026E-05, it_time=0.00095 s total_time=0.8 min
[Iteration 1000] total_loss=0.2272, data_loss=0.2244, ref_loss=0.0000, physics_loss=2.7827E-05, it_time=0.00069 s total_time=0.8 min
Total avg
Relative error [Fluid] 56.5
Relative error [Bound] 72.2
Relative error [Core] 50.2
Absolute error [Fluid] 0.5059
Absolute error [Bound] 0.5876
Absolute error [Core] 0.4730
Absolute error [Non-F] 0.0000
R.M.S.   error [Fluid] 0.5780
R.M.S.   error [Bound] 0.6694
R.M.S.   error [Core] 0.5369
R.M.S.   error [Non-F] 0.0000
Checkpoint saved to ../models/260406_Aomodel_4dsim_V250_div_w_PINN_sweep/260406_Aomodel_4dsim_V250_div_w_PINN_sweep_FFN_1t_20260407-1759/checkpoints/260406_Aomodel_4dsim_V250_div_w_PINN_sweep_FFN_1t_it1000.pth
[Iteration 1025] total_loss=0.2612, data_loss=0.2292, ref_loss=0.0000, physics_loss=3.2025E-04, it_time=0.00073 s total_time=0.8 min
[Iteration 1050] total_loss=0.2243, data_loss=0.2201, ref_loss=0.0000, physics_loss=4.1845E-05, it_time=0.00067 s total_time=0.9 min
[Iteration 1075] total_loss=0.2795, data_loss=0.2477, ref_loss=0.0000, physics_loss=3.1824E-04, it_time=0.00091 s total_time=0.9 min
[Iteration 1100] total_loss=0.2348, data_loss=0.2306, ref_loss=0.0000, physics_loss=4.1611E-05, it_time=0.00067 s total_time=0.9 min
[Iteration 1125] total_loss=0.2221, data_loss=0.2211, ref_loss=0.0000, physics_loss=1.0362E-05, it_time=0.00079 s total_time=0.9 min
[Iteration 1150] total_loss=0.2146, data_loss=0.2139, ref_loss=0.0000, physics_loss=6.8783E-06, it_time=0.00092 s total_time=1.0 min
[Iteration 1175] total_loss=0.3598, data_loss=0.3262, ref_loss=0.0000, physics_loss=3.3606E-04, it_time=0.00088 s total_time=1.0 min
[Iteration 1200] total_loss=0.2987, data_loss=0.2955, ref_loss=0.0000, physics_loss=3.2044E-05, it_time=0.00069 s total_time=1.0 min
[Iteration 1225] total_loss=0.2601, data_loss=0.2585, ref_loss=0.0000, physics_loss=1.5297E-05, it_time=0.00088 s total_time=1.0 min
[Iteration 1250] total_loss=0.2455, data_loss=0.2447, ref_loss=0.0000, physics_loss=7.5944E-06, it_time=0.00069 s total_time=1.1 min
[Iteration 1275] total_loss=0.2369, data_loss=0.2363, ref_loss=0.0000, physics_loss=6.1900E-06, it_time=0.00069 s total_time=1.1 min
[Iteration 1300] total_loss=0.2345, data_loss=0.2291, ref_loss=0.0000, physics_loss=5.3923E-05, it_time=0.00151 s total_time=1.2 min
[Iteration 1325] total_loss=0.2447, data_loss=0.2390, ref_loss=0.0000, physics_loss=5.7055E-05, it_time=0.00068 s total_time=1.2 min
[Iteration 1350] total_loss=0.2301, data_loss=0.2288, ref_loss=0.0000, physics_loss=1.3305E-05, it_time=0.00151 s total_time=1.2 min
[Iteration 1375] total_loss=0.2244, data_loss=0.2223, ref_loss=0.0000, physics_loss=2.0697E-05, it_time=0.00069 s total_time=1.2 min
[Iteration 1400] total_loss=0.2207, data_loss=0.2186, ref_loss=0.0000, physics_loss=2.0887E-05, it_time=0.00069 s total_time=1.2 min
[Iteration 1425] total_loss=0.2362, data_loss=0.2225, ref_loss=0.0000, physics_loss=1.3721E-04, it_time=0.00069 s total_time=1.2 min
[Iteration 1450] total_loss=0.2150, data_loss=0.2131, ref_loss=0.0000, physics_loss=1.8702E-05, it_time=0.00069 s total_time=1.2 min
[Iteration 1475] total_loss=0.3129, data_loss=0.2107, ref_loss=0.0000, physics_loss=1.0219E-03, it_time=0.00069 s total_time=1.2 min
[Iteration 1500] total_loss=0.2179, data_loss=0.2115, ref_loss=0.0000, physics_loss=6.4562E-05, it_time=0.00093 s total_time=1.2 min
Total avg
Relative error [Fluid] 53.8
Relative error [Bound] 70.9
Relative error [Core] 46.9
Absolute error [Fluid] 0.4818
Absolute error [Bound] 0.5747
Absolute error [Core] 0.4443
Absolute error [Non-F] 0.0000
R.M.S.   error [Fluid] 0.5609
R.M.S.   error [Bound] 0.6597
R.M.S.   error [Core] 0.5159
R.M.S.   error [Non-F] 0.0000
[Iteration 1525] total_loss=0.2064, data_loss=0.2054, ref_loss=0.0000, physics_loss=1.0634E-05, it_time=0.00069 s total_time=1.3 min
[Iteration 1550] total_loss=0.2314, data_loss=0.1986, ref_loss=0.0000, physics_loss=3.2748E-04, it_time=0.00069 s total_time=1.3 min
[Iteration 1575] total_loss=0.2467, data_loss=0.2359, ref_loss=0.0000, physics_loss=1.0787E-04, it_time=0.00068 s total_time=1.3 min
[Iteration 1600] total_loss=0.2153, data_loss=0.2130, ref_loss=0.0000, physics_loss=2.3277E-05, it_time=0.00069 s total_time=1.3 min
[Iteration 1625] total_loss=0.2071, data_loss=0.2062, ref_loss=0.0000, physics_loss=8.2497E-06, it_time=0.00069 s total_time=1.3 min
[Iteration 1650] total_loss=0.2011, data_loss=0.2000, ref_loss=0.0000, physics_loss=1.1331E-05, it_time=0.0007 s total_time=1.3 min
[Iteration 1675] total_loss=0.2649, data_loss=0.2465, ref_loss=0.0000, physics_loss=1.8441E-04, it_time=0.00179 s total_time=1.3 min
[Iteration 1700] total_loss=0.2151, data_loss=0.2135, ref_loss=0.0000, physics_loss=1.6700E-05, it_time=0.00068 s total_time=1.3 min
[Iteration 1725] total_loss=0.2091, data_loss=0.2082, ref_loss=0.0000, physics_loss=9.6712E-06, it_time=0.00068 s total_time=1.3 min
[Iteration 1750] total_loss=0.2037, data_loss=0.2029, ref_loss=0.0000, physics_loss=7.8829E-06, it_time=0.00069 s total_time=1.3 min
[Iteration 1775] total_loss=0.1986, data_loss=0.1977, ref_loss=0.0000, physics_loss=8.9603E-06, it_time=0.0007 s total_time=1.3 min
[Iteration 1800] total_loss=0.2350, data_loss=0.2200, ref_loss=0.0000, physics_loss=1.5005E-04, it_time=0.00068 s total_time=1.4 min
[Iteration 1825] total_loss=0.2046, data_loss=0.2015, ref_loss=0.0000, physics_loss=3.0447E-05, it_time=0.00069 s total_time=1.4 min
[Iteration 1850] total_loss=0.1963, data_loss=0.1952, ref_loss=0.0000, physics_loss=1.0384E-05, it_time=0.00177 s total_time=1.4 min
[Iteration 1875] total_loss=0.2664, data_loss=0.1952, ref_loss=0.0000, physics_loss=7.1239E-04, it_time=0.00069 s total_time=1.4 min
[Iteration 1900] total_loss=0.2258, data_loss=0.2166, ref_loss=0.0000, physics_loss=9.2099E-05, it_time=0.00069 s total_time=1.4 min
[Iteration 1925] total_loss=0.2015, data_loss=0.2003, ref_loss=0.0000, physics_loss=1.1824E-05, it_time=0.00069 s total_time=1.5 min
[Iteration 1950] total_loss=0.1962, data_loss=0.1954, ref_loss=0.0000, physics_loss=8.5269E-06, it_time=0.00069 s total_time=1.5 min
[Iteration 1975] total_loss=0.1916, data_loss=0.1907, ref_loss=0.0000, physics_loss=9.0479E-06, it_time=0.0007 s total_time=1.5 min
[Iteration 2000] total_loss=0.2735, data_loss=0.2334, ref_loss=0.0000, physics_loss=4.0063E-04, it_time=0.00068 s total_time=1.5 min
Total avg
Relative error [Fluid] 60.3
Relative error [Bound] 72.2
Relative error [Core] 55.5
Absolute error [Fluid] 0.5460
Absolute error [Bound] 0.5567
Absolute error [Core] 0.5417
Absolute error [Non-F] 0.0000
R.M.S.   error [Fluid] 0.6205
R.M.S.   error [Bound] 0.6381
R.M.S.   error [Core] 0.6133
R.M.S.   error [Non-F] 0.0000
Checkpoint saved to ../models/260406_Aomodel_4dsim_V250_div_w_PINN_sweep/260406_Aomodel_4dsim_V250_div_w_PINN_sweep_FFN_1t_20260407-1759/checkpoints/260406_Aomodel_4dsim_V250_div_w_PINN_sweep_FFN_1t_it2000.pth
[Iteration 2025] total_loss=0.2092, data_loss=0.2061, ref_loss=0.0000, physics_loss=3.0275E-05, it_time=0.00071 s total_time=1.5 min
[Iteration 2050] total_loss=0.1988, data_loss=0.1976, ref_loss=0.0000, physics_loss=1.1955E-05, it_time=0.00067 s total_time=1.5 min
[Iteration 2075] total_loss=0.1929, data_loss=0.1921, ref_loss=0.0000, physics_loss=7.6872E-06, it_time=0.00068 s total_time=1.5 min
[Iteration 2100] total_loss=0.1880, data_loss=0.1872, ref_loss=0.0000, physics_loss=8.2592E-06, it_time=0.00069 s total_time=1.5 min
[Iteration 2125] total_loss=0.1835, data_loss=0.1823, ref_loss=0.0000, physics_loss=1.1835E-05, it_time=0.00069 s total_time=1.6 min
[Iteration 2150] total_loss=0.2501, data_loss=0.2323, ref_loss=0.0000, physics_loss=1.7827E-04, it_time=0.00071 s total_time=1.6 min
[Iteration 2175] total_loss=0.2059, data_loss=0.2027, ref_loss=0.0000, physics_loss=3.1810E-05, it_time=0.00069 s total_time=1.6 min
[Iteration 2200] total_loss=0.1958, data_loss=0.1947, ref_loss=0.0000, physics_loss=1.0767E-05, it_time=0.00068 s total_time=1.7 min
[Iteration 2225] total_loss=0.1910, data_loss=0.1902, ref_loss=0.0000, physics_loss=8.0078E-06, it_time=0.00068 s total_time=1.7 min
[Iteration 2250] total_loss=0.1868, data_loss=0.1860, ref_loss=0.0000, physics_loss=8.5596E-06, it_time=0.00069 s total_time=1.7 min
[Iteration 2275] total_loss=0.1827, data_loss=0.1818, ref_loss=0.0000, physics_loss=9.5303E-06, it_time=0.00069 s total_time=1.7 min
[Iteration 2300] total_loss=0.7830, data_loss=0.1812, ref_loss=0.0000, physics_loss=6.0175E-03, it_time=0.00069 s total_time=1.7 min
[Iteration 2325] total_loss=0.2283, data_loss=0.2177, ref_loss=0.0000, physics_loss=1.0602E-04, it_time=0.00091 s total_time=1.7 min
[Iteration 2350] total_loss=0.1953, data_loss=0.1930, ref_loss=0.0000, physics_loss=2.2770E-05, it_time=0.00069 s total_time=1.7 min
[Iteration 2375] total_loss=0.1878, data_loss=0.1870, ref_loss=0.0000, physics_loss=8.7804E-06, it_time=0.00069 s total_time=1.7 min
[Iteration 2400] total_loss=0.1827, data_loss=0.1819, ref_loss=0.0000, physics_loss=8.0177E-06, it_time=0.00069 s total_time=1.7 min
[Iteration 2425] total_loss=0.1782, data_loss=0.1773, ref_loss=0.0000, physics_loss=8.9052E-06, it_time=0.00069 s total_time=1.7 min
[Iteration 2450] total_loss=0.1739, data_loss=0.1729, ref_loss=0.0000, physics_loss=1.0109E-05, it_time=0.00069 s total_time=1.8 min
[Iteration 2475] total_loss=1.0556, data_loss=0.1704, ref_loss=0.0000, physics_loss=8.8525E-03, it_time=0.00069 s total_time=1.8 min
[Iteration 2500] total_loss=0.2373, data_loss=0.2177, ref_loss=0.0000, physics_loss=1.9538E-04, it_time=0.00068 s total_time=1.8 min
Total avg
Relative error [Fluid] 58.4
Relative error [Bound] 70.9
Relative error [Core] 53.3
Absolute error [Fluid] 0.5227
Absolute error [Bound] 0.5417
Absolute error [Core] 0.5150
Absolute error [Non-F] 0.0000
R.M.S.   error [Fluid] 0.5893
R.M.S.   error [Bound] 0.6178
R.M.S.   error [Core] 0.5774
R.M.S.   error [Non-F] 0.0000
[Iteration 2525] total_loss=0.1887, data_loss=0.1859, ref_loss=0.0000, physics_loss=2.7380E-05, it_time=0.00069 s total_time=1.8 min
[Iteration 2550] total_loss=0.1810, data_loss=0.1800, ref_loss=0.0000, physics_loss=1.0055E-05, it_time=0.00069 s total_time=1.8 min
[Iteration 2575] total_loss=0.1768, data_loss=0.1759, ref_loss=0.0000, physics_loss=8.6975E-06, it_time=0.00068 s total_time=1.8 min
[Iteration 2600] total_loss=0.1731, data_loss=0.1722, ref_loss=0.0000, physics_loss=9.1920E-06, it_time=0.0007 s total_time=1.8 min
[Iteration 2625] total_loss=0.1696, data_loss=0.1686, ref_loss=0.0000, physics_loss=1.0110E-05, it_time=0.00083 s total_time=1.9 min
[Iteration 2650] total_loss=0.5303, data_loss=0.1759, ref_loss=0.0000, physics_loss=3.5447E-03, it_time=0.00061 s total_time=1.9 min
[Iteration 2675] total_loss=0.2197, data_loss=0.2079, ref_loss=0.0000, physics_loss=1.1775E-04, it_time=0.00069 s total_time=1.9 min
[Iteration 2700] total_loss=0.1863, data_loss=0.1839, ref_loss=0.0000, physics_loss=2.3763E-05, it_time=0.00068 s total_time=1.9 min
[Iteration 2725] total_loss=0.1799, data_loss=0.1789, ref_loss=0.0000, physics_loss=9.9601E-06, it_time=0.00068 s total_time=1.9 min
[Iteration 2750] total_loss=0.1760, data_loss=0.1752, ref_loss=0.0000, physics_loss=8.0548E-06, it_time=0.00069 s total_time=2.0 min
[Iteration 2775] total_loss=0.1727, data_loss=0.1718, ref_loss=0.0000, physics_loss=8.5118E-06, it_time=0.00133 s total_time=2.0 min
[Iteration 2800] total_loss=0.1695, data_loss=0.1686, ref_loss=0.0000, physics_loss=9.3410E-06, it_time=0.00069 s total_time=2.0 min
[Iteration 2825] total_loss=0.1666, data_loss=0.1654, ref_loss=0.0000, physics_loss=1.1713E-05, it_time=0.00079 s total_time=2.0 min
[Iteration 2850] total_loss=0.2051, data_loss=0.1869, ref_loss=0.0000, physics_loss=1.8188E-04, it_time=0.00067 s total_time=2.0 min
[Iteration 2875] total_loss=0.1781, data_loss=0.1741, ref_loss=0.0000, physics_loss=3.9591E-05, it_time=0.00068 s total_time=2.0 min
[Iteration 2900] total_loss=0.1699, data_loss=0.1689, ref_loss=0.0000, physics_loss=1.0459E-05, it_time=0.00084 s total_time=2.0 min
[Iteration 2925] total_loss=0.1661, data_loss=0.1652, ref_loss=0.0000, physics_loss=9.0540E-06, it_time=0.00068 s total_time=2.0 min
[Iteration 2950] total_loss=0.1629, data_loss=0.1619, ref_loss=0.0000, physics_loss=9.7947E-06, it_time=0.00068 s total_time=2.0 min
[Iteration 2975] total_loss=0.1599, data_loss=0.1588, ref_loss=0.0000, physics_loss=1.0908E-05, it_time=0.00079 s total_time=2.1 min
[Iteration 3000] total_loss=0.2880, data_loss=0.1645, ref_loss=0.0000, physics_loss=1.2353E-03, it_time=0.00069 s total_time=2.1 min
Total avg
Relative error [Fluid] 49.9
Relative error [Bound] 66.7
Relative error [Core] 43.2
Absolute error [Fluid] 0.4322
Absolute error [Bound] 0.5070
Absolute error [Core] 0.4021
Absolute error [Non-F] 0.0000
R.M.S.   error [Fluid] 0.5004
R.M.S.   error [Bound] 0.5841
R.M.S.   error [Core] 0.4624
R.M.S.   error [Non-F] 0.0000
Checkpoint saved to ../models/260406_Aomodel_4dsim_V250_div_w_PINN_sweep/260406_Aomodel_4dsim_V250_div_w_PINN_sweep_FFN_1t_20260407-1759/checkpoints/260406_Aomodel_4dsim_V250_div_w_PINN_sweep_FFN_1t_it3000.pth
[Iteration 3025] total_loss=0.1832, data_loss=0.1730, ref_loss=0.0000, physics_loss=1.0195E-04, it_time=0.00069 s total_time=2.1 min
[Iteration 3050] total_loss=0.1659, data_loss=0.1648, ref_loss=0.0000, physics_loss=1.1266E-05, it_time=0.00068 s total_time=2.2 min
[Iteration 3075] total_loss=0.1627, data_loss=0.1618, ref_loss=0.0000, physics_loss=8.8693E-06, it_time=0.00069 s total_time=2.2 min
[Iteration 3100] total_loss=0.1600, data_loss=0.1591, ref_loss=0.0000, physics_loss=9.1498E-06, it_time=0.00069 s total_time=2.2 min
[Iteration 3125] total_loss=0.1574, data_loss=0.1564, ref_loss=0.0000, physics_loss=9.9939E-06, it_time=0.00071 s total_time=2.2 min
[Iteration 3150] total_loss=0.1550, data_loss=0.1539, ref_loss=0.0000, physics_loss=1.0936E-05, it_time=0.00069 s total_time=2.2 min
[Iteration 3175] total_loss=0.1527, data_loss=0.1515, ref_loss=0.0000, physics_loss=1.1831E-05, it_time=0.00069 s total_time=2.2 min
[Iteration 3200] total_loss=0.1517, data_loss=0.1491, ref_loss=0.0000, physics_loss=2.5533E-05, it_time=0.00068 s total_time=2.2 min
[Iteration 3225] total_loss=0.2175, data_loss=0.1810, ref_loss=0.0000, physics_loss=3.6523E-04, it_time=0.00069 s total_time=2.2 min
[Iteration 3250] total_loss=0.1726, data_loss=0.1682, ref_loss=0.0000, physics_loss=4.3870E-05, it_time=0.0007 s total_time=2.2 min
[Iteration 3275] total_loss=0.1619, data_loss=0.1608, ref_loss=0.0000, physics_loss=1.0845E-05, it_time=0.00069 s total_time=2.2 min
[Iteration 3300] total_loss=0.1579, data_loss=0.1571, ref_loss=0.0000, physics_loss=8.2887E-06, it_time=0.0007 s total_time=2.2 min
[Iteration 3325] total_loss=0.1548, data_loss=0.1539, ref_loss=0.0000, physics_loss=8.3495E-06, it_time=0.00071 s total_time=2.2 min
[Iteration 3350] total_loss=0.1520, data_loss=0.1511, ref_loss=0.0000, physics_loss=9.1970E-06, it_time=0.00068 s total_time=2.2 min
[Iteration 3375] total_loss=0.1495, data_loss=0.1485, ref_loss=0.0000, physics_loss=1.0266E-05, it_time=0.00069 s total_time=2.2 min
[Iteration 3400] total_loss=1.3311, data_loss=0.1469, ref_loss=0.0000, physics_loss=1.1843E-02, it_time=0.00176 s total_time=2.3 min
[Iteration 3425] total_loss=0.2020, data_loss=0.1814, ref_loss=0.0000, physics_loss=2.0609E-04, it_time=0.00069 s total_time=2.3 min
[Iteration 3450] total_loss=0.1645, data_loss=0.1624, ref_loss=0.0000, physics_loss=2.0402E-05, it_time=0.00069 s total_time=2.3 min
[Iteration 3475] total_loss=0.1579, data_loss=0.1570, ref_loss=0.0000, physics_loss=9.2271E-06, it_time=0.00069 s total_time=2.3 min
[Iteration 3500] total_loss=0.1549, data_loss=0.1541, ref_loss=0.0000, physics_loss=7.8682E-06, it_time=0.00068 s total_time=2.3 min
Total avg
Relative error [Fluid] 45.7
Relative error [Bound] 65.3
Relative error [Core] 37.8
Absolute error [Fluid] 0.3897
Absolute error [Bound] 0.5017
Absolute error [Core] 0.3446
Absolute error [Non-F] 0.0000
R.M.S.   error [Fluid] 0.4680
R.M.S.   error [Bound] 0.5773
R.M.S.   error [Core] 0.4161
R.M.S.   error [Non-F] 0.0000
Final model saved to ../models/260406_Aomodel_4dsim_V250_div_w_PINN_sweep/260406_Aomodel_4dsim_V250_div_w_PINN_sweep_FFN_1t_20260407-1759/260406_Aomodel_4dsim_V250_div_w_PINN_sweep_FFN_1t_final.pth
