Starting script
Copying source code to model directory...
Loaded resolution from file: 0.002, 0.002, 0.002, 0.01874
VNRMSE [Noisy]: 0.361121
Directional error [Noisy]: 7.448566
Divergence [Noisy]: 3.250900
Total avg
Relative error [Fluid] 100.0
Relative error [Bound] 100.0
Relative error [Core] 100.0
Absolute error [Fluid] 4.6379
Absolute error [Bound] 4.6452
Absolute error [Core] 4.6342
Absolute error [Non-F] 0.0000
R.M.S.   error [Fluid] 4.6900
R.M.S.   error [Bound] 4.7002
R.M.S.   error [Core] 4.6858
R.M.S.   error [Non-F] 0.0000
[Iteration 50] total_loss=0.1397, data_loss=0.1220, ref_loss=0.1385, physics_loss=2.7567E-01, it_time=0.00432 s total_time=0.2 min
[Iteration 100] total_loss=0.1179, data_loss=0.1083, ref_loss=0.1232, physics_loss=1.0567E-01, it_time=0.00424 s total_time=0.4 min
[Iteration 150] total_loss=0.1126, data_loss=0.1038, ref_loss=0.1166, physics_loss=7.5698E-02, it_time=0.00424 s total_time=0.5 min
[Iteration 200] total_loss=0.1104, data_loss=0.1022, ref_loss=0.1141, physics_loss=6.2227E-02, it_time=0.00424 s total_time=0.7 min
[Iteration 250] total_loss=0.1118, data_loss=0.1034, ref_loss=0.1142, physics_loss=5.6165E-02, it_time=0.00423 s total_time=0.9 min
[Iteration 300] total_loss=0.1068, data_loss=0.0987, ref_loss=0.1110, physics_loss=5.1634E-02, it_time=0.00425 s total_time=1.0 min
[Iteration 350] total_loss=0.1085, data_loss=0.1005, ref_loss=0.1126, physics_loss=4.8770E-02, it_time=0.00425 s total_time=1.2 min
[Iteration 400] total_loss=0.1055, data_loss=0.0982, ref_loss=0.1106, physics_loss=4.7971E-02, it_time=0.00426 s total_time=1.3 min
[Iteration 450] total_loss=0.1083, data_loss=0.0998, ref_loss=0.1127, physics_loss=4.8470E-02, it_time=0.00426 s total_time=1.5 min
[Iteration 500] total_loss=0.1042, data_loss=0.0964, ref_loss=0.1070, physics_loss=4.8026E-02, it_time=0.00539 s total_time=1.7 min
Total avg
Relative error [Fluid] 84.9
Relative error [Bound] 88.0
Relative error [Core] 83.6
Absolute error [Fluid] 0.2066
Absolute error [Bound] 0.1854
Absolute error [Core] 0.2151
Absolute error [Non-F] 0.0000
R.M.S.   error [Fluid] 0.2337
R.M.S.   error [Bound] 0.2134
R.M.S.   error [Core] 0.2409
R.M.S.   error [Non-F] 0.0000
[Iteration 550] total_loss=0.1152, data_loss=0.1073, ref_loss=0.1138, physics_loss=4.8609E-02, it_time=0.00424 s total_time=1.9 min
[Iteration 600] total_loss=0.1041, data_loss=0.0960, ref_loss=0.1071, physics_loss=4.9189E-02, it_time=0.00437 s total_time=2.0 min
[Iteration 650] total_loss=0.1202, data_loss=0.1102, ref_loss=0.1242, physics_loss=5.1119E-02, it_time=0.00426 s total_time=2.2 min
[Iteration 700] total_loss=0.1036, data_loss=0.0953, ref_loss=0.1040, physics_loss=5.3894E-02, it_time=0.00426 s total_time=2.3 min
[Iteration 750] total_loss=0.1065, data_loss=0.0976, ref_loss=0.1097, physics_loss=5.5123E-02, it_time=0.00427 s total_time=2.5 min
[Iteration 800] total_loss=0.1037, data_loss=0.0949, ref_loss=0.1047, physics_loss=5.6933E-02, it_time=0.00425 s total_time=2.7 min
[Iteration 850] total_loss=0.1014, data_loss=0.0926, ref_loss=0.1050, physics_loss=5.8178E-02, it_time=0.00424 s total_time=2.8 min
[Iteration 900] total_loss=0.1052, data_loss=0.0958, ref_loss=0.1074, physics_loss=6.0784E-02, it_time=0.00424 s total_time=3.0 min
[Iteration 950] total_loss=0.1048, data_loss=0.0959, ref_loss=0.1038, physics_loss=5.9452E-02, it_time=0.00426 s total_time=3.1 min
[Iteration 1000] total_loss=0.1019, data_loss=0.0927, ref_loss=0.0989, physics_loss=6.2729E-02, it_time=0.00423 s total_time=3.3 min
Total avg
Relative error [Fluid] 84.3
Relative error [Bound] 87.0
Relative error [Core] 83.2
Absolute error [Fluid] 0.1978
Absolute error [Bound] 0.1774
Absolute error [Core] 0.2060
Absolute error [Non-F] 0.0000
R.M.S.   error [Fluid] 0.2246
R.M.S.   error [Bound] 0.2052
R.M.S.   error [Core] 0.2313
R.M.S.   error [Non-F] 0.0000
[Iteration 1050] total_loss=0.1048, data_loss=0.0947, ref_loss=0.1046, physics_loss=6.2742E-02, it_time=0.0043 s total_time=3.5 min
[Iteration 1100] total_loss=0.1312, data_loss=0.1175, ref_loss=0.1349, physics_loss=6.4144E-02, it_time=0.00431 s total_time=3.7 min
[Iteration 1150] total_loss=0.0996, data_loss=0.0908, ref_loss=0.0992, physics_loss=6.2867E-02, it_time=0.00432 s total_time=3.8 min
[Iteration 1200] total_loss=0.1003, data_loss=0.0914, ref_loss=0.0982, physics_loss=6.2568E-02, it_time=0.00432 s total_time=4.0 min
[Iteration 1250] total_loss=0.0976, data_loss=0.0883, ref_loss=0.0987, physics_loss=6.3937E-02, it_time=0.00488 s total_time=4.2 min
[Iteration 1300] total_loss=0.0977, data_loss=0.0883, ref_loss=0.0982, physics_loss=6.2972E-02, it_time=0.00429 s total_time=4.3 min
[Iteration 1350] total_loss=0.1043, data_loss=0.0927, ref_loss=0.1015, physics_loss=6.6108E-02, it_time=0.00429 s total_time=4.5 min
[Iteration 1400] total_loss=0.1040, data_loss=0.0929, ref_loss=0.1020, physics_loss=6.6448E-02, it_time=0.0043 s total_time=4.7 min
[Iteration 1450] total_loss=0.1000, data_loss=0.0900, ref_loss=0.0962, physics_loss=6.3454E-02, it_time=0.00429 s total_time=4.8 min
[Iteration 1500] total_loss=0.1039, data_loss=0.0934, ref_loss=0.0992, physics_loss=6.4619E-02, it_time=0.00433 s total_time=5.0 min
Total avg
Relative error [Fluid] 85.5
Relative error [Bound] 88.6
Relative error [Core] 84.3
Absolute error [Fluid] 0.2055
Absolute error [Bound] 0.1881
Absolute error [Core] 0.2125
Absolute error [Non-F] 0.0000
R.M.S.   error [Fluid] 0.2301
R.M.S.   error [Bound] 0.2133
R.M.S.   error [Core] 0.2360
R.M.S.   error [Non-F] 0.0000
[Iteration 1550] total_loss=0.0982, data_loss=0.0887, ref_loss=0.0945, physics_loss=6.4304E-02, it_time=0.00438 s total_time=5.2 min
[Iteration 1600] total_loss=0.0999, data_loss=0.0898, ref_loss=0.0975, physics_loss=6.5030E-02, it_time=0.00439 s total_time=5.3 min
[Iteration 1650] total_loss=0.0963, data_loss=0.0865, ref_loss=0.0970, physics_loss=6.3335E-02, it_time=0.0043 s total_time=5.5 min
[Iteration 1700] total_loss=0.0974, data_loss=0.0874, ref_loss=0.0967, physics_loss=6.3229E-02, it_time=0.0043 s total_time=5.7 min
[Iteration 1750] total_loss=0.1064, data_loss=0.0951, ref_loss=0.1026, physics_loss=6.2623E-02, it_time=0.00429 s total_time=5.8 min
[Iteration 1800] total_loss=0.0983, data_loss=0.0887, ref_loss=0.0949, physics_loss=6.2785E-02, it_time=0.00429 s total_time=6.0 min
[Iteration 1850] total_loss=0.1064, data_loss=0.0966, ref_loss=0.1017, physics_loss=6.2860E-02, it_time=0.00429 s total_time=6.2 min
[Iteration 1900] total_loss=0.1027, data_loss=0.0922, ref_loss=0.0993, physics_loss=6.2588E-02, it_time=0.00429 s total_time=6.3 min
[Iteration 1950] total_loss=0.0968, data_loss=0.0876, ref_loss=0.0924, physics_loss=6.4539E-02, it_time=0.00428 s total_time=6.5 min
[Iteration 2000] total_loss=0.0979, data_loss=0.0885, ref_loss=0.0935, physics_loss=6.2329E-02, it_time=0.00444 s total_time=6.7 min
Total avg
Relative error [Fluid] 83.5
Relative error [Bound] 86.4
Relative error [Core] 82.3
Absolute error [Fluid] 0.1938
Absolute error [Bound] 0.1760
Absolute error [Core] 0.2009
Absolute error [Non-F] 0.0000
R.M.S.   error [Fluid] 0.2194
R.M.S.   error [Bound] 0.2017
R.M.S.   error [Core] 0.2256
R.M.S.   error [Non-F] 0.0000
[Iteration 2050] total_loss=0.0976, data_loss=0.0877, ref_loss=0.0934, physics_loss=6.3019E-02, it_time=0.0044 s total_time=6.9 min
[Iteration 2100] total_loss=0.0954, data_loss=0.0857, ref_loss=0.0921, physics_loss=6.3806E-02, it_time=0.00429 s total_time=7.0 min
[Iteration 2150] total_loss=0.0973, data_loss=0.0880, ref_loss=0.0915, physics_loss=6.3542E-02, it_time=0.00432 s total_time=7.2 min
[Iteration 2200] total_loss=0.0971, data_loss=0.0875, ref_loss=0.0929, physics_loss=6.4478E-02, it_time=0.00429 s total_time=7.4 min
[Iteration 2250] total_loss=0.0999, data_loss=0.0894, ref_loss=0.0980, physics_loss=6.3744E-02, it_time=0.00429 s total_time=7.5 min
[Iteration 2300] total_loss=0.1036, data_loss=0.0920, ref_loss=0.0987, physics_loss=6.3756E-02, it_time=0.00428 s total_time=7.7 min
[Iteration 2350] total_loss=0.0977, data_loss=0.0876, ref_loss=0.0942, physics_loss=6.3636E-02, it_time=0.00477 s total_time=7.8 min
[Iteration 2400] total_loss=0.0949, data_loss=0.0848, ref_loss=0.0925, physics_loss=6.4614E-02, it_time=0.00429 s total_time=8.0 min
[Iteration 2450] total_loss=0.1134, data_loss=0.1009, ref_loss=0.1072, physics_loss=6.3553E-02, it_time=0.00429 s total_time=8.2 min
[Iteration 2500] total_loss=0.0957, data_loss=0.0857, ref_loss=0.0921, physics_loss=6.4060E-02, it_time=0.00431 s total_time=8.3 min
Total avg
Relative error [Fluid] 83.8
Relative error [Bound] 86.2
Relative error [Core] 82.9
Absolute error [Fluid] 0.1890
Absolute error [Bound] 0.1715
Absolute error [Core] 0.1960
Absolute error [Non-F] 0.0000
R.M.S.   error [Fluid] 0.2148
R.M.S.   error [Bound] 0.1981
R.M.S.   error [Core] 0.2204
R.M.S.   error [Non-F] 0.0000
[Iteration 2550] total_loss=0.0934, data_loss=0.0837, ref_loss=0.0922, physics_loss=6.4833E-02, it_time=0.0044 s total_time=8.5 min
[Iteration 2600] total_loss=0.0934, data_loss=0.0834, ref_loss=0.0912, physics_loss=6.4378E-02, it_time=0.0045 s total_time=8.7 min
[Iteration 2650] total_loss=0.0975, data_loss=0.0864, ref_loss=0.0970, physics_loss=6.5584E-02, it_time=0.00439 s total_time=8.9 min
[Iteration 2700] total_loss=0.0930, data_loss=0.0838, ref_loss=0.0907, physics_loss=6.4194E-02, it_time=0.00439 s total_time=9.0 min
[Iteration 2750] total_loss=0.0945, data_loss=0.0840, ref_loss=0.0893, physics_loss=6.5951E-02, it_time=0.00439 s total_time=9.2 min
[Iteration 2800] total_loss=0.0963, data_loss=0.0863, ref_loss=0.0915, physics_loss=6.5231E-02, it_time=0.00428 s total_time=9.4 min
[Iteration 2850] total_loss=0.0975, data_loss=0.0882, ref_loss=0.0892, physics_loss=6.6797E-02, it_time=0.00429 s total_time=9.5 min
[Iteration 2900] total_loss=0.0947, data_loss=0.0845, ref_loss=0.0921, physics_loss=6.9462E-02, it_time=0.00429 s total_time=9.7 min
[Iteration 2950] total_loss=0.0935, data_loss=0.0843, ref_loss=0.0891, physics_loss=6.7699E-02, it_time=0.00429 s total_time=9.9 min
[Iteration 3000] total_loss=0.0954, data_loss=0.0852, ref_loss=0.0875, physics_loss=7.0797E-02, it_time=0.00428 s total_time=10.0 min
Total avg
Relative error [Fluid] 82.9
Relative error [Bound] 86.1
Relative error [Core] 81.6
Absolute error [Fluid] 0.1867
Absolute error [Bound] 0.1728
Absolute error [Core] 0.1923
Absolute error [Non-F] 0.0000
R.M.S.   error [Fluid] 0.2122
R.M.S.   error [Bound] 0.1988
R.M.S.   error [Core] 0.2166
R.M.S.   error [Non-F] 0.0000
[Iteration 3050] total_loss=0.0922, data_loss=0.0826, ref_loss=0.0893, physics_loss=7.3951E-02, it_time=0.00439 s total_time=10.2 min
[Iteration 3100] total_loss=0.0918, data_loss=0.0819, ref_loss=0.0885, physics_loss=7.1581E-02, it_time=0.00439 s total_time=10.4 min
[Iteration 3150] total_loss=0.0921, data_loss=0.0828, ref_loss=0.0870, physics_loss=7.2062E-02, it_time=0.0043 s total_time=10.6 min
[Iteration 3200] total_loss=0.0911, data_loss=0.0811, ref_loss=0.0868, physics_loss=7.4419E-02, it_time=0.00429 s total_time=10.7 min
[Iteration 3250] total_loss=0.0893, data_loss=0.0799, ref_loss=0.0868, physics_loss=7.5271E-02, it_time=0.00429 s total_time=10.9 min
[Iteration 3300] total_loss=0.0968, data_loss=0.0873, ref_loss=0.0864, physics_loss=7.3380E-02, it_time=0.00429 s total_time=11.0 min
[Iteration 3350] total_loss=0.0904, data_loss=0.0809, ref_loss=0.0849, physics_loss=7.6082E-02, it_time=0.0043 s total_time=11.2 min
[Iteration 3400] total_loss=0.0901, data_loss=0.0799, ref_loss=0.0868, physics_loss=7.3819E-02, it_time=0.00429 s total_time=11.4 min
[Iteration 3450] total_loss=0.0959, data_loss=0.0845, ref_loss=0.0843, physics_loss=7.8439E-02, it_time=0.0043 s total_time=11.5 min
[Iteration 3500] total_loss=0.0885, data_loss=0.0797, ref_loss=0.0821, physics_loss=7.7411E-02, it_time=0.00431 s total_time=11.7 min
Total avg
Relative error [Fluid] 82.0
Relative error [Bound] 86.2
Relative error [Core] 80.3
Absolute error [Fluid] 0.1818
Absolute error [Bound] 0.1716
Absolute error [Core] 0.1858
Absolute error [Non-F] 0.0000
R.M.S.   error [Fluid] 0.2072
R.M.S.   error [Bound] 0.1977
R.M.S.   error [Core] 0.2102
R.M.S.   error [Non-F] 0.0000
[Iteration 3550] total_loss=0.1039, data_loss=0.0919, ref_loss=0.0973, physics_loss=8.4229E-02, it_time=0.00429 s total_time=11.9 min
[Iteration 3600] total_loss=0.0856, data_loss=0.0754, ref_loss=0.0835, physics_loss=8.3722E-02, it_time=0.00428 s total_time=12.1 min
[Iteration 3650] total_loss=0.0855, data_loss=0.0762, ref_loss=0.0829, physics_loss=7.9952E-02, it_time=0.0043 s total_time=12.2 min
[Iteration 3700] total_loss=0.0868, data_loss=0.0776, ref_loss=0.0799, physics_loss=8.0768E-02, it_time=0.00431 s total_time=12.4 min
[Iteration 3750] total_loss=0.0853, data_loss=0.0762, ref_loss=0.0817, physics_loss=8.1488E-02, it_time=0.0043 s total_time=12.6 min
[Iteration 3800] total_loss=0.0856, data_loss=0.0767, ref_loss=0.0796, physics_loss=8.3874E-02, it_time=0.00428 s total_time=12.7 min
[Iteration 3850] total_loss=0.0854, data_loss=0.0755, ref_loss=0.0830, physics_loss=8.6353E-02, it_time=0.00428 s total_time=12.9 min
[Iteration 3900] total_loss=0.0917, data_loss=0.0817, ref_loss=0.0849, physics_loss=8.7658E-02, it_time=0.00429 s total_time=13.0 min
[Iteration 3950] total_loss=0.0831, data_loss=0.0739, ref_loss=0.0783, physics_loss=9.0361E-02, it_time=0.00429 s total_time=13.2 min
[Iteration 4000] total_loss=0.0843, data_loss=0.0746, ref_loss=0.0816, physics_loss=9.6181E-02, it_time=0.00427 s total_time=13.4 min
Total avg
Relative error [Fluid] 81.8
Relative error [Bound] 86.8
Relative error [Core] 79.8
Absolute error [Fluid] 0.1844
Absolute error [Bound] 0.1782
Absolute error [Core] 0.1869
Absolute error [Non-F] 0.0000
R.M.S.   error [Fluid] 0.2083
R.M.S.   error [Bound] 0.2037
R.M.S.   error [Core] 0.2093
R.M.S.   error [Non-F] 0.0000
[Iteration 4050] total_loss=0.0822, data_loss=0.0718, ref_loss=0.0807, physics_loss=1.0070E-01, it_time=0.00441 s total_time=13.6 min
[Iteration 4100] total_loss=0.0849, data_loss=0.0752, ref_loss=0.0797, physics_loss=1.1302E-01, it_time=0.0044 s total_time=13.7 min
[Iteration 4150] total_loss=0.0876, data_loss=0.0757, ref_loss=0.0827, physics_loss=1.2304E-01, it_time=0.0044 s total_time=13.9 min
[Iteration 4200] total_loss=0.0815, data_loss=0.0713, ref_loss=0.0776, physics_loss=1.0675E-01, it_time=0.00429 s total_time=14.1 min
[Iteration 4250] total_loss=0.0825, data_loss=0.0727, ref_loss=0.0770, physics_loss=1.1806E-01, it_time=0.00428 s total_time=14.2 min
[Iteration 4300] total_loss=0.0901, data_loss=0.0783, ref_loss=0.0823, physics_loss=1.2808E-01, it_time=0.00431 s total_time=14.4 min
[Iteration 4350] total_loss=0.0785, data_loss=0.0691, ref_loss=0.0723, physics_loss=1.0979E-01, it_time=0.00429 s total_time=14.6 min
[Iteration 4400] total_loss=0.0765, data_loss=0.0675, ref_loss=0.0724, physics_loss=1.1241E-01, it_time=0.00429 s total_time=14.7 min
[Iteration 4450] total_loss=0.0767, data_loss=0.0665, ref_loss=0.0726, physics_loss=1.1775E-01, it_time=0.00429 s total_time=14.9 min
[Iteration 4500] total_loss=0.0799, data_loss=0.0713, ref_loss=0.0741, physics_loss=1.0993E-01, it_time=0.00429 s total_time=15.1 min
Total avg
Relative error [Fluid] 82.8
Relative error [Bound] 88.3
Relative error [Core] 80.6
Absolute error [Fluid] 0.1827
Absolute error [Bound] 0.1850
Absolute error [Core] 0.1818
Absolute error [Non-F] 0.0000
R.M.S.   error [Fluid] 0.2064
R.M.S.   error [Bound] 0.2085
R.M.S.   error [Core] 0.2042
R.M.S.   error [Non-F] 0.0000
[Iteration 4550] total_loss=0.0749, data_loss=0.0649, ref_loss=0.0711, physics_loss=1.1868E-01, it_time=0.00596 s total_time=15.3 min
[Iteration 4600] total_loss=0.0776, data_loss=0.0692, ref_loss=0.0694, physics_loss=1.1638E-01, it_time=0.00428 s total_time=15.4 min
[Iteration 4650] total_loss=0.0750, data_loss=0.0664, ref_loss=0.0674, physics_loss=1.1691E-01, it_time=0.00429 s total_time=15.6 min
[Iteration 4700] total_loss=0.0771, data_loss=0.0667, ref_loss=0.0739, physics_loss=1.1760E-01, it_time=0.00429 s total_time=15.8 min
[Iteration 4750] total_loss=0.0772, data_loss=0.0673, ref_loss=0.0746, physics_loss=1.2174E-01, it_time=0.00429 s total_time=15.9 min
[Iteration 4800] total_loss=0.0733, data_loss=0.0642, ref_loss=0.0692, physics_loss=1.1705E-01, it_time=0.00428 s total_time=16.1 min
[Iteration 4850] total_loss=0.0737, data_loss=0.0643, ref_loss=0.0697, physics_loss=1.2176E-01, it_time=0.00428 s total_time=16.2 min
[Iteration 4900] total_loss=0.0735, data_loss=0.0644, ref_loss=0.0687, physics_loss=1.1743E-01, it_time=0.00429 s total_time=16.4 min
[Iteration 4950] total_loss=0.0813, data_loss=0.0709, ref_loss=0.0686, physics_loss=1.2698E-01, it_time=0.0043 s total_time=16.6 min
[Iteration 5000] total_loss=0.0916, data_loss=0.0785, ref_loss=0.0848, physics_loss=1.3369E-01, it_time=0.00429 s total_time=16.7 min
Total avg
Relative error [Fluid] 85.0
Relative error [Bound] 89.6
Relative error [Core] 83.2
Absolute error [Fluid] 0.2062
Absolute error [Bound] 0.2057
Absolute error [Core] 0.2064
Absolute error [Non-F] 0.0000
R.M.S.   error [Fluid] 0.2315
R.M.S.   error [Bound] 0.2325
R.M.S.   error [Core] 0.2306
R.M.S.   error [Non-F] 0.0000
Checkpoint saved to ../models/260522_Aomodel_Healthy_4dsim_V250_n6_VanillaPINN_NOFF_2/260522_Aomodel_Healthy_4dsim_V250_n6_VanillaPINN_NOFF_2_FFN_1t_20260522-2337/checkpoints/260522_Aomodel_Healthy_4dsim_V250_n6_VanillaPINN_NOFF_2_FFN_1t_it5000.pth
[Iteration 5050] total_loss=0.0805, data_loss=0.0720, ref_loss=0.0687, physics_loss=1.3003E-01, it_time=0.00428 s total_time=16.9 min
[Iteration 5100] total_loss=0.0724, data_loss=0.0633, ref_loss=0.0671, physics_loss=1.2377E-01, it_time=0.00427 s total_time=17.1 min
[Iteration 5150] total_loss=0.0730, data_loss=0.0634, ref_loss=0.0677, physics_loss=1.2731E-01, it_time=0.00428 s total_time=17.3 min
[Iteration 5200] total_loss=0.0725, data_loss=0.0636, ref_loss=0.0664, physics_loss=1.2056E-01, it_time=0.0043 s total_time=17.4 min
[Iteration 5250] total_loss=0.0713, data_loss=0.0630, ref_loss=0.0654, physics_loss=1.1789E-01, it_time=0.00429 s total_time=17.6 min
[Iteration 5300] total_loss=0.0759, data_loss=0.0666, ref_loss=0.0676, physics_loss=1.2426E-01, it_time=0.00571 s total_time=17.7 min
[Iteration 5350] total_loss=0.0718, data_loss=0.0627, ref_loss=0.0679, physics_loss=1.2039E-01, it_time=0.0043 s total_time=17.9 min
[Iteration 5400] total_loss=0.0708, data_loss=0.0619, ref_loss=0.0652, physics_loss=1.2250E-01, it_time=0.0043 s total_time=18.1 min
[Iteration 5450] total_loss=0.0735, data_loss=0.0632, ref_loss=0.0698, physics_loss=1.2416E-01, it_time=0.00429 s total_time=18.2 min
[Iteration 5500] total_loss=0.0705, data_loss=0.0618, ref_loss=0.0668, physics_loss=1.2060E-01, it_time=0.00429 s total_time=18.4 min
Total avg
Relative error [Fluid] 80.3
Relative error [Bound] 83.5
Relative error [Core] 79.1
Absolute error [Fluid] 0.1621
Absolute error [Bound] 0.1578
Absolute error [Core] 0.1638
Absolute error [Non-F] 0.0000
R.M.S.   error [Fluid] 0.1879
R.M.S.   error [Bound] 0.1851
R.M.S.   error [Core] 0.1875
R.M.S.   error [Non-F] 0.0000
[Iteration 5550] total_loss=0.0704, data_loss=0.0619, ref_loss=0.0648, physics_loss=1.2092E-01, it_time=0.00431 s total_time=18.6 min
[Iteration 5600] total_loss=0.0717, data_loss=0.0621, ref_loss=0.0659, physics_loss=1.2559E-01, it_time=0.00433 s total_time=18.8 min
[Iteration 5650] total_loss=0.0694, data_loss=0.0601, ref_loss=0.0659, physics_loss=1.2282E-01, it_time=0.00429 s total_time=18.9 min
[Iteration 5700] total_loss=0.0696, data_loss=0.0611, ref_loss=0.0636, physics_loss=1.2219E-01, it_time=0.00428 s total_time=19.1 min
[Iteration 5750] total_loss=0.0708, data_loss=0.0616, ref_loss=0.0671, physics_loss=1.2415E-01, it_time=0.00429 s total_time=19.2 min
[Iteration 5800] total_loss=0.0728, data_loss=0.0628, ref_loss=0.0667, physics_loss=1.2886E-01, it_time=0.00428 s total_time=19.4 min
[Iteration 5850] total_loss=0.0747, data_loss=0.0653, ref_loss=0.0645, physics_loss=1.2337E-01, it_time=0.00422 s total_time=19.6 min
[Iteration 5900] total_loss=0.0720, data_loss=0.0627, ref_loss=0.0669, physics_loss=1.2501E-01, it_time=0.00422 s total_time=19.7 min
[Iteration 5950] total_loss=0.0697, data_loss=0.0608, ref_loss=0.0659, physics_loss=1.2535E-01, it_time=0.00421 s total_time=19.9 min
[Iteration 6000] total_loss=0.0704, data_loss=0.0616, ref_loss=0.0643, physics_loss=1.2599E-01, it_time=0.00425 s total_time=20.0 min
Total avg
Relative error [Fluid] 79.2
Relative error [Bound] 83.4
Relative error [Core] 77.5
Absolute error [Fluid] 0.1612
Absolute error [Bound] 0.1594
Absolute error [Core] 0.1619
Absolute error [Non-F] 0.0000
R.M.S.   error [Fluid] 0.1860
R.M.S.   error [Bound] 0.1847
R.M.S.   error [Core] 0.1849
R.M.S.   error [Non-F] 0.0000
[Iteration 6050] total_loss=0.0704, data_loss=0.0607, ref_loss=0.0649, physics_loss=1.2542E-01, it_time=0.00441 s total_time=20.3 min
[Iteration 6100] total_loss=0.0698, data_loss=0.0608, ref_loss=0.0634, physics_loss=1.2731E-01, it_time=0.0044 s total_time=20.4 min
[Iteration 6150] total_loss=0.0706, data_loss=0.0617, ref_loss=0.0641, physics_loss=1.2497E-01, it_time=0.00443 s total_time=20.6 min
[Iteration 6200] total_loss=0.0726, data_loss=0.0643, ref_loss=0.0638, physics_loss=1.2444E-01, it_time=0.00442 s total_time=20.8 min
[Iteration 6250] total_loss=0.0688, data_loss=0.0596, ref_loss=0.0645, physics_loss=1.2866E-01, it_time=0.00429 s total_time=20.9 min
[Iteration 6300] total_loss=0.0697, data_loss=0.0606, ref_loss=0.0651, physics_loss=1.2815E-01, it_time=0.00427 s total_time=21.1 min
[Iteration 6350] total_loss=0.0700, data_loss=0.0617, ref_loss=0.0636, physics_loss=1.2441E-01, it_time=0.00426 s total_time=21.3 min
[Iteration 6400] total_loss=0.0702, data_loss=0.0606, ref_loss=0.0664, physics_loss=1.3136E-01, it_time=0.00539 s total_time=21.4 min
[Iteration 6450] total_loss=0.0703, data_loss=0.0608, ref_loss=0.0658, physics_loss=1.3006E-01, it_time=0.00428 s total_time=21.6 min
[Iteration 6500] total_loss=0.0703, data_loss=0.0602, ref_loss=0.0658, physics_loss=1.2977E-01, it_time=0.00427 s total_time=21.7 min
Total avg
Relative error [Fluid] 80.4
Relative error [Bound] 83.2
Relative error [Core] 79.2
Absolute error [Fluid] 0.1604
Absolute error [Bound] 0.1562
Absolute error [Core] 0.1621
Absolute error [Non-F] 0.0000
R.M.S.   error [Fluid] 0.1863
R.M.S.   error [Bound] 0.1844
R.M.S.   error [Core] 0.1855
R.M.S.   error [Non-F] 0.0000
[Iteration 6550] total_loss=0.0695, data_loss=0.0613, ref_loss=0.0628, physics_loss=1.2682E-01, it_time=0.00422 s total_time=21.9 min
[Iteration 6600] total_loss=0.0708, data_loss=0.0621, ref_loss=0.0647, physics_loss=1.3380E-01, it_time=0.00423 s total_time=22.1 min
[Iteration 6650] total_loss=0.1049, data_loss=0.0960, ref_loss=0.1113, physics_loss=6.6874E-02, it_time=0.00427 s total_time=22.3 min
[Iteration 6700] total_loss=0.0997, data_loss=0.0904, ref_loss=0.1010, physics_loss=8.0423E-02, it_time=0.00424 s total_time=22.4 min
[Iteration 6750] total_loss=0.0969, data_loss=0.0872, ref_loss=0.0938, physics_loss=8.5805E-02, it_time=0.00425 s total_time=22.6 min
[Iteration 6800] total_loss=0.0922, data_loss=0.0827, ref_loss=0.0903, physics_loss=8.4555E-02, it_time=0.00424 s total_time=22.7 min
[Iteration 6850] total_loss=0.0891, data_loss=0.0797, ref_loss=0.0853, physics_loss=8.6132E-02, it_time=0.00425 s total_time=22.9 min
[Iteration 6900] total_loss=0.0817, data_loss=0.0718, ref_loss=0.0775, physics_loss=1.1186E-01, it_time=0.00426 s total_time=23.1 min
[Iteration 6950] total_loss=0.0793, data_loss=0.0690, ref_loss=0.0714, physics_loss=1.3269E-01, it_time=0.00425 s total_time=23.2 min
[Iteration 7000] total_loss=0.0731, data_loss=0.0638, ref_loss=0.0677, physics_loss=1.3152E-01, it_time=0.00425 s total_time=23.4 min
Total avg
Relative error [Fluid] 81.7
Relative error [Bound] 85.1
Relative error [Core] 80.3
Absolute error [Fluid] 0.1656
Absolute error [Bound] 0.1616
Absolute error [Core] 0.1672
Absolute error [Non-F] 0.0000
R.M.S.   error [Fluid] 0.1906
R.M.S.   error [Bound] 0.1878
R.M.S.   error [Core] 0.1901
R.M.S.   error [Non-F] 0.0000
[Iteration 7050] total_loss=0.0724, data_loss=0.0634, ref_loss=0.0664, physics_loss=1.3148E-01, it_time=0.00428 s total_time=23.6 min
[Iteration 7100] total_loss=0.0726, data_loss=0.0633, ref_loss=0.0638, physics_loss=1.3199E-01, it_time=0.00425 s total_time=23.7 min
[Iteration 7150] total_loss=0.0709, data_loss=0.0613, ref_loss=0.0654, physics_loss=1.3288E-01, it_time=0.00474 s total_time=23.9 min
[Iteration 7200] total_loss=0.0699, data_loss=0.0610, ref_loss=0.0652, physics_loss=1.2837E-01, it_time=0.00424 s total_time=24.1 min
[Iteration 7250] total_loss=0.0689, data_loss=0.0600, ref_loss=0.0638, physics_loss=1.3132E-01, it_time=0.00426 s total_time=24.2 min
[Iteration 7300] total_loss=0.0696, data_loss=0.0609, ref_loss=0.0633, physics_loss=1.3033E-01, it_time=0.00425 s total_time=24.4 min
[Iteration 7350] total_loss=0.0681, data_loss=0.0587, ref_loss=0.0644, physics_loss=1.3414E-01, it_time=0.00426 s total_time=24.6 min
[Iteration 7400] total_loss=0.0679, data_loss=0.0587, ref_loss=0.0647, physics_loss=1.3045E-01, it_time=0.00426 s total_time=24.7 min
[Iteration 7450] total_loss=0.0687, data_loss=0.0587, ref_loss=0.0640, physics_loss=1.3441E-01, it_time=0.00425 s total_time=24.9 min
[Iteration 7500] total_loss=0.0690, data_loss=0.0597, ref_loss=0.0626, physics_loss=1.2965E-01, it_time=0.00425 s total_time=25.0 min
Total avg
Relative error [Fluid] 80.0
Relative error [Bound] 83.1
Relative error [Core] 78.7
Absolute error [Fluid] 0.1578
Absolute error [Bound] 0.1547
Absolute error [Core] 0.1590
Absolute error [Non-F] 0.0000
R.M.S.   error [Fluid] 0.1835
R.M.S.   error [Bound] 0.1819
R.M.S.   error [Core] 0.1823
R.M.S.   error [Non-F] 0.0000
[Iteration 7550] total_loss=0.0678, data_loss=0.0587, ref_loss=0.0627, physics_loss=1.2877E-01, it_time=0.00427 s total_time=25.2 min
[Iteration 7600] total_loss=0.0683, data_loss=0.0596, ref_loss=0.0636, physics_loss=1.2758E-01, it_time=0.00426 s total_time=25.4 min
[Iteration 7650] total_loss=0.0671, data_loss=0.0587, ref_loss=0.0611, physics_loss=1.3043E-01, it_time=0.00428 s total_time=25.6 min
[Iteration 7700] total_loss=0.0669, data_loss=0.0579, ref_loss=0.0613, physics_loss=1.3170E-01, it_time=0.00427 s total_time=25.7 min
[Iteration 7750] total_loss=0.0665, data_loss=0.0573, ref_loss=0.0624, physics_loss=1.3019E-01, it_time=0.00426 s total_time=25.9 min
[Iteration 7800] total_loss=0.0664, data_loss=0.0576, ref_loss=0.0618, physics_loss=1.2927E-01, it_time=0.00426 s total_time=26.0 min
[Iteration 7850] total_loss=0.0678, data_loss=0.0584, ref_loss=0.0623, physics_loss=1.3441E-01, it_time=0.00426 s total_time=26.2 min
[Iteration 7900] total_loss=0.0675, data_loss=0.0591, ref_loss=0.0610, physics_loss=1.2918E-01, it_time=0.00442 s total_time=26.4 min
[Iteration 7950] total_loss=0.0678, data_loss=0.0584, ref_loss=0.0614, physics_loss=1.3183E-01, it_time=0.00427 s total_time=26.5 min
[Iteration 8000] total_loss=0.0674, data_loss=0.0582, ref_loss=0.0611, physics_loss=1.3567E-01, it_time=0.00426 s total_time=26.7 min
Total avg
Relative error [Fluid] 79.1
Relative error [Bound] 83.1
Relative error [Core] 77.5
Absolute error [Fluid] 0.1573
Absolute error [Bound] 0.1586
Absolute error [Core] 0.1567
Absolute error [Non-F] 0.0000
R.M.S.   error [Fluid] 0.1821
R.M.S.   error [Bound] 0.1834
R.M.S.   error [Core] 0.1794
R.M.S.   error [Non-F] 0.0000
[Iteration 8050] total_loss=0.0681, data_loss=0.0586, ref_loss=0.0622, physics_loss=1.3991E-01, it_time=0.0044 s total_time=26.9 min
[Iteration 8100] total_loss=0.0670, data_loss=0.0589, ref_loss=0.0592, physics_loss=1.3140E-01, it_time=0.00441 s total_time=27.1 min
[Iteration 8150] total_loss=0.0659, data_loss=0.0575, ref_loss=0.0586, physics_loss=1.3427E-01, it_time=0.00427 s total_time=27.2 min
[Iteration 8200] total_loss=0.0662, data_loss=0.0577, ref_loss=0.0598, physics_loss=1.3153E-01, it_time=0.00428 s total_time=27.4 min
[Iteration 8250] total_loss=0.0673, data_loss=0.0571, ref_loss=0.0616, physics_loss=1.3882E-01, it_time=0.00573 s total_time=27.6 min
[Iteration 8300] total_loss=0.0666, data_loss=0.0582, ref_loss=0.0593, physics_loss=1.3543E-01, it_time=0.00427 s total_time=27.7 min
[Iteration 8350] total_loss=0.0642, data_loss=0.0555, ref_loss=0.0601, physics_loss=1.3335E-01, it_time=0.00428 s total_time=27.9 min
[Iteration 8400] total_loss=0.0658, data_loss=0.0564, ref_loss=0.0617, physics_loss=1.3471E-01, it_time=0.00426 s total_time=28.0 min
[Iteration 8450] total_loss=0.0654, data_loss=0.0560, ref_loss=0.0584, physics_loss=1.3694E-01, it_time=0.00426 s total_time=28.2 min
[Iteration 8500] total_loss=0.0662, data_loss=0.0566, ref_loss=0.0590, physics_loss=1.3870E-01, it_time=0.00426 s total_time=28.4 min
Total avg
Relative error [Fluid] 78.9
Relative error [Bound] 81.8
Relative error [Core] 77.7
Absolute error [Fluid] 0.1551
Absolute error [Bound] 0.1513
Absolute error [Core] 0.1567
Absolute error [Non-F] 0.0000
R.M.S.   error [Fluid] 0.1801
R.M.S.   error [Bound] 0.1785
R.M.S.   error [Core] 0.1790
R.M.S.   error [Non-F] 0.0000
[Iteration 8550] total_loss=0.0646, data_loss=0.0562, ref_loss=0.0577, physics_loss=1.3603E-01, it_time=0.00442 s total_time=28.6 min
[Iteration 8600] total_loss=0.0652, data_loss=0.0565, ref_loss=0.0594, physics_loss=1.4182E-01, it_time=0.00442 s total_time=28.7 min
[Iteration 8650] total_loss=0.0671, data_loss=0.0560, ref_loss=0.0622, physics_loss=1.4612E-01, it_time=0.00441 s total_time=28.9 min
[Iteration 8700] total_loss=0.0660, data_loss=0.0574, ref_loss=0.0571, physics_loss=1.4095E-01, it_time=0.00441 s total_time=29.1 min
[Iteration 8750] total_loss=0.0648, data_loss=0.0553, ref_loss=0.0568, physics_loss=1.4277E-01, it_time=0.00441 s total_time=29.2 min
[Iteration 8800] total_loss=0.0653, data_loss=0.0565, ref_loss=0.0572, physics_loss=1.3851E-01, it_time=0.00429 s total_time=29.4 min
[Iteration 8850] total_loss=0.0637, data_loss=0.0546, ref_loss=0.0578, physics_loss=1.4053E-01, it_time=0.0043 s total_time=29.6 min
[Iteration 8900] total_loss=0.0650, data_loss=0.0555, ref_loss=0.0576, physics_loss=1.3976E-01, it_time=0.00428 s total_time=29.7 min
[Iteration 8950] total_loss=0.0652, data_loss=0.0561, ref_loss=0.0560, physics_loss=1.4543E-01, it_time=0.00429 s total_time=29.9 min
[Iteration 9000] total_loss=0.0638, data_loss=0.0546, ref_loss=0.0573, physics_loss=1.5175E-01, it_time=0.00591 s total_time=30.1 min
Total avg
Relative error [Fluid] 78.3
Relative error [Bound] 82.3
Relative error [Core] 76.7
Absolute error [Fluid] 0.1527
Absolute error [Bound] 0.1530
Absolute error [Core] 0.1526
Absolute error [Non-F] 0.0000
R.M.S.   error [Fluid] 0.1767
R.M.S.   error [Bound] 0.1781
R.M.S.   error [Core] 0.1741
R.M.S.   error [Non-F] 0.0000
[Iteration 9050] total_loss=0.0643, data_loss=0.0551, ref_loss=0.0564, physics_loss=1.4547E-01, it_time=0.00439 s total_time=30.3 min
[Iteration 9100] total_loss=0.0627, data_loss=0.0540, ref_loss=0.0557, physics_loss=1.4700E-01, it_time=0.00439 s total_time=30.4 min
[Iteration 9150] total_loss=0.0628, data_loss=0.0538, ref_loss=0.0547, physics_loss=1.4665E-01, it_time=0.00439 s total_time=30.6 min
[Iteration 9200] total_loss=0.0639, data_loss=0.0536, ref_loss=0.0570, physics_loss=1.5162E-01, it_time=0.00433 s total_time=30.8 min
[Iteration 9250] total_loss=0.0631, data_loss=0.0532, ref_loss=0.0563, physics_loss=1.4859E-01, it_time=0.00428 s total_time=30.9 min
[Iteration 9300] total_loss=0.0638, data_loss=0.0549, ref_loss=0.0547, physics_loss=1.5186E-01, it_time=0.00428 s total_time=31.1 min
[Iteration 9350] total_loss=0.0623, data_loss=0.0530, ref_loss=0.0533, physics_loss=1.5089E-01, it_time=0.00565 s total_time=31.3 min
[Iteration 9400] total_loss=0.0627, data_loss=0.0541, ref_loss=0.0547, physics_loss=1.5013E-01, it_time=0.00429 s total_time=31.4 min
[Iteration 9450] total_loss=0.0647, data_loss=0.0539, ref_loss=0.0565, physics_loss=1.5228E-01, it_time=0.0043 s total_time=31.6 min
[Iteration 9500] total_loss=0.0627, data_loss=0.0536, ref_loss=0.0533, physics_loss=1.4927E-01, it_time=0.00428 s total_time=31.7 min
Total avg
Relative error [Fluid] 77.2
Relative error [Bound] 81.1
Relative error [Core] 75.6
Absolute error [Fluid] 0.1492
Absolute error [Bound] 0.1502
Absolute error [Core] 0.1487
Absolute error [Non-F] 0.0000
R.M.S.   error [Fluid] 0.1726
R.M.S.   error [Bound] 0.1740
R.M.S.   error [Core] 0.1698
R.M.S.   error [Non-F] 0.0000
[Iteration 9550] total_loss=0.0636, data_loss=0.0545, ref_loss=0.0536, physics_loss=1.5185E-01, it_time=0.0044 s total_time=31.9 min
[Iteration 9600] total_loss=0.0621, data_loss=0.0523, ref_loss=0.0533, physics_loss=1.5484E-01, it_time=0.00429 s total_time=32.1 min
[Iteration 9650] total_loss=0.0616, data_loss=0.0525, ref_loss=0.0539, physics_loss=1.5560E-01, it_time=0.00428 s total_time=32.3 min
[Iteration 9700] total_loss=0.0626, data_loss=0.0518, ref_loss=0.0554, physics_loss=1.5740E-01, it_time=0.00429 s total_time=32.4 min
[Iteration 9750] total_loss=0.0616, data_loss=0.0515, ref_loss=0.0532, physics_loss=1.5465E-01, it_time=0.00429 s total_time=32.6 min
[Iteration 9800] total_loss=0.0635, data_loss=0.0543, ref_loss=0.0527, physics_loss=1.6023E-01, it_time=0.00428 s total_time=32.8 min
[Iteration 9850] total_loss=0.0620, data_loss=0.0518, ref_loss=0.0550, physics_loss=1.5994E-01, it_time=0.00428 s total_time=32.9 min
[Iteration 9900] total_loss=0.0631, data_loss=0.0537, ref_loss=0.0533, physics_loss=1.6660E-01, it_time=0.00427 s total_time=33.1 min
[Iteration 9950] total_loss=0.0614, data_loss=0.0514, ref_loss=0.0536, physics_loss=1.5896E-01, it_time=0.00428 s total_time=33.3 min
[Iteration 10000] total_loss=0.0619, data_loss=0.0526, ref_loss=0.0565, physics_loss=1.5629E-01, it_time=0.00427 s total_time=33.4 min
Total avg
Relative error [Fluid] 79.4
Relative error [Bound] 84.1
Relative error [Core] 77.4
Absolute error [Fluid] 0.1588
Absolute error [Bound] 0.1596
Absolute error [Core] 0.1584
Absolute error [Non-F] 0.0000
R.M.S.   error [Fluid] 0.1807
R.M.S.   error [Bound] 0.1829
R.M.S.   error [Core] 0.1782
R.M.S.   error [Non-F] 0.0000
Checkpoint saved to ../models/260522_Aomodel_Healthy_4dsim_V250_n6_VanillaPINN_NOFF_2/260522_Aomodel_Healthy_4dsim_V250_n6_VanillaPINN_NOFF_2_FFN_1t_20260522-2337/checkpoints/260522_Aomodel_Healthy_4dsim_V250_n6_VanillaPINN_NOFF_2_FFN_1t_it10000.pth
[Iteration 10050] total_loss=0.0595, data_loss=0.0502, ref_loss=0.0526, physics_loss=1.5459E-01, it_time=0.00434 s total_time=33.6 min
[Iteration 10100] total_loss=0.0595, data_loss=0.0505, ref_loss=0.0515, physics_loss=1.5175E-01, it_time=0.00433 s total_time=33.8 min
[Iteration 10150] total_loss=0.0599, data_loss=0.0506, ref_loss=0.0521, physics_loss=1.5948E-01, it_time=0.0043 s total_time=34.0 min
[Iteration 10200] total_loss=0.0600, data_loss=0.0504, ref_loss=0.0520, physics_loss=1.5868E-01, it_time=0.00431 s total_time=34.1 min
[Iteration 10250] total_loss=0.0603, data_loss=0.0509, ref_loss=0.0515, physics_loss=1.5659E-01, it_time=0.0043 s total_time=34.3 min
[Iteration 10300] total_loss=0.0588, data_loss=0.0493, ref_loss=0.0520, physics_loss=1.5853E-01, it_time=0.00429 s total_time=34.4 min
[Iteration 10350] total_loss=0.0603, data_loss=0.0508, ref_loss=0.0521, physics_loss=1.5292E-01, it_time=0.0043 s total_time=34.6 min
[Iteration 10400] total_loss=0.0606, data_loss=0.0512, ref_loss=0.0512, physics_loss=1.5984E-01, it_time=0.00429 s total_time=34.8 min
[Iteration 10450] total_loss=0.0617, data_loss=0.0525, ref_loss=0.0515, physics_loss=1.5925E-01, it_time=0.0043 s total_time=34.9 min
[Iteration 10500] total_loss=0.0596, data_loss=0.0503, ref_loss=0.0511, physics_loss=1.5729E-01, it_time=0.0043 s total_time=35.1 min
Total avg
Relative error [Fluid] 76.5
Relative error [Bound] 80.6
Relative error [Core] 74.9
Absolute error [Fluid] 0.1454
Absolute error [Bound] 0.1465
Absolute error [Core] 0.1449
Absolute error [Non-F] 0.0000
R.M.S.   error [Fluid] 0.1683
R.M.S.   error [Bound] 0.1696
R.M.S.   error [Core] 0.1653
R.M.S.   error [Non-F] 0.0000
[Iteration 10550] total_loss=0.0599, data_loss=0.0504, ref_loss=0.0515, physics_loss=1.5795E-01, it_time=0.00442 s total_time=35.3 min
[Iteration 10600] total_loss=0.0592, data_loss=0.0500, ref_loss=0.0509, physics_loss=1.5635E-01, it_time=0.0043 s total_time=35.5 min
[Iteration 10650] total_loss=0.0605, data_loss=0.0499, ref_loss=0.0533, physics_loss=1.6276E-01, it_time=0.0043 s total_time=35.6 min
[Iteration 10700] total_loss=0.0583, data_loss=0.0487, ref_loss=0.0506, physics_loss=1.6113E-01, it_time=0.0043 s total_time=35.8 min
[Iteration 10750] total_loss=0.0592, data_loss=0.0500, ref_loss=0.0502, physics_loss=1.6190E-01, it_time=0.0043 s total_time=35.9 min
[Iteration 10800] total_loss=0.0583, data_loss=0.0493, ref_loss=0.0506, physics_loss=1.5389E-01, it_time=0.00431 s total_time=36.1 min
[Iteration 10850] total_loss=0.0598, data_loss=0.0507, ref_loss=0.0510, physics_loss=1.6245E-01, it_time=0.00433 s total_time=36.3 min
[Iteration 10900] total_loss=0.0583, data_loss=0.0494, ref_loss=0.0502, physics_loss=1.5617E-01, it_time=0.00429 s total_time=36.4 min
[Iteration 10950] total_loss=0.0606, data_loss=0.0513, ref_loss=0.0503, physics_loss=1.6020E-01, it_time=0.0043 s total_time=36.6 min
[Iteration 11000] total_loss=0.0583, data_loss=0.0487, ref_loss=0.0506, physics_loss=1.6161E-01, it_time=0.0043 s total_time=36.8 min
Total avg
Relative error [Fluid] 76.8
Relative error [Bound] 79.9
Relative error [Core] 75.5
Absolute error [Fluid] 0.1443
Absolute error [Bound] 0.1432
Absolute error [Core] 0.1447
Absolute error [Non-F] 0.0000
R.M.S.   error [Fluid] 0.1668
R.M.S.   error [Bound] 0.1670
R.M.S.   error [Core] 0.1645
R.M.S.   error [Non-F] 0.0000
[Iteration 11050] total_loss=0.0592, data_loss=0.0501, ref_loss=0.0509, physics_loss=1.6065E-01, it_time=0.00439 s total_time=37.0 min
[Iteration 11100] total_loss=0.0583, data_loss=0.0489, ref_loss=0.0502, physics_loss=1.6069E-01, it_time=0.00431 s total_time=37.1 min
[Iteration 11150] total_loss=0.0587, data_loss=0.0495, ref_loss=0.0502, physics_loss=1.6004E-01, it_time=0.00432 s total_time=37.3 min
[Iteration 11200] total_loss=0.0606, data_loss=0.0514, ref_loss=0.0512, physics_loss=1.6718E-01, it_time=0.00439 s total_time=37.5 min
[Iteration 11250] total_loss=0.0576, data_loss=0.0483, ref_loss=0.0496, physics_loss=1.5870E-01, it_time=0.0043 s total_time=37.6 min
[Iteration 11300] total_loss=0.0584, data_loss=0.0488, ref_loss=0.0512, physics_loss=1.6091E-01, it_time=0.00423 s total_time=37.8 min
[Iteration 11350] total_loss=0.0576, data_loss=0.0486, ref_loss=0.0495, physics_loss=1.5827E-01, it_time=0.00424 s total_time=38.0 min
[Iteration 11400] total_loss=0.0573, data_loss=0.0482, ref_loss=0.0490, physics_loss=1.5978E-01, it_time=0.00431 s total_time=38.1 min
[Iteration 11450] total_loss=0.0585, data_loss=0.0497, ref_loss=0.0489, physics_loss=1.6378E-01, it_time=0.00424 s total_time=38.3 min
[Iteration 11500] total_loss=0.0580, data_loss=0.0479, ref_loss=0.0503, physics_loss=1.6489E-01, it_time=0.00423 s total_time=38.4 min
Total avg
Relative error [Fluid] 76.5
Relative error [Bound] 80.5
Relative error [Core] 74.9
Absolute error [Fluid] 0.1436
Absolute error [Bound] 0.1446
Absolute error [Core] 0.1432
Absolute error [Non-F] 0.0000
R.M.S.   error [Fluid] 0.1668
R.M.S.   error [Bound] 0.1690
R.M.S.   error [Core] 0.1634
R.M.S.   error [Non-F] 0.0000
[Iteration 11550] total_loss=0.0575, data_loss=0.0485, ref_loss=0.0479, physics_loss=1.5953E-01, it_time=0.00595 s total_time=38.6 min
[Iteration 11600] total_loss=0.0578, data_loss=0.0485, ref_loss=0.0486, physics_loss=1.5866E-01, it_time=0.00439 s total_time=38.8 min
[Iteration 11650] total_loss=0.0588, data_loss=0.0499, ref_loss=0.0487, physics_loss=1.6132E-01, it_time=0.00428 s total_time=39.0 min
[Iteration 11700] total_loss=0.0582, data_loss=0.0481, ref_loss=0.0495, physics_loss=1.6248E-01, it_time=0.00429 s total_time=39.1 min
[Iteration 11750] total_loss=0.0577, data_loss=0.0484, ref_loss=0.0497, physics_loss=1.5819E-01, it_time=0.0043 s total_time=39.3 min
[Iteration 11800] total_loss=0.0574, data_loss=0.0482, ref_loss=0.0480, physics_loss=1.6248E-01, it_time=0.00431 s total_time=39.5 min
[Iteration 11850] total_loss=0.0566, data_loss=0.0471, ref_loss=0.0489, physics_loss=1.5891E-01, it_time=0.00429 s total_time=39.6 min
[Iteration 11900] total_loss=0.0572, data_loss=0.0485, ref_loss=0.0491, physics_loss=1.5830E-01, it_time=0.00429 s total_time=39.8 min
[Iteration 11950] total_loss=0.0580, data_loss=0.0487, ref_loss=0.0489, physics_loss=1.6229E-01, it_time=0.00429 s total_time=40.0 min
[Iteration 12000] total_loss=0.0572, data_loss=0.0477, ref_loss=0.0484, physics_loss=1.6199E-01, it_time=0.00429 s total_time=40.1 min
Total avg
Relative error [Fluid] 75.9
Relative error [Bound] 79.0
Relative error [Core] 74.6
Absolute error [Fluid] 0.1415
Absolute error [Bound] 0.1402
Absolute error [Core] 0.1420
Absolute error [Non-F] 0.0000
R.M.S.   error [Fluid] 0.1638
R.M.S.   error [Bound] 0.1639
R.M.S.   error [Core] 0.1615
R.M.S.   error [Non-F] 0.0000
[Iteration 12050] total_loss=0.0575, data_loss=0.0484, ref_loss=0.0492, physics_loss=1.6143E-01, it_time=0.0044 s total_time=40.3 min
[Iteration 12100] total_loss=0.0562, data_loss=0.0470, ref_loss=0.0480, physics_loss=1.5926E-01, it_time=0.0044 s total_time=40.5 min
[Iteration 12150] total_loss=0.0567, data_loss=0.0478, ref_loss=0.0483, physics_loss=1.5613E-01, it_time=0.0043 s total_time=40.7 min
[Iteration 12200] total_loss=0.0568, data_loss=0.0480, ref_loss=0.0482, physics_loss=1.5960E-01, it_time=0.0043 s total_time=40.8 min
[Iteration 12250] total_loss=0.0567, data_loss=0.0474, ref_loss=0.0490, physics_loss=1.5974E-01, it_time=0.0043 s total_time=41.0 min
[Iteration 12300] total_loss=0.0562, data_loss=0.0467, ref_loss=0.0480, physics_loss=1.6505E-01, it_time=0.00431 s total_time=41.1 min
[Iteration 12350] total_loss=0.0568, data_loss=0.0470, ref_loss=0.0484, physics_loss=1.6494E-01, it_time=0.0043 s total_time=41.3 min
[Iteration 12400] total_loss=0.0560, data_loss=0.0465, ref_loss=0.0487, physics_loss=1.5606E-01, it_time=0.0043 s total_time=41.5 min
[Iteration 12450] total_loss=0.0561, data_loss=0.0470, ref_loss=0.0484, physics_loss=1.5920E-01, it_time=0.00431 s total_time=41.6 min
[Iteration 12500] total_loss=0.0574, data_loss=0.0478, ref_loss=0.0481, physics_loss=1.6367E-01, it_time=0.00431 s total_time=41.8 min
Total avg
Relative error [Fluid] 76.3
Relative error [Bound] 80.4
Relative error [Core] 74.6
Absolute error [Fluid] 0.1419
Absolute error [Bound] 0.1419
Absolute error [Core] 0.1419
Absolute error [Non-F] 0.0000
R.M.S.   error [Fluid] 0.1644
R.M.S.   error [Bound] 0.1653
R.M.S.   error [Core] 0.1617
R.M.S.   error [Non-F] 0.0000
[Iteration 12550] total_loss=0.0556, data_loss=0.0466, ref_loss=0.0474, physics_loss=1.5722E-01, it_time=0.00429 s total_time=42.0 min
[Iteration 12600] total_loss=0.0558, data_loss=0.0461, ref_loss=0.0482, physics_loss=1.6436E-01, it_time=0.00429 s total_time=42.2 min
[Iteration 12650] total_loss=0.0564, data_loss=0.0472, ref_loss=0.0469, physics_loss=1.6219E-01, it_time=0.00579 s total_time=42.3 min
[Iteration 12700] total_loss=0.0586, data_loss=0.0484, ref_loss=0.0480, physics_loss=1.6281E-01, it_time=0.0043 s total_time=42.5 min
[Iteration 12750] total_loss=0.0558, data_loss=0.0467, ref_loss=0.0474, physics_loss=1.6380E-01, it_time=0.00428 s total_time=42.7 min
[Iteration 12800] total_loss=0.0556, data_loss=0.0464, ref_loss=0.0478, physics_loss=1.5883E-01, it_time=0.00429 s total_time=42.8 min
[Iteration 12850] total_loss=0.0562, data_loss=0.0463, ref_loss=0.0492, physics_loss=1.6168E-01, it_time=0.00428 s total_time=43.0 min
[Iteration 12900] total_loss=0.0574, data_loss=0.0482, ref_loss=0.0489, physics_loss=1.6204E-01, it_time=0.00429 s total_time=43.1 min
[Iteration 12950] total_loss=0.0559, data_loss=0.0466, ref_loss=0.0466, physics_loss=1.6181E-01, it_time=0.00428 s total_time=43.3 min
[Iteration 13000] total_loss=0.0553, data_loss=0.0460, ref_loss=0.0475, physics_loss=1.6251E-01, it_time=0.00429 s total_time=43.5 min
Total avg
Relative error [Fluid] 75.2
Relative error [Bound] 79.6
Relative error [Core] 73.4
Absolute error [Fluid] 0.1401
Absolute error [Bound] 0.1411
Absolute error [Core] 0.1397
Absolute error [Non-F] 0.0000
R.M.S.   error [Fluid] 0.1625
R.M.S.   error [Bound] 0.1640
R.M.S.   error [Core] 0.1595
R.M.S.   error [Non-F] 0.0000
[Iteration 13050] total_loss=0.0562, data_loss=0.0474, ref_loss=0.0475, physics_loss=1.5752E-01, it_time=0.00441 s total_time=43.7 min
[Iteration 13100] total_loss=0.0567, data_loss=0.0465, ref_loss=0.0486, physics_loss=1.6579E-01, it_time=0.00424 s total_time=43.8 min
[Iteration 13150] total_loss=0.0553, data_loss=0.0460, ref_loss=0.0470, physics_loss=1.5840E-01, it_time=0.00424 s total_time=44.0 min
[Iteration 13200] total_loss=0.0555, data_loss=0.0465, ref_loss=0.0462, physics_loss=1.5991E-01, it_time=0.00433 s total_time=44.2 min
[Iteration 13250] total_loss=0.0554, data_loss=0.0462, ref_loss=0.0463, physics_loss=1.6160E-01, it_time=0.00423 s total_time=44.3 min
[Iteration 13300] total_loss=0.0549, data_loss=0.0457, ref_loss=0.0464, physics_loss=1.6030E-01, it_time=0.00433 s total_time=44.5 min
[Iteration 13350] total_loss=0.0579, data_loss=0.0485, ref_loss=0.0488, physics_loss=1.6946E-01, it_time=0.00424 s total_time=44.6 min
[Iteration 13400] total_loss=0.0563, data_loss=0.0471, ref_loss=0.0466, physics_loss=1.6615E-01, it_time=0.00427 s total_time=44.8 min
[Iteration 13450] total_loss=0.0546, data_loss=0.0450, ref_loss=0.0478, physics_loss=1.6290E-01, it_time=0.00432 s total_time=45.0 min
[Iteration 13500] total_loss=0.0555, data_loss=0.0461, ref_loss=0.0476, physics_loss=1.6594E-01, it_time=0.00429 s total_time=45.1 min
Total avg
Relative error [Fluid] 76.3
Relative error [Bound] 80.5
Relative error [Core] 74.6
Absolute error [Fluid] 0.1428
Absolute error [Bound] 0.1416
Absolute error [Core] 0.1432
Absolute error [Non-F] 0.0000
R.M.S.   error [Fluid] 0.1648
R.M.S.   error [Bound] 0.1652
R.M.S.   error [Core] 0.1626
R.M.S.   error [Non-F] 0.0000
[Iteration 13550] total_loss=0.0559, data_loss=0.0462, ref_loss=0.0477, physics_loss=1.6154E-01, it_time=0.00429 s total_time=45.3 min
[Iteration 13600] total_loss=0.0551, data_loss=0.0459, ref_loss=0.0461, physics_loss=1.6413E-01, it_time=0.0043 s total_time=45.5 min
[Iteration 13650] total_loss=0.0544, data_loss=0.0455, ref_loss=0.0474, physics_loss=1.6029E-01, it_time=0.0043 s total_time=45.7 min
[Iteration 13700] total_loss=0.0572, data_loss=0.0482, ref_loss=0.0474, physics_loss=1.6015E-01, it_time=0.00429 s total_time=45.8 min
[Iteration 13750] total_loss=0.0553, data_loss=0.0463, ref_loss=0.0458, physics_loss=1.6121E-01, it_time=0.00517 s total_time=46.0 min
[Iteration 13800] total_loss=0.0542, data_loss=0.0450, ref_loss=0.0462, physics_loss=1.6210E-01, it_time=0.0043 s total_time=46.2 min
[Iteration 13850] total_loss=0.0543, data_loss=0.0451, ref_loss=0.0469, physics_loss=1.6216E-01, it_time=0.00424 s total_time=46.3 min
[Iteration 13900] total_loss=0.0548, data_loss=0.0458, ref_loss=0.0473, physics_loss=1.6243E-01, it_time=0.00424 s total_time=46.5 min
[Iteration 13950] total_loss=0.0550, data_loss=0.0452, ref_loss=0.0461, physics_loss=1.6541E-01, it_time=0.00425 s total_time=46.6 min
[Iteration 14000] total_loss=0.0547, data_loss=0.0454, ref_loss=0.0463, physics_loss=1.6783E-01, it_time=0.00424 s total_time=46.8 min
Total avg
Relative error [Fluid] 74.7
Relative error [Bound] 79.2
Relative error [Core] 72.9
Absolute error [Fluid] 0.1398
Absolute error [Bound] 0.1409
Absolute error [Core] 0.1394
Absolute error [Non-F] 0.0000
R.M.S.   error [Fluid] 0.1619
R.M.S.   error [Bound] 0.1635
R.M.S.   error [Core] 0.1591
R.M.S.   error [Non-F] 0.0000
[Iteration 14050] total_loss=0.0546, data_loss=0.0453, ref_loss=0.0464, physics_loss=1.6203E-01, it_time=0.00432 s total_time=47.0 min
[Iteration 14100] total_loss=0.0547, data_loss=0.0452, ref_loss=0.0467, physics_loss=1.6376E-01, it_time=0.00431 s total_time=47.2 min
[Iteration 14150] total_loss=0.0557, data_loss=0.0464, ref_loss=0.0460, physics_loss=1.6720E-01, it_time=0.00434 s total_time=47.3 min
[Iteration 14200] total_loss=0.0587, data_loss=0.0491, ref_loss=0.0475, physics_loss=1.6874E-01, it_time=0.00428 s total_time=47.5 min
[Iteration 14250] total_loss=0.0550, data_loss=0.0460, ref_loss=0.0460, physics_loss=1.6465E-01, it_time=0.00425 s total_time=47.6 min
[Iteration 14300] total_loss=0.0551, data_loss=0.0459, ref_loss=0.0457, physics_loss=1.6315E-01, it_time=0.00427 s total_time=47.8 min
[Iteration 14350] total_loss=0.0549, data_loss=0.0453, ref_loss=0.0472, physics_loss=1.6313E-01, it_time=0.00427 s total_time=48.0 min
[Iteration 14400] total_loss=0.0558, data_loss=0.0463, ref_loss=0.0475, physics_loss=1.6439E-01, it_time=0.00427 s total_time=48.1 min
[Iteration 14450] total_loss=0.0550, data_loss=0.0460, ref_loss=0.0458, physics_loss=1.6145E-01, it_time=0.00426 s total_time=48.3 min
[Iteration 14500] total_loss=0.0547, data_loss=0.0454, ref_loss=0.0463, physics_loss=1.5881E-01, it_time=0.00424 s total_time=48.4 min
Total avg
Relative error [Fluid] 75.1
Relative error [Bound] 78.4
Relative error [Core] 73.7
Absolute error [Fluid] 0.1384
Absolute error [Bound] 0.1378
Absolute error [Core] 0.1387
Absolute error [Non-F] 0.0000
R.M.S.   error [Fluid] 0.1608
R.M.S.   error [Bound] 0.1621
R.M.S.   error [Core] 0.1580
R.M.S.   error [Non-F] 0.0000
[Iteration 14550] total_loss=0.0556, data_loss=0.0460, ref_loss=0.0472, physics_loss=1.6921E-01, it_time=0.00443 s total_time=48.6 min
[Iteration 14600] total_loss=0.0545, data_loss=0.0450, ref_loss=0.0461, physics_loss=1.6266E-01, it_time=0.00449 s total_time=48.8 min
[Iteration 14650] total_loss=0.0539, data_loss=0.0452, ref_loss=0.0457, physics_loss=1.6158E-01, it_time=0.0043 s total_time=49.0 min
[Iteration 14700] total_loss=0.0536, data_loss=0.0449, ref_loss=0.0445, physics_loss=1.6370E-01, it_time=0.00433 s total_time=49.1 min
[Iteration 14750] total_loss=0.0542, data_loss=0.0455, ref_loss=0.0450, physics_loss=1.6229E-01, it_time=0.00436 s total_time=49.3 min
[Iteration 14800] total_loss=0.0543, data_loss=0.0453, ref_loss=0.0465, physics_loss=1.6174E-01, it_time=0.00432 s total_time=49.5 min
[Iteration 14850] total_loss=0.0548, data_loss=0.0460, ref_loss=0.0456, physics_loss=1.6247E-01, it_time=0.00429 s total_time=49.6 min
[Iteration 14900] total_loss=0.0555, data_loss=0.0459, ref_loss=0.0463, physics_loss=1.6503E-01, it_time=0.00431 s total_time=49.8 min
[Iteration 14950] total_loss=0.0539, data_loss=0.0447, ref_loss=0.0451, physics_loss=1.6141E-01, it_time=0.00431 s total_time=50.0 min
[Iteration 15000] total_loss=0.0547, data_loss=0.0453, ref_loss=0.0472, physics_loss=1.6525E-01, it_time=0.00433 s total_time=50.1 min
Total avg
Relative error [Fluid] 74.5
Relative error [Bound] 77.9
Relative error [Core] 73.2
Absolute error [Fluid] 0.1379
Absolute error [Bound] 0.1371
Absolute error [Core] 0.1382
Absolute error [Non-F] 0.0000
R.M.S.   error [Fluid] 0.1602
R.M.S.   error [Bound] 0.1609
R.M.S.   error [Core] 0.1577
R.M.S.   error [Non-F] 0.0000
Checkpoint saved to ../models/260522_Aomodel_Healthy_4dsim_V250_n6_VanillaPINN_NOFF_2/260522_Aomodel_Healthy_4dsim_V250_n6_VanillaPINN_NOFF_2_FFN_1t_20260522-2337/checkpoints/260522_Aomodel_Healthy_4dsim_V250_n6_VanillaPINN_NOFF_2_FFN_1t_it15000.pth
[Iteration 15050] total_loss=0.0536, data_loss=0.0445, ref_loss=0.0450, physics_loss=1.6333E-01, it_time=0.00445 s total_time=50.3 min
[Iteration 15100] total_loss=0.0541, data_loss=0.0448, ref_loss=0.0450, physics_loss=1.6357E-01, it_time=0.00431 s total_time=50.5 min
[Iteration 15150] total_loss=0.0538, data_loss=0.0445, ref_loss=0.0462, physics_loss=1.6371E-01, it_time=0.00433 s total_time=50.7 min
[Iteration 15200] total_loss=0.0540, data_loss=0.0449, ref_loss=0.0464, physics_loss=1.6235E-01, it_time=0.00432 s total_time=50.8 min
[Iteration 15250] total_loss=0.0546, data_loss=0.0454, ref_loss=0.0452, physics_loss=1.6636E-01, it_time=0.0043 s total_time=51.0 min
[Iteration 15300] total_loss=0.0538, data_loss=0.0447, ref_loss=0.0451, physics_loss=1.6426E-01, it_time=0.0043 s total_time=51.1 min
[Iteration 15350] total_loss=0.0544, data_loss=0.0452, ref_loss=0.0454, physics_loss=1.6878E-01, it_time=0.0043 s total_time=51.3 min
[Iteration 15400] total_loss=0.0543, data_loss=0.0448, ref_loss=0.0451, physics_loss=1.6647E-01, it_time=0.00429 s total_time=51.5 min
[Iteration 15450] total_loss=0.0541, data_loss=0.0450, ref_loss=0.0449, physics_loss=1.6424E-01, it_time=0.00432 s total_time=51.6 min
[Iteration 15500] total_loss=0.0534, data_loss=0.0444, ref_loss=0.0442, physics_loss=1.6237E-01, it_time=0.00429 s total_time=51.8 min
Total avg
Relative error [Fluid] 73.6
Relative error [Bound] 77.1
Relative error [Core] 72.2
Absolute error [Fluid] 0.1359
Absolute error [Bound] 0.1345
Absolute error [Core] 0.1365
Absolute error [Non-F] 0.0000
R.M.S.   error [Fluid] 0.1576
R.M.S.   error [Bound] 0.1574
R.M.S.   error [Core] 0.1556
R.M.S.   error [Non-F] 0.0000
[Iteration 15550] total_loss=0.0535, data_loss=0.0445, ref_loss=0.0451, physics_loss=1.6473E-01, it_time=0.00444 s total_time=52.0 min
[Iteration 15600] total_loss=0.0547, data_loss=0.0451, ref_loss=0.0458, physics_loss=1.6971E-01, it_time=0.00448 s total_time=52.2 min
[Iteration 15650] total_loss=0.0534, data_loss=0.0444, ref_loss=0.0445, physics_loss=1.6444E-01, it_time=0.00446 s total_time=52.3 min
[Iteration 15700] total_loss=0.0541, data_loss=0.0450, ref_loss=0.0450, physics_loss=1.6800E-01, it_time=0.00432 s total_time=52.5 min
[Iteration 15750] total_loss=0.0531, data_loss=0.0443, ref_loss=0.0451, physics_loss=1.6746E-01, it_time=0.00432 s total_time=52.7 min
[Iteration 15800] total_loss=0.0564, data_loss=0.0471, ref_loss=0.0459, physics_loss=1.6963E-01, it_time=0.00432 s total_time=52.8 min
[Iteration 15850] total_loss=0.0537, data_loss=0.0449, ref_loss=0.0441, physics_loss=1.6331E-01, it_time=0.0043 s total_time=53.0 min
[Iteration 15900] total_loss=0.0534, data_loss=0.0440, ref_loss=0.0449, physics_loss=1.6577E-01, it_time=0.00433 s total_time=53.1 min
[Iteration 15950] total_loss=0.0544, data_loss=0.0448, ref_loss=0.0445, physics_loss=1.6258E-01, it_time=0.00434 s total_time=53.3 min
[Iteration 16000] total_loss=0.0538, data_loss=0.0448, ref_loss=0.0444, physics_loss=1.6785E-01, it_time=0.00431 s total_time=53.5 min
Total avg
Relative error [Fluid] 73.9
Relative error [Bound] 77.4
Relative error [Core] 72.5
Absolute error [Fluid] 0.1358
Absolute error [Bound] 0.1351
Absolute error [Core] 0.1361
Absolute error [Non-F] 0.0000
R.M.S.   error [Fluid] 0.1579
R.M.S.   error [Bound] 0.1575
R.M.S.   error [Core] 0.1557
R.M.S.   error [Non-F] 0.0000
[Iteration 16050] total_loss=0.0531, data_loss=0.0438, ref_loss=0.0443, physics_loss=1.6154E-01, it_time=0.0044 s total_time=53.7 min
[Iteration 16100] total_loss=0.0539, data_loss=0.0445, ref_loss=0.0462, physics_loss=1.6717E-01, it_time=0.00441 s total_time=53.8 min
[Iteration 16150] total_loss=0.0533, data_loss=0.0445, ref_loss=0.0445, physics_loss=1.6291E-01, it_time=0.00441 s total_time=54.0 min
[Iteration 16200] total_loss=0.0545, data_loss=0.0450, ref_loss=0.0446, physics_loss=1.6637E-01, it_time=0.00442 s total_time=54.2 min
[Iteration 16250] total_loss=0.0540, data_loss=0.0448, ref_loss=0.0444, physics_loss=1.6231E-01, it_time=0.00439 s total_time=54.3 min
[Iteration 16300] total_loss=0.0527, data_loss=0.0437, ref_loss=0.0443, physics_loss=1.6373E-01, it_time=0.00442 s total_time=54.5 min
[Iteration 16350] total_loss=0.0553, data_loss=0.0458, ref_loss=0.0452, physics_loss=1.6528E-01, it_time=0.00432 s total_time=54.7 min
[Iteration 16400] total_loss=0.0536, data_loss=0.0447, ref_loss=0.0440, physics_loss=1.6351E-01, it_time=0.0043 s total_time=54.8 min
[Iteration 16450] total_loss=0.0534, data_loss=0.0441, ref_loss=0.0444, physics_loss=1.6478E-01, it_time=0.00574 s total_time=55.0 min
[Iteration 16500] total_loss=0.0541, data_loss=0.0445, ref_loss=0.0447, physics_loss=1.6553E-01, it_time=0.00428 s total_time=55.2 min
Total avg
Relative error [Fluid] 74.4
Relative error [Bound] 78.0
Relative error [Core] 72.9
Absolute error [Fluid] 0.1370
Absolute error [Bound] 0.1359
Absolute error [Core] 0.1375
Absolute error [Non-F] 0.0000
R.M.S.   error [Fluid] 0.1590
R.M.S.   error [Bound] 0.1600
R.M.S.   error [Core] 0.1565
R.M.S.   error [Non-F] 0.0000
[Iteration 16550] total_loss=0.0537, data_loss=0.0442, ref_loss=0.0448, physics_loss=1.6526E-01, it_time=0.00438 s total_time=55.4 min
[Iteration 16600] total_loss=0.0532, data_loss=0.0441, ref_loss=0.0445, physics_loss=1.6454E-01, it_time=0.00442 s total_time=55.5 min
[Iteration 16650] total_loss=0.0530, data_loss=0.0438, ref_loss=0.0445, physics_loss=1.6517E-01, it_time=0.00431 s total_time=55.7 min
[Iteration 16700] total_loss=0.0537, data_loss=0.0445, ref_loss=0.0442, physics_loss=1.6196E-01, it_time=0.00435 s total_time=55.9 min
[Iteration 16750] total_loss=0.0542, data_loss=0.0447, ref_loss=0.0448, physics_loss=1.6356E-01, it_time=0.00429 s total_time=56.0 min
[Iteration 16800] total_loss=0.0551, data_loss=0.0451, ref_loss=0.0464, physics_loss=1.6965E-01, it_time=0.00428 s total_time=56.2 min
[Iteration 16850] total_loss=0.0531, data_loss=0.0440, ref_loss=0.0444, physics_loss=1.6738E-01, it_time=0.00431 s total_time=56.4 min
[Iteration 16900] total_loss=0.0533, data_loss=0.0442, ref_loss=0.0445, physics_loss=1.6590E-01, it_time=0.00431 s total_time=56.5 min
[Iteration 16950] total_loss=0.0529, data_loss=0.0441, ref_loss=0.0447, physics_loss=1.6425E-01, it_time=0.00429 s total_time=56.7 min
[Iteration 17000] total_loss=0.0525, data_loss=0.0438, ref_loss=0.0439, physics_loss=1.6410E-01, it_time=0.00429 s total_time=56.8 min
Total avg
Relative error [Fluid] 73.4
Relative error [Bound] 77.4
Relative error [Core] 71.8
Absolute error [Fluid] 0.1350
Absolute error [Bound] 0.1346
Absolute error [Core] 0.1351
Absolute error [Non-F] 0.0000
R.M.S.   error [Fluid] 0.1569
R.M.S.   error [Bound] 0.1572
R.M.S.   error [Core] 0.1545
R.M.S.   error [Non-F] 0.0000
[Iteration 17050] total_loss=0.0534, data_loss=0.0448, ref_loss=0.0453, physics_loss=1.6342E-01, it_time=0.00441 s total_time=57.0 min
[Iteration 17100] total_loss=0.0541, data_loss=0.0452, ref_loss=0.0441, physics_loss=1.6896E-01, it_time=0.0043 s total_time=57.2 min
[Iteration 17150] total_loss=0.0525, data_loss=0.0431, ref_loss=0.0440, physics_loss=1.6687E-01, it_time=0.00429 s total_time=57.4 min
[Iteration 17200] total_loss=0.0547, data_loss=0.0445, ref_loss=0.0450, physics_loss=1.6774E-01, it_time=0.0043 s total_time=57.5 min
[Iteration 17250] total_loss=0.0527, data_loss=0.0437, ref_loss=0.0444, physics_loss=1.6698E-01, it_time=0.00431 s total_time=57.7 min
[Iteration 17300] total_loss=0.0547, data_loss=0.0449, ref_loss=0.0449, physics_loss=1.6679E-01, it_time=0.00429 s total_time=57.9 min
[Iteration 17350] total_loss=0.0530, data_loss=0.0436, ref_loss=0.0440, physics_loss=1.6620E-01, it_time=0.0043 s total_time=58.0 min
[Iteration 17400] total_loss=0.0527, data_loss=0.0435, ref_loss=0.0435, physics_loss=1.6668E-01, it_time=0.0043 s total_time=58.2 min
[Iteration 17450] total_loss=0.0527, data_loss=0.0433, ref_loss=0.0440, physics_loss=1.6945E-01, it_time=0.00433 s total_time=58.4 min
[Iteration 17500] total_loss=0.0533, data_loss=0.0438, ref_loss=0.0446, physics_loss=1.6760E-01, it_time=0.0043 s total_time=58.5 min
Total avg
Relative error [Fluid] 73.8
Relative error [Bound] 77.5
Relative error [Core] 72.3
Absolute error [Fluid] 0.1351
Absolute error [Bound] 0.1348
Absolute error [Core] 0.1352
Absolute error [Non-F] 0.0000
R.M.S.   error [Fluid] 0.1569
R.M.S.   error [Bound] 0.1575
R.M.S.   error [Core] 0.1542
R.M.S.   error [Non-F] 0.0000
[Iteration 17550] total_loss=0.0522, data_loss=0.0432, ref_loss=0.0432, physics_loss=1.6566E-01, it_time=0.00469 s total_time=58.7 min
[Iteration 17600] total_loss=0.0527, data_loss=0.0439, ref_loss=0.0432, physics_loss=1.6525E-01, it_time=0.00429 s total_time=58.9 min
[Iteration 17650] total_loss=0.0526, data_loss=0.0435, ref_loss=0.0440, physics_loss=1.6752E-01, it_time=0.00431 s total_time=59.1 min
[Iteration 17700] total_loss=0.0523, data_loss=0.0432, ref_loss=0.0443, physics_loss=1.6366E-01, it_time=0.00432 s total_time=59.2 min
[Iteration 17750] total_loss=0.0521, data_loss=0.0430, ref_loss=0.0445, physics_loss=1.6151E-01, it_time=0.00431 s total_time=59.4 min
[Iteration 17800] total_loss=0.0530, data_loss=0.0438, ref_loss=0.0435, physics_loss=1.6659E-01, it_time=0.0043 s total_time=59.5 min
[Iteration 17850] total_loss=0.0529, data_loss=0.0434, ref_loss=0.0438, physics_loss=1.6608E-01, it_time=0.00432 s total_time=59.7 min
[Iteration 17900] total_loss=0.0522, data_loss=0.0429, ref_loss=0.0444, physics_loss=1.6638E-01, it_time=0.0043 s total_time=59.9 min
[Iteration 17950] total_loss=0.0535, data_loss=0.0443, ref_loss=0.0435, physics_loss=1.6771E-01, it_time=0.0043 s total_time=60.0 min
[Iteration 18000] total_loss=0.0523, data_loss=0.0436, ref_loss=0.0435, physics_loss=1.6136E-01, it_time=0.0043 s total_time=60.2 min
Total avg
Relative error [Fluid] 72.8
Relative error [Bound] 77.1
Relative error [Core] 71.1
Absolute error [Fluid] 0.1340
Absolute error [Bound] 0.1340
Absolute error [Core] 0.1339
Absolute error [Non-F] 0.0000
R.M.S.   error [Fluid] 0.1556
R.M.S.   error [Bound] 0.1559
R.M.S.   error [Core] 0.1533
R.M.S.   error [Non-F] 0.0000
[Iteration 18050] total_loss=0.0520, data_loss=0.0429, ref_loss=0.0437, physics_loss=1.6364E-01, it_time=0.00442 s total_time=60.4 min
[Iteration 18100] total_loss=0.0529, data_loss=0.0439, ref_loss=0.0445, physics_loss=1.6821E-01, it_time=0.00443 s total_time=60.6 min
[Iteration 18150] total_loss=0.0536, data_loss=0.0445, ref_loss=0.0432, physics_loss=1.7192E-01, it_time=0.00442 s total_time=60.7 min
[Iteration 18200] total_loss=0.0525, data_loss=0.0434, ref_loss=0.0437, physics_loss=1.6796E-01, it_time=0.00441 s total_time=60.9 min
[Iteration 18250] total_loss=0.0561, data_loss=0.0459, ref_loss=0.0457, physics_loss=1.6982E-01, it_time=0.00429 s total_time=61.1 min
[Iteration 18300] total_loss=0.0520, data_loss=0.0430, ref_loss=0.0432, physics_loss=1.6413E-01, it_time=0.0043 s total_time=61.2 min
[Iteration 18350] total_loss=0.0527, data_loss=0.0440, ref_loss=0.0426, physics_loss=1.6472E-01, it_time=0.0043 s total_time=61.4 min
[Iteration 18400] total_loss=0.0523, data_loss=0.0434, ref_loss=0.0438, physics_loss=1.6320E-01, it_time=0.00431 s total_time=61.6 min
[Iteration 18450] total_loss=0.0523, data_loss=0.0432, ref_loss=0.0433, physics_loss=1.6476E-01, it_time=0.0043 s total_time=61.7 min
[Iteration 18500] total_loss=0.0518, data_loss=0.0427, ref_loss=0.0430, physics_loss=1.6426E-01, it_time=0.0043 s total_time=61.9 min
Total avg
Relative error [Fluid] 72.7
Relative error [Bound] 76.4
Relative error [Core] 71.1
Absolute error [Fluid] 0.1334
Absolute error [Bound] 0.1325
Absolute error [Core] 0.1338
Absolute error [Non-F] 0.0000
R.M.S.   error [Fluid] 0.1551
R.M.S.   error [Bound] 0.1551
R.M.S.   error [Core] 0.1529
R.M.S.   error [Non-F] 0.0000
[Iteration 18550] total_loss=0.0516, data_loss=0.0427, ref_loss=0.0424, physics_loss=1.6595E-01, it_time=0.00429 s total_time=62.1 min
[Iteration 18600] total_loss=0.0516, data_loss=0.0427, ref_loss=0.0426, physics_loss=1.6542E-01, it_time=0.00429 s total_time=62.3 min
[Iteration 18650] total_loss=0.0527, data_loss=0.0433, ref_loss=0.0435, physics_loss=1.6706E-01, it_time=0.00431 s total_time=62.4 min
[Iteration 18700] total_loss=0.0521, data_loss=0.0431, ref_loss=0.0440, physics_loss=1.6636E-01, it_time=0.00435 s total_time=62.6 min
[Iteration 18750] total_loss=0.0544, data_loss=0.0445, ref_loss=0.0447, physics_loss=1.6567E-01, it_time=0.00429 s total_time=62.7 min
[Iteration 18800] total_loss=0.0517, data_loss=0.0425, ref_loss=0.0424, physics_loss=1.6641E-01, it_time=0.00434 s total_time=62.9 min
[Iteration 18850] total_loss=0.0526, data_loss=0.0428, ref_loss=0.0434, physics_loss=1.6993E-01, it_time=0.00432 s total_time=63.1 min
[Iteration 18900] total_loss=0.0531, data_loss=0.0442, ref_loss=0.0426, physics_loss=1.6697E-01, it_time=0.00431 s total_time=63.2 min
[Iteration 18950] total_loss=0.0518, data_loss=0.0426, ref_loss=0.0421, physics_loss=1.7105E-01, it_time=0.0043 s total_time=63.4 min
[Iteration 19000] total_loss=0.0517, data_loss=0.0423, ref_loss=0.0438, physics_loss=1.6830E-01, it_time=0.00431 s total_time=63.6 min
Total avg
Relative error [Fluid] 72.9
Relative error [Bound] 76.7
Relative error [Core] 71.4
Absolute error [Fluid] 0.1337
Absolute error [Bound] 0.1329
Absolute error [Core] 0.1340
Absolute error [Non-F] 0.0000
R.M.S.   error [Fluid] 0.1555
R.M.S.   error [Bound] 0.1561
R.M.S.   error [Core] 0.1530
R.M.S.   error [Non-F] 0.0000
[Iteration 19050] total_loss=0.0525, data_loss=0.0434, ref_loss=0.0429, physics_loss=1.7030E-01, it_time=0.00441 s total_time=63.8 min
[Iteration 19100] total_loss=0.0524, data_loss=0.0435, ref_loss=0.0434, physics_loss=1.6546E-01, it_time=0.00442 s total_time=63.9 min
[Iteration 19150] total_loss=0.0523, data_loss=0.0430, ref_loss=0.0440, physics_loss=1.6867E-01, it_time=0.00441 s total_time=64.1 min
[Iteration 19200] total_loss=0.0525, data_loss=0.0436, ref_loss=0.0426, physics_loss=1.6384E-01, it_time=0.00441 s total_time=64.3 min
[Iteration 19250] total_loss=0.0517, data_loss=0.0423, ref_loss=0.0425, physics_loss=1.6836E-01, it_time=0.00433 s total_time=64.4 min
[Iteration 19300] total_loss=0.0520, data_loss=0.0429, ref_loss=0.0440, physics_loss=1.6370E-01, it_time=0.00433 s total_time=64.6 min
[Iteration 19350] total_loss=0.0516, data_loss=0.0426, ref_loss=0.0419, physics_loss=1.6777E-01, it_time=0.00433 s total_time=64.8 min
[Iteration 19400] total_loss=0.0516, data_loss=0.0426, ref_loss=0.0429, physics_loss=1.6470E-01, it_time=0.0043 s total_time=64.9 min
[Iteration 19450] total_loss=0.0527, data_loss=0.0438, ref_loss=0.0423, physics_loss=1.6589E-01, it_time=0.00429 s total_time=65.1 min
[Iteration 19500] total_loss=0.0526, data_loss=0.0431, ref_loss=0.0430, physics_loss=1.6609E-01, it_time=0.0043 s total_time=65.3 min
Total avg
Relative error [Fluid] 72.7
Relative error [Bound] 76.8
Relative error [Core] 71.1
Absolute error [Fluid] 0.1325
Absolute error [Bound] 0.1319
Absolute error [Core] 0.1328
Absolute error [Non-F] 0.0000
R.M.S.   error [Fluid] 0.1543
R.M.S.   error [Bound] 0.1545
R.M.S.   error [Core] 0.1518
R.M.S.   error [Non-F] 0.0000
[Iteration 19550] total_loss=0.0525, data_loss=0.0431, ref_loss=0.0436, physics_loss=1.7032E-01, it_time=0.00445 s total_time=65.5 min
[Iteration 19600] total_loss=0.0512, data_loss=0.0421, ref_loss=0.0423, physics_loss=1.6783E-01, it_time=0.00432 s total_time=65.6 min
[Iteration 19650] total_loss=0.0531, data_loss=0.0442, ref_loss=0.0436, physics_loss=1.6700E-01, it_time=0.0043 s total_time=65.8 min
[Iteration 19700] total_loss=0.0527, data_loss=0.0439, ref_loss=0.0418, physics_loss=1.6314E-01, it_time=0.0043 s total_time=66.0 min
[Iteration 19750] total_loss=0.0511, data_loss=0.0420, ref_loss=0.0427, physics_loss=1.6596E-01, it_time=0.0043 s total_time=66.1 min
[Iteration 19800] total_loss=0.0518, data_loss=0.0429, ref_loss=0.0418, physics_loss=1.6713E-01, it_time=0.0043 s total_time=66.3 min
[Iteration 19850] total_loss=0.0522, data_loss=0.0431, ref_loss=0.0429, physics_loss=1.6960E-01, it_time=0.00439 s total_time=66.4 min
[Iteration 19900] total_loss=0.0519, data_loss=0.0429, ref_loss=0.0422, physics_loss=1.6792E-01, it_time=0.00432 s total_time=66.6 min
[Iteration 19950] total_loss=0.0523, data_loss=0.0430, ref_loss=0.0428, physics_loss=1.6846E-01, it_time=0.00431 s total_time=66.8 min
[Iteration 20000] total_loss=0.0517, data_loss=0.0428, ref_loss=0.0429, physics_loss=1.6527E-01, it_time=0.00429 s total_time=66.9 min
Total avg
Relative error [Fluid] 72.5
Relative error [Bound] 75.9
Relative error [Core] 71.0
Absolute error [Fluid] 0.1323
Absolute error [Bound] 0.1305
Absolute error [Core] 0.1330
Absolute error [Non-F] 0.0000
R.M.S.   error [Fluid] 0.1537
R.M.S.   error [Bound] 0.1534
R.M.S.   error [Core] 0.1517
R.M.S.   error [Non-F] 0.0000
Checkpoint saved to ../models/260522_Aomodel_Healthy_4dsim_V250_n6_VanillaPINN_NOFF_2/260522_Aomodel_Healthy_4dsim_V250_n6_VanillaPINN_NOFF_2_FFN_1t_20260522-2337/checkpoints/260522_Aomodel_Healthy_4dsim_V250_n6_VanillaPINN_NOFF_2_FFN_1t_it20000.pth
[Iteration 20050] total_loss=0.0515, data_loss=0.0422, ref_loss=0.0423, physics_loss=1.6952E-01, it_time=0.00429 s total_time=67.1 min
[Iteration 20100] total_loss=0.0515, data_loss=0.0421, ref_loss=0.0427, physics_loss=1.6732E-01, it_time=0.00471 s total_time=67.3 min
[Iteration 20150] total_loss=0.0512, data_loss=0.0424, ref_loss=0.0430, physics_loss=1.6234E-01, it_time=0.00424 s total_time=67.5 min
[Iteration 20200] total_loss=0.0519, data_loss=0.0430, ref_loss=0.0423, physics_loss=1.6688E-01, it_time=0.00425 s total_time=67.6 min
[Iteration 20250] total_loss=0.0516, data_loss=0.0428, ref_loss=0.0417, physics_loss=1.6512E-01, it_time=0.00424 s total_time=67.8 min
[Iteration 20300] total_loss=0.0512, data_loss=0.0425, ref_loss=0.0419, physics_loss=1.6711E-01, it_time=0.00424 s total_time=67.9 min
[Iteration 20350] total_loss=0.0513, data_loss=0.0425, ref_loss=0.0423, physics_loss=1.6765E-01, it_time=0.00424 s total_time=68.1 min
[Iteration 20400] total_loss=0.0518, data_loss=0.0425, ref_loss=0.0433, physics_loss=1.6588E-01, it_time=0.00423 s total_time=68.3 min
[Iteration 20450] total_loss=0.0515, data_loss=0.0426, ref_loss=0.0422, physics_loss=1.6656E-01, it_time=0.00426 s total_time=68.4 min
[Iteration 20500] total_loss=0.0514, data_loss=0.0424, ref_loss=0.0415, physics_loss=1.6962E-01, it_time=0.00425 s total_time=68.6 min
Total avg
Relative error [Fluid] 72.0
Relative error [Bound] 76.1
Relative error [Core] 70.4
Absolute error [Fluid] 0.1318
Absolute error [Bound] 0.1311
Absolute error [Core] 0.1320
Absolute error [Non-F] 0.0000
R.M.S.   error [Fluid] 0.1530
R.M.S.   error [Bound] 0.1527
R.M.S.   error [Core] 0.1510
R.M.S.   error [Non-F] 0.0000
[Iteration 20550] total_loss=0.0507, data_loss=0.0418, ref_loss=0.0417, physics_loss=1.6394E-01, it_time=0.00424 s total_time=68.8 min
[Iteration 20600] total_loss=0.0508, data_loss=0.0419, ref_loss=0.0420, physics_loss=1.6703E-01, it_time=0.00426 s total_time=68.9 min
[Iteration 20650] total_loss=0.0512, data_loss=0.0423, ref_loss=0.0431, physics_loss=1.6829E-01, it_time=0.00424 s total_time=69.1 min
[Iteration 20700] total_loss=0.0517, data_loss=0.0426, ref_loss=0.0417, physics_loss=1.6833E-01, it_time=0.00424 s total_time=69.3 min
[Iteration 20750] total_loss=0.0516, data_loss=0.0425, ref_loss=0.0420, physics_loss=1.6805E-01, it_time=0.00424 s total_time=69.4 min
[Iteration 20800] total_loss=0.0513, data_loss=0.0422, ref_loss=0.0427, physics_loss=1.6790E-01, it_time=0.00425 s total_time=69.6 min
[Iteration 20850] total_loss=0.0515, data_loss=0.0423, ref_loss=0.0424, physics_loss=1.6817E-01, it_time=0.00476 s total_time=69.7 min
[Iteration 20900] total_loss=0.0511, data_loss=0.0421, ref_loss=0.0429, physics_loss=1.6872E-01, it_time=0.00424 s total_time=69.9 min
[Iteration 20950] total_loss=0.0512, data_loss=0.0420, ref_loss=0.0429, physics_loss=1.6999E-01, it_time=0.00424 s total_time=70.1 min
[Iteration 21000] total_loss=0.0512, data_loss=0.0423, ref_loss=0.0422, physics_loss=1.6508E-01, it_time=0.00426 s total_time=70.2 min
Total avg
Relative error [Fluid] 72.3
Relative error [Bound] 76.7
Relative error [Core] 70.6
Absolute error [Fluid] 0.1320
Absolute error [Bound] 0.1315
Absolute error [Core] 0.1321
Absolute error [Non-F] 0.0000
R.M.S.   error [Fluid] 0.1533
R.M.S.   error [Bound] 0.1532
R.M.S.   error [Core] 0.1511
R.M.S.   error [Non-F] 0.0000
[Iteration 21050] total_loss=0.0506, data_loss=0.0411, ref_loss=0.0424, physics_loss=1.7256E-01, it_time=0.0043 s total_time=70.4 min
[Iteration 21100] total_loss=0.0514, data_loss=0.0422, ref_loss=0.0417, physics_loss=1.6682E-01, it_time=0.00432 s total_time=70.6 min
[Iteration 21150] total_loss=0.0522, data_loss=0.0432, ref_loss=0.0423, physics_loss=1.6752E-01, it_time=0.00425 s total_time=70.7 min
[Iteration 21200] total_loss=0.0516, data_loss=0.0424, ref_loss=0.0429, physics_loss=1.7067E-01, it_time=0.00425 s total_time=70.9 min
[Iteration 21250] total_loss=0.0514, data_loss=0.0425, ref_loss=0.0424, physics_loss=1.6579E-01, it_time=0.00424 s total_time=71.1 min
[Iteration 21300] total_loss=0.0511, data_loss=0.0420, ref_loss=0.0416, physics_loss=1.7178E-01, it_time=0.00425 s total_time=71.2 min
[Iteration 21350] total_loss=0.0526, data_loss=0.0426, ref_loss=0.0428, physics_loss=1.7284E-01, it_time=0.00424 s total_time=71.4 min
[Iteration 21400] total_loss=0.0512, data_loss=0.0420, ref_loss=0.0413, physics_loss=1.6690E-01, it_time=0.00424 s total_time=71.6 min
[Iteration 21450] total_loss=0.0511, data_loss=0.0418, ref_loss=0.0421, physics_loss=1.6680E-01, it_time=0.00424 s total_time=71.7 min
[Iteration 21500] total_loss=0.0508, data_loss=0.0422, ref_loss=0.0415, physics_loss=1.6657E-01, it_time=0.00426 s total_time=71.9 min
Total avg
Relative error [Fluid] 71.8
Relative error [Bound] 75.6
Relative error [Core] 70.2
Absolute error [Fluid] 0.1313
Absolute error [Bound] 0.1297
Absolute error [Core] 0.1319
Absolute error [Non-F] 0.0000
R.M.S.   error [Fluid] 0.1524
R.M.S.   error [Bound] 0.1516
R.M.S.   error [Core] 0.1507
R.M.S.   error [Non-F] 0.0000
[Iteration 21550] total_loss=0.0511, data_loss=0.0420, ref_loss=0.0422, physics_loss=1.6803E-01, it_time=0.0043 s total_time=72.1 min
[Iteration 21600] total_loss=0.0510, data_loss=0.0421, ref_loss=0.0419, physics_loss=1.6924E-01, it_time=0.00469 s total_time=72.2 min
[Iteration 21650] total_loss=0.0520, data_loss=0.0425, ref_loss=0.0423, physics_loss=1.6936E-01, it_time=0.00429 s total_time=72.4 min
[Iteration 21700] total_loss=0.0510, data_loss=0.0420, ref_loss=0.0418, physics_loss=1.6750E-01, it_time=0.00431 s total_time=72.6 min
[Iteration 21750] total_loss=0.0512, data_loss=0.0422, ref_loss=0.0419, physics_loss=1.6528E-01, it_time=0.00423 s total_time=72.7 min
[Iteration 21800] total_loss=0.0508, data_loss=0.0420, ref_loss=0.0409, physics_loss=1.6726E-01, it_time=0.00426 s total_time=72.9 min
[Iteration 21850] total_loss=0.0509, data_loss=0.0419, ref_loss=0.0413, physics_loss=1.6914E-01, it_time=0.00425 s total_time=73.0 min
[Iteration 21900] total_loss=0.0529, data_loss=0.0432, ref_loss=0.0421, physics_loss=1.6895E-01, it_time=0.00425 s total_time=73.2 min
[Iteration 21950] total_loss=0.0510, data_loss=0.0421, ref_loss=0.0420, physics_loss=1.6957E-01, it_time=0.00479 s total_time=73.4 min
[Iteration 22000] total_loss=0.0502, data_loss=0.0410, ref_loss=0.0417, physics_loss=1.6694E-01, it_time=0.00425 s total_time=73.5 min
Total avg
Relative error [Fluid] 71.8
Relative error [Bound] 75.5
Relative error [Core] 70.2
Absolute error [Fluid] 0.1309
Absolute error [Bound] 0.1295
Absolute error [Core] 0.1315
Absolute error [Non-F] 0.0000
R.M.S.   error [Fluid] 0.1521
R.M.S.   error [Bound] 0.1517
R.M.S.   error [Core] 0.1502
R.M.S.   error [Non-F] 0.0000
[Iteration 22050] total_loss=0.0512, data_loss=0.0421, ref_loss=0.0409, physics_loss=1.6649E-01, it_time=0.00441 s total_time=73.7 min
[Iteration 22100] total_loss=0.0507, data_loss=0.0415, ref_loss=0.0414, physics_loss=1.6936E-01, it_time=0.00443 s total_time=73.9 min
[Iteration 22150] total_loss=0.0509, data_loss=0.0415, ref_loss=0.0418, physics_loss=1.7036E-01, it_time=0.00441 s total_time=74.1 min
[Iteration 22200] total_loss=0.0506, data_loss=0.0415, ref_loss=0.0416, physics_loss=1.6766E-01, it_time=0.00431 s total_time=74.2 min
[Iteration 22250] total_loss=0.0504, data_loss=0.0412, ref_loss=0.0413, physics_loss=1.6857E-01, it_time=0.00433 s total_time=74.4 min
[Iteration 22300] total_loss=0.0506, data_loss=0.0418, ref_loss=0.0412, physics_loss=1.6371E-01, it_time=0.0043 s total_time=74.6 min
[Iteration 22350] total_loss=0.0516, data_loss=0.0427, ref_loss=0.0411, physics_loss=1.7135E-01, it_time=0.00433 s total_time=74.7 min
[Iteration 22400] total_loss=0.0507, data_loss=0.0418, ref_loss=0.0410, physics_loss=1.6890E-01, it_time=0.00429 s total_time=74.9 min
[Iteration 22450] total_loss=0.0524, data_loss=0.0426, ref_loss=0.0430, physics_loss=1.6756E-01, it_time=0.0043 s total_time=75.1 min
[Iteration 22500] total_loss=0.0508, data_loss=0.0414, ref_loss=0.0427, physics_loss=1.7183E-01, it_time=0.0043 s total_time=75.2 min
Total avg
Relative error [Fluid] 72.1
Relative error [Bound] 75.9
Relative error [Core] 70.6
Absolute error [Fluid] 0.1312
Absolute error [Bound] 0.1303
Absolute error [Core] 0.1315
Absolute error [Non-F] 0.0000
R.M.S.   error [Fluid] 0.1526
R.M.S.   error [Bound] 0.1527
R.M.S.   error [Core] 0.1503
R.M.S.   error [Non-F] 0.0000
[Iteration 22550] total_loss=0.0503, data_loss=0.0415, ref_loss=0.0411, physics_loss=1.7058E-01, it_time=0.00431 s total_time=75.4 min
[Iteration 22600] total_loss=0.0513, data_loss=0.0425, ref_loss=0.0415, physics_loss=1.6857E-01, it_time=0.00431 s total_time=75.6 min
[Iteration 22650] total_loss=0.0506, data_loss=0.0412, ref_loss=0.0422, physics_loss=1.6924E-01, it_time=0.00432 s total_time=75.7 min
[Iteration 22700] total_loss=0.0506, data_loss=0.0416, ref_loss=0.0416, physics_loss=1.6705E-01, it_time=0.00442 s total_time=75.9 min
[Iteration 22750] total_loss=0.0504, data_loss=0.0414, ref_loss=0.0416, physics_loss=1.6715E-01, it_time=0.00429 s total_time=76.1 min
[Iteration 22800] total_loss=0.0509, data_loss=0.0418, ref_loss=0.0410, physics_loss=1.7010E-01, it_time=0.00429 s total_time=76.2 min
[Iteration 22850] total_loss=0.0502, data_loss=0.0411, ref_loss=0.0414, physics_loss=1.7129E-01, it_time=0.0043 s total_time=76.4 min
[Iteration 22900] total_loss=0.0509, data_loss=0.0417, ref_loss=0.0412, physics_loss=1.7412E-01, it_time=0.00431 s total_time=76.6 min
[Iteration 22950] total_loss=0.0511, data_loss=0.0421, ref_loss=0.0412, physics_loss=1.7286E-01, it_time=0.00428 s total_time=76.7 min
[Iteration 23000] total_loss=0.0514, data_loss=0.0418, ref_loss=0.0417, physics_loss=1.7133E-01, it_time=0.00429 s total_time=76.9 min
Total avg
Relative error [Fluid] 72.2
Relative error [Bound] 76.3
Relative error [Core] 70.6
Absolute error [Fluid] 0.1317
Absolute error [Bound] 0.1305
Absolute error [Core] 0.1321
Absolute error [Non-F] 0.0000
R.M.S.   error [Fluid] 0.1530
R.M.S.   error [Bound] 0.1528
R.M.S.   error [Core] 0.1509
R.M.S.   error [Non-F] 0.0000
[Iteration 23050] total_loss=0.0511, data_loss=0.0421, ref_loss=0.0413, physics_loss=1.7249E-01, it_time=0.0044 s total_time=77.1 min
[Iteration 23100] total_loss=0.0509, data_loss=0.0420, ref_loss=0.0401, physics_loss=1.6691E-01, it_time=0.0044 s total_time=77.3 min
[Iteration 23150] total_loss=0.0506, data_loss=0.0418, ref_loss=0.0405, physics_loss=1.6633E-01, it_time=0.00441 s total_time=77.4 min
[Iteration 23200] total_loss=0.0518, data_loss=0.0424, ref_loss=0.0415, physics_loss=1.6958E-01, it_time=0.0044 s total_time=77.6 min
[Iteration 23250] total_loss=0.0504, data_loss=0.0414, ref_loss=0.0415, physics_loss=1.6962E-01, it_time=0.00441 s total_time=77.8 min
[Iteration 23300] total_loss=0.0506, data_loss=0.0415, ref_loss=0.0420, physics_loss=1.6836E-01, it_time=0.00441 s total_time=77.9 min
[Iteration 23350] total_loss=0.0503, data_loss=0.0413, ref_loss=0.0414, physics_loss=1.6710E-01, it_time=0.00441 s total_time=78.1 min
[Iteration 23400] total_loss=0.0504, data_loss=0.0416, ref_loss=0.0406, physics_loss=1.7009E-01, it_time=0.00429 s total_time=78.3 min
[Iteration 23450] total_loss=0.0513, data_loss=0.0420, ref_loss=0.0413, physics_loss=1.7028E-01, it_time=0.00433 s total_time=78.4 min
[Iteration 23500] total_loss=0.0507, data_loss=0.0415, ref_loss=0.0409, physics_loss=1.7235E-01, it_time=0.00433 s total_time=78.6 min
Total avg
Relative error [Fluid] 72.1
Relative error [Bound] 76.1
Relative error [Core] 70.5
Absolute error [Fluid] 0.1312
Absolute error [Bound] 0.1293
Absolute error [Core] 0.1320
Absolute error [Non-F] 0.0000
R.M.S.   error [Fluid] 0.1524
R.M.S.   error [Bound] 0.1519
R.M.S.   error [Core] 0.1505
R.M.S.   error [Non-F] 0.0000
[Iteration 23550] total_loss=0.0505, data_loss=0.0417, ref_loss=0.0409, physics_loss=1.6906E-01, it_time=0.00444 s total_time=78.8 min
[Iteration 23600] total_loss=0.0512, data_loss=0.0415, ref_loss=0.0413, physics_loss=1.7169E-01, it_time=0.00441 s total_time=79.0 min
[Iteration 23650] total_loss=0.0505, data_loss=0.0415, ref_loss=0.0408, physics_loss=1.6910E-01, it_time=0.00441 s total_time=79.1 min
[Iteration 23700] total_loss=0.0505, data_loss=0.0412, ref_loss=0.0415, physics_loss=1.6856E-01, it_time=0.00432 s total_time=79.3 min
[Iteration 23750] total_loss=0.0501, data_loss=0.0414, ref_loss=0.0410, physics_loss=1.6893E-01, it_time=0.00432 s total_time=79.5 min
[Iteration 23800] total_loss=0.0507, data_loss=0.0414, ref_loss=0.0412, physics_loss=1.6972E-01, it_time=0.00466 s total_time=79.6 min
[Iteration 23850] total_loss=0.0509, data_loss=0.0417, ref_loss=0.0415, physics_loss=1.7168E-01, it_time=0.00432 s total_time=79.8 min
[Iteration 23900] total_loss=0.0500, data_loss=0.0413, ref_loss=0.0408, physics_loss=1.6691E-01, it_time=0.00431 s total_time=80.0 min
[Iteration 23950] total_loss=0.0510, data_loss=0.0416, ref_loss=0.0414, physics_loss=1.7342E-01, it_time=0.0043 s total_time=80.1 min
[Iteration 24000] total_loss=0.0501, data_loss=0.0411, ref_loss=0.0410, physics_loss=1.6971E-01, it_time=0.0043 s total_time=80.3 min
Total avg
Relative error [Fluid] 71.4
Relative error [Bound] 74.9
Relative error [Core] 70.0
Absolute error [Fluid] 0.1295
Absolute error [Bound] 0.1276
Absolute error [Core] 0.1303
Absolute error [Non-F] 0.0000
R.M.S.   error [Fluid] 0.1508
R.M.S.   error [Bound] 0.1494
R.M.S.   error [Core] 0.1491
R.M.S.   error [Non-F] 0.0000
[Iteration 24050] total_loss=0.0499, data_loss=0.0409, ref_loss=0.0410, physics_loss=1.6661E-01, it_time=0.00431 s total_time=80.5 min
[Iteration 24100] total_loss=0.0511, data_loss=0.0420, ref_loss=0.0413, physics_loss=1.7086E-01, it_time=0.0043 s total_time=80.6 min
[Iteration 24150] total_loss=0.0499, data_loss=0.0409, ref_loss=0.0414, physics_loss=1.6999E-01, it_time=0.00473 s total_time=80.8 min
[Iteration 24200] total_loss=0.0500, data_loss=0.0408, ref_loss=0.0407, physics_loss=1.7430E-01, it_time=0.00434 s total_time=81.0 min
[Iteration 24250] total_loss=0.0506, data_loss=0.0412, ref_loss=0.0402, physics_loss=1.7355E-01, it_time=0.00429 s total_time=81.1 min
[Iteration 24300] total_loss=0.0499, data_loss=0.0411, ref_loss=0.0407, physics_loss=1.7029E-01, it_time=0.00429 s total_time=81.3 min
[Iteration 24350] total_loss=0.0510, data_loss=0.0418, ref_loss=0.0414, physics_loss=1.6880E-01, it_time=0.00429 s total_time=81.5 min
[Iteration 24400] total_loss=0.0502, data_loss=0.0411, ref_loss=0.0414, physics_loss=1.7192E-01, it_time=0.0043 s total_time=81.6 min
[Iteration 24450] total_loss=0.0506, data_loss=0.0414, ref_loss=0.0408, physics_loss=1.6883E-01, it_time=0.0043 s total_time=81.8 min
[Iteration 24500] total_loss=0.0509, data_loss=0.0419, ref_loss=0.0416, physics_loss=1.7078E-01, it_time=0.00433 s total_time=82.0 min
Total avg
Relative error [Fluid] 72.0
Relative error [Bound] 76.3
Relative error [Core] 70.2
Absolute error [Fluid] 0.1312
Absolute error [Bound] 0.1300
Absolute error [Core] 0.1317
Absolute error [Non-F] 0.0000
R.M.S.   error [Fluid] 0.1521
R.M.S.   error [Bound] 0.1516
R.M.S.   error [Core] 0.1503
R.M.S.   error [Non-F] 0.0000
[Iteration 24550] total_loss=0.0501, data_loss=0.0409, ref_loss=0.0416, physics_loss=1.7262E-01, it_time=0.00442 s total_time=82.2 min
[Iteration 24600] total_loss=0.0504, data_loss=0.0416, ref_loss=0.0411, physics_loss=1.7020E-01, it_time=0.00442 s total_time=82.3 min
[Iteration 24650] total_loss=0.0508, data_loss=0.0419, ref_loss=0.0405, physics_loss=1.7007E-01, it_time=0.00441 s total_time=82.5 min
[Iteration 24700] total_loss=0.0503, data_loss=0.0408, ref_loss=0.0401, physics_loss=1.7248E-01, it_time=0.0043 s total_time=82.7 min
[Iteration 24750] total_loss=0.0501, data_loss=0.0409, ref_loss=0.0413, physics_loss=1.7236E-01, it_time=0.00429 s total_time=82.8 min
[Iteration 24800] total_loss=0.0504, data_loss=0.0409, ref_loss=0.0416, physics_loss=1.7063E-01, it_time=0.00429 s total_time=83.0 min
[Iteration 24850] total_loss=0.0506, data_loss=0.0416, ref_loss=0.0413, physics_loss=1.7128E-01, it_time=0.00429 s total_time=83.1 min
[Iteration 24900] total_loss=0.0500, data_loss=0.0412, ref_loss=0.0401, physics_loss=1.6936E-01, it_time=0.00567 s total_time=83.3 min
[Iteration 24950] total_loss=0.0497, data_loss=0.0408, ref_loss=0.0407, physics_loss=1.7279E-01, it_time=0.0043 s total_time=83.5 min
[Iteration 25000] total_loss=0.0500, data_loss=0.0412, ref_loss=0.0411, physics_loss=1.6950E-01, it_time=0.00432 s total_time=83.6 min
Total avg
Relative error [Fluid] 71.4
Relative error [Bound] 75.7
Relative error [Core] 69.6
Absolute error [Fluid] 0.1299
Absolute error [Bound] 0.1287
Absolute error [Core] 0.1304
Absolute error [Non-F] 0.0000
R.M.S.   error [Fluid] 0.1509
R.M.S.   error [Bound] 0.1505
R.M.S.   error [Core] 0.1490
R.M.S.   error [Non-F] 0.0000
Checkpoint saved to ../models/260522_Aomodel_Healthy_4dsim_V250_n6_VanillaPINN_NOFF_2/260522_Aomodel_Healthy_4dsim_V250_n6_VanillaPINN_NOFF_2_FFN_1t_20260522-2337/checkpoints/260522_Aomodel_Healthy_4dsim_V250_n6_VanillaPINN_NOFF_2_FFN_1t_it25000.pth
[Iteration 25050] total_loss=0.0501, data_loss=0.0409, ref_loss=0.0399, physics_loss=1.7000E-01, it_time=0.00432 s total_time=83.8 min
[Iteration 25100] total_loss=0.0505, data_loss=0.0408, ref_loss=0.0425, physics_loss=1.7426E-01, it_time=0.00428 s total_time=84.0 min
[Iteration 25150] total_loss=0.0496, data_loss=0.0405, ref_loss=0.0405, physics_loss=1.7065E-01, it_time=0.00427 s total_time=84.2 min
[Iteration 25200] total_loss=0.0498, data_loss=0.0405, ref_loss=0.0402, physics_loss=1.7255E-01, it_time=0.00428 s total_time=84.3 min
[Iteration 25250] total_loss=0.0503, data_loss=0.0411, ref_loss=0.0403, physics_loss=1.6941E-01, it_time=0.00428 s total_time=84.5 min
[Iteration 25300] total_loss=0.0506, data_loss=0.0412, ref_loss=0.0404, physics_loss=1.7122E-01, it_time=0.00428 s total_time=84.7 min
[Iteration 25350] total_loss=0.0508, data_loss=0.0419, ref_loss=0.0404, physics_loss=1.7119E-01, it_time=0.00427 s total_time=84.8 min
[Iteration 25400] total_loss=0.0503, data_loss=0.0414, ref_loss=0.0400, physics_loss=1.7303E-01, it_time=0.0043 s total_time=85.0 min
[Iteration 25450] total_loss=0.0498, data_loss=0.0409, ref_loss=0.0403, physics_loss=1.6955E-01, it_time=0.00428 s total_time=85.1 min
[Iteration 25500] total_loss=0.0498, data_loss=0.0406, ref_loss=0.0409, physics_loss=1.6971E-01, it_time=0.00429 s total_time=85.3 min
Total avg
Relative error [Fluid] 72.5
Relative error [Bound] 76.6
Relative error [Core] 70.8
Absolute error [Fluid] 0.1314
Absolute error [Bound] 0.1296
Absolute error [Core] 0.1320
Absolute error [Non-F] 0.0000
R.M.S.   error [Fluid] 0.1523
R.M.S.   error [Bound] 0.1511
R.M.S.   error [Core] 0.1508
R.M.S.   error [Non-F] 0.0000
[Iteration 25550] total_loss=0.0512, data_loss=0.0418, ref_loss=0.0413, physics_loss=1.7538E-01, it_time=0.0043 s total_time=85.5 min
[Iteration 25600] total_loss=0.0494, data_loss=0.0406, ref_loss=0.0406, physics_loss=1.6910E-01, it_time=0.0043 s total_time=85.7 min
[Iteration 25650] total_loss=0.0499, data_loss=0.0408, ref_loss=0.0401, physics_loss=1.7435E-01, it_time=0.00546 s total_time=85.8 min
[Iteration 25700] total_loss=0.0504, data_loss=0.0408, ref_loss=0.0410, physics_loss=1.7225E-01, it_time=0.0043 s total_time=86.0 min
[Iteration 25750] total_loss=0.0500, data_loss=0.0407, ref_loss=0.0406, physics_loss=1.7172E-01, it_time=0.00428 s total_time=86.2 min
[Iteration 25800] total_loss=0.0497, data_loss=0.0407, ref_loss=0.0399, physics_loss=1.7027E-01, it_time=0.00429 s total_time=86.3 min
[Iteration 25850] total_loss=0.0502, data_loss=0.0412, ref_loss=0.0400, physics_loss=1.6702E-01, it_time=0.00429 s total_time=86.5 min
[Iteration 25900] total_loss=0.0506, data_loss=0.0411, ref_loss=0.0414, physics_loss=1.7227E-01, it_time=0.00429 s total_time=86.6 min
[Iteration 25950] total_loss=0.0493, data_loss=0.0401, ref_loss=0.0411, physics_loss=1.6860E-01, it_time=0.00427 s total_time=86.8 min
[Iteration 26000] total_loss=0.0496, data_loss=0.0408, ref_loss=0.0404, physics_loss=1.6779E-01, it_time=0.00429 s total_time=87.0 min
Total avg
Relative error [Fluid] 71.2
Relative error [Bound] 75.8
Relative error [Core] 69.3
Absolute error [Fluid] 0.1301
Absolute error [Bound] 0.1294
Absolute error [Core] 0.1304
Absolute error [Non-F] 0.0000
R.M.S.   error [Fluid] 0.1509
R.M.S.   error [Bound] 0.1510
R.M.S.   error [Core] 0.1488
R.M.S.   error [Non-F] 0.0000
[Iteration 26050] total_loss=0.0506, data_loss=0.0413, ref_loss=0.0413, physics_loss=1.7212E-01, it_time=0.00442 s total_time=87.2 min
[Iteration 26100] total_loss=0.0503, data_loss=0.0413, ref_loss=0.0403, physics_loss=1.7234E-01, it_time=0.00432 s total_time=87.4 min
[Iteration 26150] total_loss=0.0501, data_loss=0.0409, ref_loss=0.0401, physics_loss=1.6911E-01, it_time=0.00432 s total_time=87.5 min
[Iteration 26200] total_loss=0.0498, data_loss=0.0406, ref_loss=0.0401, physics_loss=1.7224E-01, it_time=0.00432 s total_time=87.7 min
[Iteration 26250] total_loss=0.0494, data_loss=0.0405, ref_loss=0.0398, physics_loss=1.6819E-01, it_time=0.00433 s total_time=87.8 min
[Iteration 26300] total_loss=0.0492, data_loss=0.0404, ref_loss=0.0405, physics_loss=1.6924E-01, it_time=0.00432 s total_time=88.0 min
[Iteration 26350] total_loss=0.0502, data_loss=0.0411, ref_loss=0.0404, physics_loss=1.6914E-01, it_time=0.00431 s total_time=88.2 min
[Iteration 26400] total_loss=0.0502, data_loss=0.0414, ref_loss=0.0395, physics_loss=1.7075E-01, it_time=0.00435 s total_time=88.3 min
[Iteration 26450] total_loss=0.0504, data_loss=0.0410, ref_loss=0.0400, physics_loss=1.7212E-01, it_time=0.00433 s total_time=88.5 min
[Iteration 26500] total_loss=0.0495, data_loss=0.0405, ref_loss=0.0400, physics_loss=1.6857E-01, it_time=0.00431 s total_time=88.7 min
Total avg
Relative error [Fluid] 71.0
Relative error [Bound] 74.8
Relative error [Core] 69.5
Absolute error [Fluid] 0.1285
Absolute error [Bound] 0.1266
Absolute error [Core] 0.1292
Absolute error [Non-F] 0.0000
R.M.S.   error [Fluid] 0.1493
R.M.S.   error [Bound] 0.1485
R.M.S.   error [Core] 0.1474
R.M.S.   error [Non-F] 0.0000
[Iteration 26550] total_loss=0.0507, data_loss=0.0415, ref_loss=0.0417, physics_loss=1.7543E-01, it_time=0.00444 s total_time=88.9 min
[Iteration 26600] total_loss=0.0501, data_loss=0.0409, ref_loss=0.0398, physics_loss=1.7438E-01, it_time=0.00443 s total_time=89.0 min
[Iteration 26650] total_loss=0.0490, data_loss=0.0400, ref_loss=0.0395, physics_loss=1.7105E-01, it_time=0.00441 s total_time=89.2 min
[Iteration 26700] total_loss=0.0497, data_loss=0.0407, ref_loss=0.0400, physics_loss=1.7029E-01, it_time=0.00432 s total_time=89.4 min
[Iteration 26750] total_loss=0.0499, data_loss=0.0407, ref_loss=0.0400, physics_loss=1.6930E-01, it_time=0.00505 s total_time=89.5 min
[Iteration 26800] total_loss=0.0499, data_loss=0.0409, ref_loss=0.0397, physics_loss=1.7072E-01, it_time=0.00432 s total_time=89.7 min
[Iteration 26850] total_loss=0.0515, data_loss=0.0421, ref_loss=0.0409, physics_loss=1.7080E-01, it_time=0.00431 s total_time=89.9 min
[Iteration 26900] total_loss=0.0492, data_loss=0.0399, ref_loss=0.0404, physics_loss=1.6915E-01, it_time=0.00433 s total_time=90.0 min
[Iteration 26950] total_loss=0.0495, data_loss=0.0403, ref_loss=0.0397, physics_loss=1.7242E-01, it_time=0.00432 s total_time=90.2 min
[Iteration 27000] total_loss=0.0496, data_loss=0.0405, ref_loss=0.0404, physics_loss=1.7453E-01, it_time=0.00431 s total_time=90.4 min
Total avg
Relative error [Fluid] 70.8
Relative error [Bound] 74.7
Relative error [Core] 69.3
Absolute error [Fluid] 0.1290
Absolute error [Bound] 0.1267
Absolute error [Core] 0.1299
Absolute error [Non-F] 0.0000
R.M.S.   error [Fluid] 0.1496
R.M.S.   error [Bound] 0.1483
R.M.S.   error [Core] 0.1481
R.M.S.   error [Non-F] 0.0000
[Iteration 27050] total_loss=0.0500, data_loss=0.0405, ref_loss=0.0398, physics_loss=1.7306E-01, it_time=0.00435 s total_time=90.6 min
[Iteration 27100] total_loss=0.0498, data_loss=0.0408, ref_loss=0.0405, physics_loss=1.7606E-01, it_time=0.00426 s total_time=90.7 min
[Iteration 27150] total_loss=0.0498, data_loss=0.0403, ref_loss=0.0402, physics_loss=1.7708E-01, it_time=0.00425 s total_time=90.9 min
[Iteration 27200] total_loss=0.0496, data_loss=0.0406, ref_loss=0.0406, physics_loss=1.7018E-01, it_time=0.00434 s total_time=91.0 min
[Iteration 27250] total_loss=0.0502, data_loss=0.0416, ref_loss=0.0400, physics_loss=1.6995E-01, it_time=0.00426 s total_time=91.2 min
[Iteration 27300] total_loss=0.0498, data_loss=0.0407, ref_loss=0.0404, physics_loss=1.7409E-01, it_time=0.00426 s total_time=91.4 min
[Iteration 27350] total_loss=0.0505, data_loss=0.0415, ref_loss=0.0393, physics_loss=1.7211E-01, it_time=0.00427 s total_time=91.5 min
[Iteration 27400] total_loss=0.0495, data_loss=0.0408, ref_loss=0.0403, physics_loss=1.7034E-01, it_time=0.00426 s total_time=91.7 min
[Iteration 27450] total_loss=0.0503, data_loss=0.0409, ref_loss=0.0421, physics_loss=1.7281E-01, it_time=0.00426 s total_time=91.8 min
[Iteration 27500] total_loss=0.0494, data_loss=0.0402, ref_loss=0.0406, physics_loss=1.6886E-01, it_time=0.00539 s total_time=92.0 min
Total avg
Relative error [Fluid] 71.6
Relative error [Bound] 75.7
Relative error [Core] 70.0
Absolute error [Fluid] 0.1292
Absolute error [Bound] 0.1276
Absolute error [Core] 0.1299
Absolute error [Non-F] 0.0000
R.M.S.   error [Fluid] 0.1501
R.M.S.   error [Bound] 0.1491
R.M.S.   error [Core] 0.1483
R.M.S.   error [Non-F] 0.0000
[Iteration 27550] total_loss=0.0494, data_loss=0.0403, ref_loss=0.0401, physics_loss=1.6939E-01, it_time=0.00432 s total_time=92.2 min
[Iteration 27600] total_loss=0.0495, data_loss=0.0402, ref_loss=0.0404, physics_loss=1.6987E-01, it_time=0.00428 s total_time=92.4 min
[Iteration 27650] total_loss=0.0493, data_loss=0.0404, ref_loss=0.0396, physics_loss=1.7030E-01, it_time=0.00429 s total_time=92.5 min
[Iteration 27700] total_loss=0.0495, data_loss=0.0403, ref_loss=0.0400, physics_loss=1.7534E-01, it_time=0.00429 s total_time=92.7 min
[Iteration 27750] total_loss=0.0489, data_loss=0.0398, ref_loss=0.0393, physics_loss=1.7282E-01, it_time=0.00429 s total_time=92.9 min
[Iteration 27800] total_loss=0.0490, data_loss=0.0400, ref_loss=0.0398, physics_loss=1.7041E-01, it_time=0.00429 s total_time=93.0 min
[Iteration 27850] total_loss=0.0494, data_loss=0.0403, ref_loss=0.0402, physics_loss=1.7263E-01, it_time=0.00428 s total_time=93.2 min
[Iteration 27900] total_loss=0.0493, data_loss=0.0400, ref_loss=0.0400, physics_loss=1.7437E-01, it_time=0.00429 s total_time=93.4 min
[Iteration 27950] total_loss=0.0491, data_loss=0.0400, ref_loss=0.0401, physics_loss=1.7460E-01, it_time=0.00428 s total_time=93.5 min
[Iteration 28000] total_loss=0.0493, data_loss=0.0403, ref_loss=0.0391, physics_loss=1.7294E-01, it_time=0.00429 s total_time=93.7 min
Total avg
Relative error [Fluid] 70.9
Relative error [Bound] 75.6
Relative error [Core] 69.1
Absolute error [Fluid] 0.1289
Absolute error [Bound] 0.1282
Absolute error [Core] 0.1292
Absolute error [Non-F] 0.0000
R.M.S.   error [Fluid] 0.1493
R.M.S.   error [Bound] 0.1488
R.M.S.   error [Core] 0.1475
R.M.S.   error [Non-F] 0.0000
[Iteration 28050] total_loss=0.0489, data_loss=0.0400, ref_loss=0.0400, physics_loss=1.6921E-01, it_time=0.00426 s total_time=93.9 min
[Iteration 28100] total_loss=0.0496, data_loss=0.0406, ref_loss=0.0399, physics_loss=1.7308E-01, it_time=0.00426 s total_time=94.0 min
[Iteration 28150] total_loss=0.0494, data_loss=0.0403, ref_loss=0.0389, physics_loss=1.7479E-01, it_time=0.00427 s total_time=94.2 min
[Iteration 28200] total_loss=0.0489, data_loss=0.0399, ref_loss=0.0395, physics_loss=1.6931E-01, it_time=0.00426 s total_time=94.4 min
[Iteration 28250] total_loss=0.0491, data_loss=0.0403, ref_loss=0.0393, physics_loss=1.7073E-01, it_time=0.00431 s total_time=94.5 min
[Iteration 28300] total_loss=0.0496, data_loss=0.0407, ref_loss=0.0402, physics_loss=1.7327E-01, it_time=0.00426 s total_time=94.7 min
[Iteration 28350] total_loss=0.0493, data_loss=0.0405, ref_loss=0.0389, physics_loss=1.6978E-01, it_time=0.00426 s total_time=94.8 min
[Iteration 28400] total_loss=0.0496, data_loss=0.0403, ref_loss=0.0397, physics_loss=1.7199E-01, it_time=0.00426 s total_time=95.0 min
[Iteration 28450] total_loss=0.0503, data_loss=0.0413, ref_loss=0.0394, physics_loss=1.7664E-01, it_time=0.00426 s total_time=95.2 min
[Iteration 28500] total_loss=0.0492, data_loss=0.0403, ref_loss=0.0398, physics_loss=1.7437E-01, it_time=0.00427 s total_time=95.3 min
Total avg
Relative error [Fluid] 70.7
Relative error [Bound] 74.8
Relative error [Core] 69.0
Absolute error [Fluid] 0.1288
Absolute error [Bound] 0.1270
Absolute error [Core] 0.1296
Absolute error [Non-F] 0.0000
R.M.S.   error [Fluid] 0.1492
R.M.S.   error [Bound] 0.1482
R.M.S.   error [Core] 0.1477
R.M.S.   error [Non-F] 0.0000
[Iteration 28550] total_loss=0.0491, data_loss=0.0404, ref_loss=0.0393, physics_loss=1.7068E-01, it_time=0.00438 s total_time=95.5 min
[Iteration 28600] total_loss=0.0497, data_loss=0.0407, ref_loss=0.0392, physics_loss=1.7278E-01, it_time=0.00432 s total_time=95.7 min
[Iteration 28650] total_loss=0.0490, data_loss=0.0399, ref_loss=0.0401, physics_loss=1.7182E-01, it_time=0.00433 s total_time=95.9 min
[Iteration 28700] total_loss=0.0492, data_loss=0.0403, ref_loss=0.0399, physics_loss=1.7102E-01, it_time=0.00432 s total_time=96.0 min
[Iteration 28750] total_loss=0.0494, data_loss=0.0404, ref_loss=0.0393, physics_loss=1.6987E-01, it_time=0.00426 s total_time=96.2 min
[Iteration 28800] total_loss=0.0493, data_loss=0.0402, ref_loss=0.0394, physics_loss=1.7555E-01, it_time=0.00427 s total_time=96.3 min
[Iteration 28850] total_loss=0.0491, data_loss=0.0400, ref_loss=0.0393, physics_loss=1.7179E-01, it_time=0.00427 s total_time=96.5 min
[Iteration 28900] total_loss=0.0495, data_loss=0.0405, ref_loss=0.0393, physics_loss=1.7685E-01, it_time=0.00427 s total_time=96.7 min
[Iteration 28950] total_loss=0.0489, data_loss=0.0399, ref_loss=0.0400, physics_loss=1.7533E-01, it_time=0.00427 s total_time=96.8 min
[Iteration 29000] total_loss=0.0492, data_loss=0.0401, ref_loss=0.0389, physics_loss=1.7039E-01, it_time=0.00474 s total_time=97.0 min
Total avg
Relative error [Fluid] 71.0
Relative error [Bound] 75.0
Relative error [Core] 69.4
Absolute error [Fluid] 0.1279
Absolute error [Bound] 0.1263
Absolute error [Core] 0.1284
Absolute error [Non-F] 0.0000
R.M.S.   error [Fluid] 0.1486
R.M.S.   error [Bound] 0.1476
R.M.S.   error [Core] 0.1468
R.M.S.   error [Non-F] 0.0000
[Iteration 29050] total_loss=0.0493, data_loss=0.0403, ref_loss=0.0393, physics_loss=1.7360E-01, it_time=0.00426 s total_time=97.2 min
[Iteration 29100] total_loss=0.0492, data_loss=0.0402, ref_loss=0.0398, physics_loss=1.7265E-01, it_time=0.00426 s total_time=97.4 min
[Iteration 29150] total_loss=0.0493, data_loss=0.0404, ref_loss=0.0399, physics_loss=1.7365E-01, it_time=0.00427 s total_time=97.5 min
[Iteration 29200] total_loss=0.0489, data_loss=0.0397, ref_loss=0.0394, physics_loss=1.7178E-01, it_time=0.00426 s total_time=97.7 min
[Iteration 29250] total_loss=0.0491, data_loss=0.0400, ref_loss=0.0394, physics_loss=1.7467E-01, it_time=0.00428 s total_time=97.8 min
[Iteration 29300] total_loss=0.0495, data_loss=0.0405, ref_loss=0.0400, physics_loss=1.7139E-01, it_time=0.00426 s total_time=98.0 min
[Iteration 29350] total_loss=0.0492, data_loss=0.0402, ref_loss=0.0399, physics_loss=1.7320E-01, it_time=0.00426 s total_time=98.2 min
[Iteration 29400] total_loss=0.0488, data_loss=0.0396, ref_loss=0.0396, physics_loss=1.7242E-01, it_time=0.00426 s total_time=98.3 min
[Iteration 29450] total_loss=0.0489, data_loss=0.0397, ref_loss=0.0394, physics_loss=1.7477E-01, it_time=0.00426 s total_time=98.5 min
[Iteration 29500] total_loss=0.0497, data_loss=0.0406, ref_loss=0.0396, physics_loss=1.7417E-01, it_time=0.00425 s total_time=98.6 min
Total avg
Relative error [Fluid] 70.5
Relative error [Bound] 74.7
Relative error [Core] 68.8
Absolute error [Fluid] 0.1277
Absolute error [Bound] 0.1259
Absolute error [Core] 0.1284
Absolute error [Non-F] 0.0000
R.M.S.   error [Fluid] 0.1482
R.M.S.   error [Bound] 0.1470
R.M.S.   error [Core] 0.1466
R.M.S.   error [Non-F] 0.0000
[Iteration 29550] total_loss=0.0487, data_loss=0.0397, ref_loss=0.0393, physics_loss=1.7260E-01, it_time=0.00441 s total_time=98.8 min
[Iteration 29600] total_loss=0.0493, data_loss=0.0404, ref_loss=0.0400, physics_loss=1.7327E-01, it_time=0.00441 s total_time=99.0 min
[Iteration 29650] total_loss=0.0492, data_loss=0.0404, ref_loss=0.0399, physics_loss=1.7359E-01, it_time=0.00441 s total_time=99.2 min
[Iteration 29700] total_loss=0.0493, data_loss=0.0401, ref_loss=0.0386, physics_loss=1.7414E-01, it_time=0.0043 s total_time=99.3 min
[Iteration 29750] total_loss=0.0495, data_loss=0.0404, ref_loss=0.0398, physics_loss=1.7226E-01, it_time=0.00556 s total_time=99.5 min
[Iteration 29800] total_loss=0.0493, data_loss=0.0402, ref_loss=0.0397, physics_loss=1.7220E-01, it_time=0.00431 s total_time=99.7 min
[Iteration 29850] total_loss=0.0489, data_loss=0.0397, ref_loss=0.0393, physics_loss=1.7495E-01, it_time=0.0043 s total_time=99.8 min
[Iteration 29900] total_loss=0.0487, data_loss=0.0398, ref_loss=0.0396, physics_loss=1.7444E-01, it_time=0.00429 s total_time=100.0 min
[Iteration 29950] total_loss=0.0490, data_loss=0.0395, ref_loss=0.0390, physics_loss=1.7492E-01, it_time=0.00429 s total_time=100.2 min
[Iteration 30000] total_loss=0.0487, data_loss=0.0396, ref_loss=0.0390, physics_loss=1.7214E-01, it_time=0.0043 s total_time=100.3 min
Total avg
Relative error [Fluid] 70.5
Relative error [Bound] 74.4
Relative error [Core] 68.9
Absolute error [Fluid] 0.1275
Absolute error [Bound] 0.1256
Absolute error [Core] 0.1283
Absolute error [Non-F] 0.0000
R.M.S.   error [Fluid] 0.1482
R.M.S.   error [Bound] 0.1477
R.M.S.   error [Core] 0.1463
R.M.S.   error [Non-F] 0.0000
Checkpoint saved to ../models/260522_Aomodel_Healthy_4dsim_V250_n6_VanillaPINN_NOFF_2/260522_Aomodel_Healthy_4dsim_V250_n6_VanillaPINN_NOFF_2_FFN_1t_20260522-2337/checkpoints/260522_Aomodel_Healthy_4dsim_V250_n6_VanillaPINN_NOFF_2_FFN_1t_it30000.pth
[Iteration 30050] total_loss=0.0489, data_loss=0.0398, ref_loss=0.0391, physics_loss=1.7123E-01, it_time=0.00433 s total_time=100.5 min
[Iteration 30100] total_loss=0.0493, data_loss=0.0404, ref_loss=0.0388, physics_loss=1.7274E-01, it_time=0.0048 s total_time=100.7 min
[Iteration 30150] total_loss=0.0487, data_loss=0.0397, ref_loss=0.0394, physics_loss=1.7043E-01, it_time=0.00434 s total_time=100.9 min
[Iteration 30200] total_loss=0.0485, data_loss=0.0393, ref_loss=0.0400, physics_loss=1.7528E-01, it_time=0.00434 s total_time=101.0 min
[Iteration 30250] total_loss=0.0485, data_loss=0.0396, ref_loss=0.0391, physics_loss=1.7408E-01, it_time=0.00434 s total_time=101.2 min
[Iteration 30300] total_loss=0.0484, data_loss=0.0394, ref_loss=0.0397, physics_loss=1.7404E-01, it_time=0.00434 s total_time=101.4 min
[Iteration 30350] total_loss=0.0489, data_loss=0.0401, ref_loss=0.0396, physics_loss=1.7334E-01, it_time=0.00435 s total_time=101.5 min
[Iteration 30400] total_loss=0.0497, data_loss=0.0403, ref_loss=0.0395, physics_loss=1.7539E-01, it_time=0.00434 s total_time=101.7 min
[Iteration 30450] total_loss=0.0486, data_loss=0.0396, ref_loss=0.0394, physics_loss=1.7483E-01, it_time=0.00433 s total_time=101.9 min
[Iteration 30500] total_loss=0.0494, data_loss=0.0399, ref_loss=0.0390, physics_loss=1.7690E-01, it_time=0.00437 s total_time=102.0 min
Total avg
Relative error [Fluid] 70.7
Relative error [Bound] 74.4
Relative error [Core] 69.2
Absolute error [Fluid] 0.1277
Absolute error [Bound] 0.1250
Absolute error [Core] 0.1288
Absolute error [Non-F] 0.0000
R.M.S.   error [Fluid] 0.1481
R.M.S.   error [Bound] 0.1466
R.M.S.   error [Core] 0.1467
R.M.S.   error [Non-F] 0.0000
[Iteration 30550] total_loss=0.0491, data_loss=0.0403, ref_loss=0.0394, physics_loss=1.7092E-01, it_time=0.00433 s total_time=102.2 min
[Iteration 30600] total_loss=0.0490, data_loss=0.0402, ref_loss=0.0389, physics_loss=1.7329E-01, it_time=0.00433 s total_time=102.4 min
[Iteration 30650] total_loss=0.0487, data_loss=0.0397, ref_loss=0.0395, physics_loss=1.6990E-01, it_time=0.00433 s total_time=102.6 min
[Iteration 30700] total_loss=0.0493, data_loss=0.0403, ref_loss=0.0393, physics_loss=1.7222E-01, it_time=0.00432 s total_time=102.7 min
[Iteration 30750] total_loss=0.0491, data_loss=0.0401, ref_loss=0.0396, physics_loss=1.7263E-01, it_time=0.00432 s total_time=102.9 min
[Iteration 30800] total_loss=0.0489, data_loss=0.0399, ref_loss=0.0390, physics_loss=1.7334E-01, it_time=0.00433 s total_time=103.0 min
[Iteration 30850] total_loss=0.0489, data_loss=0.0397, ref_loss=0.0397, physics_loss=1.7160E-01, it_time=0.00455 s total_time=103.2 min
[Iteration 30900] total_loss=0.0485, data_loss=0.0394, ref_loss=0.0394, physics_loss=1.7201E-01, it_time=0.00432 s total_time=103.4 min
[Iteration 30950] total_loss=0.0494, data_loss=0.0402, ref_loss=0.0397, physics_loss=1.7657E-01, it_time=0.0044 s total_time=103.5 min
[Iteration 31000] total_loss=0.0484, data_loss=0.0395, ref_loss=0.0390, physics_loss=1.7178E-01, it_time=0.00435 s total_time=103.7 min
Total avg
Relative error [Fluid] 70.3
Relative error [Bound] 74.2
Relative error [Core] 68.7
Absolute error [Fluid] 0.1272
Absolute error [Bound] 0.1247
Absolute error [Core] 0.1281
Absolute error [Non-F] 0.0000
R.M.S.   error [Fluid] 0.1474
R.M.S.   error [Bound] 0.1459
R.M.S.   error [Core] 0.1461
R.M.S.   error [Non-F] 0.0000
[Iteration 31050] total_loss=0.0488, data_loss=0.0396, ref_loss=0.0391, physics_loss=1.7271E-01, it_time=0.00444 s total_time=103.9 min
[Iteration 31100] total_loss=0.0488, data_loss=0.0401, ref_loss=0.0399, physics_loss=1.7378E-01, it_time=0.00445 s total_time=104.1 min
[Iteration 31150] total_loss=0.0490, data_loss=0.0400, ref_loss=0.0390, physics_loss=1.7260E-01, it_time=0.00443 s total_time=104.3 min
[Iteration 31200] total_loss=0.0490, data_loss=0.0400, ref_loss=0.0387, physics_loss=1.7093E-01, it_time=0.0061 s total_time=104.4 min
[Iteration 31250] total_loss=0.0486, data_loss=0.0395, ref_loss=0.0393, physics_loss=1.7521E-01, it_time=0.00443 s total_time=104.6 min
[Iteration 31300] total_loss=0.0481, data_loss=0.0393, ref_loss=0.0397, physics_loss=1.7176E-01, it_time=0.00445 s total_time=104.8 min
[Iteration 31350] total_loss=0.0491, data_loss=0.0402, ref_loss=0.0392, physics_loss=1.7240E-01, it_time=0.00434 s total_time=104.9 min
[Iteration 31400] total_loss=0.0487, data_loss=0.0394, ref_loss=0.0390, physics_loss=1.7670E-01, it_time=0.00433 s total_time=105.1 min
[Iteration 31450] total_loss=0.0488, data_loss=0.0395, ref_loss=0.0395, physics_loss=1.7488E-01, it_time=0.00433 s total_time=105.3 min
[Iteration 31500] total_loss=0.0484, data_loss=0.0395, ref_loss=0.0388, physics_loss=1.7514E-01, it_time=0.00437 s total_time=105.4 min
Total avg
Relative error [Fluid] 70.3
Relative error [Bound] 74.4
Relative error [Core] 68.6
Absolute error [Fluid] 0.1270
Absolute error [Bound] 0.1251
Absolute error [Core] 0.1277
Absolute error [Non-F] 0.0000
R.M.S.   error [Fluid] 0.1474
R.M.S.   error [Bound] 0.1462
R.M.S.   error [Core] 0.1458
R.M.S.   error [Non-F] 0.0000
[Iteration 31550] total_loss=0.0485, data_loss=0.0396, ref_loss=0.0389, physics_loss=1.7369E-01, it_time=0.00444 s total_time=105.6 min
[Iteration 31600] total_loss=0.0487, data_loss=0.0395, ref_loss=0.0390, physics_loss=1.7314E-01, it_time=0.0043 s total_time=105.8 min
[Iteration 31650] total_loss=0.0487, data_loss=0.0399, ref_loss=0.0386, physics_loss=1.7388E-01, it_time=0.0043 s total_time=106.0 min
[Iteration 31700] total_loss=0.0486, data_loss=0.0391, ref_loss=0.0391, physics_loss=1.7957E-01, it_time=0.0043 s total_time=106.1 min
[Iteration 31750] total_loss=0.0488, data_loss=0.0400, ref_loss=0.0389, physics_loss=1.7599E-01, it_time=0.0043 s total_time=106.3 min
[Iteration 31800] total_loss=0.0486, data_loss=0.0397, ref_loss=0.0395, physics_loss=1.7367E-01, it_time=0.00429 s total_time=106.5 min
[Iteration 31850] total_loss=0.0485, data_loss=0.0394, ref_loss=0.0386, physics_loss=1.7162E-01, it_time=0.0043 s total_time=106.6 min
[Iteration 31900] total_loss=0.0484, data_loss=0.0393, ref_loss=0.0388, physics_loss=1.7673E-01, it_time=0.00435 s total_time=106.8 min
[Iteration 31950] total_loss=0.0488, data_loss=0.0398, ref_loss=0.0390, physics_loss=1.7904E-01, it_time=0.00433 s total_time=106.9 min
[Iteration 32000] total_loss=0.0491, data_loss=0.0397, ref_loss=0.0387, physics_loss=1.7859E-01, it_time=0.0043 s total_time=107.1 min
Total avg
Relative error [Fluid] 70.9
Relative error [Bound] 75.1
Relative error [Core] 69.2
Absolute error [Fluid] 0.1277
Absolute error [Bound] 0.1256
Absolute error [Core] 0.1285
Absolute error [Non-F] 0.0000
R.M.S.   error [Fluid] 0.1480
R.M.S.   error [Bound] 0.1462
R.M.S.   error [Core] 0.1467
R.M.S.   error [Non-F] 0.0000
[Iteration 32050] total_loss=0.0486, data_loss=0.0393, ref_loss=0.0395, physics_loss=1.7798E-01, it_time=0.00441 s total_time=107.3 min
[Iteration 32100] total_loss=0.0481, data_loss=0.0391, ref_loss=0.0390, physics_loss=1.7593E-01, it_time=0.0044 s total_time=107.5 min
[Iteration 32150] total_loss=0.0486, data_loss=0.0398, ref_loss=0.0391, physics_loss=1.7824E-01, it_time=0.00441 s total_time=107.6 min
[Iteration 32200] total_loss=0.0485, data_loss=0.0390, ref_loss=0.0390, physics_loss=1.7487E-01, it_time=0.0043 s total_time=107.8 min
[Iteration 32250] total_loss=0.0493, data_loss=0.0400, ref_loss=0.0391, physics_loss=1.7395E-01, it_time=0.0043 s total_time=108.0 min
[Iteration 32300] total_loss=0.0482, data_loss=0.0393, ref_loss=0.0389, physics_loss=1.7573E-01, it_time=0.00482 s total_time=108.1 min
[Iteration 32350] total_loss=0.0484, data_loss=0.0394, ref_loss=0.0387, physics_loss=1.7275E-01, it_time=0.0043 s total_time=108.3 min
[Iteration 32400] total_loss=0.0482, data_loss=0.0392, ref_loss=0.0396, physics_loss=1.7060E-01, it_time=0.0043 s total_time=108.5 min
[Iteration 32450] total_loss=0.0492, data_loss=0.0400, ref_loss=0.0396, physics_loss=1.7676E-01, it_time=0.00431 s total_time=108.6 min
[Iteration 32500] total_loss=0.0488, data_loss=0.0397, ref_loss=0.0390, physics_loss=1.7408E-01, it_time=0.00431 s total_time=108.8 min
Total avg
Relative error [Fluid] 70.6
Relative error [Bound] 74.6
Relative error [Core] 69.0
Absolute error [Fluid] 0.1275
Absolute error [Bound] 0.1249
Absolute error [Core] 0.1286
Absolute error [Non-F] 0.0000
R.M.S.   error [Fluid] 0.1478
R.M.S.   error [Bound] 0.1461
R.M.S.   error [Core] 0.1464
R.M.S.   error [Non-F] 0.0000
[Iteration 32550] total_loss=0.0481, data_loss=0.0390, ref_loss=0.0393, physics_loss=1.7370E-01, it_time=0.00442 s total_time=109.0 min
[Iteration 32600] total_loss=0.0482, data_loss=0.0392, ref_loss=0.0387, physics_loss=1.7465E-01, it_time=0.00441 s total_time=109.2 min
[Iteration 32650] total_loss=0.0483, data_loss=0.0391, ref_loss=0.0382, physics_loss=1.7392E-01, it_time=0.00429 s total_time=109.3 min
[Iteration 32700] total_loss=0.0489, data_loss=0.0397, ref_loss=0.0385, physics_loss=1.7638E-01, it_time=0.0043 s total_time=109.5 min
[Iteration 32750] total_loss=0.0483, data_loss=0.0394, ref_loss=0.0391, physics_loss=1.7105E-01, it_time=0.0043 s total_time=109.7 min
[Iteration 32800] total_loss=0.0483, data_loss=0.0392, ref_loss=0.0385, physics_loss=1.7384E-01, it_time=0.0043 s total_time=109.8 min
[Iteration 32850] total_loss=0.0486, data_loss=0.0397, ref_loss=0.0385, physics_loss=1.7094E-01, it_time=0.00429 s total_time=110.0 min
[Iteration 32900] total_loss=0.0486, data_loss=0.0397, ref_loss=0.0391, physics_loss=1.7050E-01, it_time=0.0043 s total_time=110.1 min
[Iteration 32950] total_loss=0.0487, data_loss=0.0397, ref_loss=0.0390, physics_loss=1.7319E-01, it_time=0.0043 s total_time=110.3 min
[Iteration 33000] total_loss=0.0485, data_loss=0.0395, ref_loss=0.0388, physics_loss=1.7760E-01, it_time=0.00429 s total_time=110.5 min
Total avg
Relative error [Fluid] 70.3
Relative error [Bound] 74.1
Relative error [Core] 68.8
Absolute error [Fluid] 0.1267
Absolute error [Bound] 0.1240
Absolute error [Core] 0.1277
Absolute error [Non-F] 0.0000
R.M.S.   error [Fluid] 0.1470
R.M.S.   error [Bound] 0.1453
R.M.S.   error [Core] 0.1457
R.M.S.   error [Non-F] 0.0000
[Iteration 33050] total_loss=0.0479, data_loss=0.0389, ref_loss=0.0391, physics_loss=1.7428E-01, it_time=0.00432 s total_time=110.7 min
[Iteration 33100] total_loss=0.0482, data_loss=0.0392, ref_loss=0.0387, physics_loss=1.7230E-01, it_time=0.00431 s total_time=110.8 min
[Iteration 33150] total_loss=0.0483, data_loss=0.0393, ref_loss=0.0392, physics_loss=1.7521E-01, it_time=0.00431 s total_time=111.0 min
[Iteration 33200] total_loss=0.0485, data_loss=0.0396, ref_loss=0.0387, physics_loss=1.7965E-01, it_time=0.00432 s total_time=111.2 min
[Iteration 33250] total_loss=0.0487, data_loss=0.0398, ref_loss=0.0385, physics_loss=1.7611E-01, it_time=0.00431 s total_time=111.3 min
[Iteration 33300] total_loss=0.0485, data_loss=0.0393, ref_loss=0.0389, physics_loss=1.7545E-01, it_time=0.00431 s total_time=111.5 min
[Iteration 33350] total_loss=0.0485, data_loss=0.0395, ref_loss=0.0391, physics_loss=1.7071E-01, it_time=0.00431 s total_time=111.7 min
[Iteration 33400] total_loss=0.0481, data_loss=0.0391, ref_loss=0.0384, physics_loss=1.7568E-01, it_time=0.00431 s total_time=111.8 min
[Iteration 33450] total_loss=0.0478, data_loss=0.0391, ref_loss=0.0386, physics_loss=1.7106E-01, it_time=0.00432 s total_time=112.0 min
[Iteration 33500] total_loss=0.0483, data_loss=0.0392, ref_loss=0.0384, physics_loss=1.7640E-01, it_time=0.0043 s total_time=112.2 min
Total avg
Relative error [Fluid] 70.4
Relative error [Bound] 74.4
Relative error [Core] 68.8
Absolute error [Fluid] 0.1274
Absolute error [Bound] 0.1249
Absolute error [Core] 0.1284
Absolute error [Non-F] 0.0000
R.M.S.   error [Fluid] 0.1477
R.M.S.   error [Bound] 0.1464
R.M.S.   error [Core] 0.1463
R.M.S.   error [Non-F] 0.0000
[Iteration 33550] total_loss=0.0483, data_loss=0.0393, ref_loss=0.0383, physics_loss=1.7311E-01, it_time=0.00433 s total_time=112.3 min
[Iteration 33600] total_loss=0.0488, data_loss=0.0398, ref_loss=0.0382, physics_loss=1.7702E-01, it_time=0.00432 s total_time=112.5 min
[Iteration 33650] total_loss=0.0477, data_loss=0.0389, ref_loss=0.0385, physics_loss=1.7049E-01, it_time=0.00431 s total_time=112.7 min
[Iteration 33700] total_loss=0.0487, data_loss=0.0396, ref_loss=0.0380, physics_loss=1.7405E-01, it_time=0.00429 s total_time=112.8 min
[Iteration 33750] total_loss=0.0483, data_loss=0.0394, ref_loss=0.0383, physics_loss=1.7084E-01, it_time=0.00429 s total_time=113.0 min
[Iteration 33800] total_loss=0.0480, data_loss=0.0391, ref_loss=0.0384, physics_loss=1.7056E-01, it_time=0.00429 s total_time=113.2 min
[Iteration 33850] total_loss=0.0489, data_loss=0.0396, ref_loss=0.0391, physics_loss=1.7310E-01, it_time=0.00428 s total_time=113.3 min
[Iteration 33900] total_loss=0.0480, data_loss=0.0389, ref_loss=0.0386, physics_loss=1.7987E-01, it_time=0.00428 s total_time=113.5 min
[Iteration 33950] total_loss=0.0482, data_loss=0.0394, ref_loss=0.0382, physics_loss=1.7747E-01, it_time=0.00428 s total_time=113.7 min
[Iteration 34000] total_loss=0.0487, data_loss=0.0398, ref_loss=0.0378, physics_loss=1.7340E-01, it_time=0.00428 s total_time=113.8 min
Total avg
Relative error [Fluid] 70.0
Relative error [Bound] 74.0
Relative error [Core] 68.4
Absolute error [Fluid] 0.1264
Absolute error [Bound] 0.1238
Absolute error [Core] 0.1274
Absolute error [Non-F] 0.0000
R.M.S.   error [Fluid] 0.1465
R.M.S.   error [Bound] 0.1449
R.M.S.   error [Core] 0.1452
R.M.S.   error [Non-F] 0.0000
[Iteration 34050] total_loss=0.0480, data_loss=0.0390, ref_loss=0.0384, physics_loss=1.7468E-01, it_time=0.00434 s total_time=114.0 min
[Iteration 34100] total_loss=0.0483, data_loss=0.0393, ref_loss=0.0380, physics_loss=1.7596E-01, it_time=0.00434 s total_time=114.2 min
[Iteration 34150] total_loss=0.0481, data_loss=0.0392, ref_loss=0.0386, physics_loss=1.7308E-01, it_time=0.00458 s total_time=114.4 min
[Iteration 34200] total_loss=0.0484, data_loss=0.0394, ref_loss=0.0385, physics_loss=1.7542E-01, it_time=0.00433 s total_time=114.5 min
[Iteration 34250] total_loss=0.0476, data_loss=0.0389, ref_loss=0.0381, physics_loss=1.7184E-01, it_time=0.00434 s total_time=114.7 min
[Iteration 34300] total_loss=0.0484, data_loss=0.0395, ref_loss=0.0380, physics_loss=1.7455E-01, it_time=0.00434 s total_time=114.8 min
[Iteration 34350] total_loss=0.0477, data_loss=0.0387, ref_loss=0.0388, physics_loss=1.7417E-01, it_time=0.00434 s total_time=115.0 min
[Iteration 34400] total_loss=0.0483, data_loss=0.0392, ref_loss=0.0383, physics_loss=1.7630E-01, it_time=0.00434 s total_time=115.2 min
[Iteration 34450] total_loss=0.0480, data_loss=0.0389, ref_loss=0.0384, physics_loss=1.7510E-01, it_time=0.00434 s total_time=115.3 min
[Iteration 34500] total_loss=0.0479, data_loss=0.0389, ref_loss=0.0388, physics_loss=1.7319E-01, it_time=0.00571 s total_time=115.5 min
Total avg
Relative error [Fluid] 70.3
Relative error [Bound] 74.2
Relative error [Core] 68.7
Absolute error [Fluid] 0.1266
Absolute error [Bound] 0.1243
Absolute error [Core] 0.1275
Absolute error [Non-F] 0.0000
R.M.S.   error [Fluid] 0.1468
R.M.S.   error [Bound] 0.1450
R.M.S.   error [Core] 0.1456
R.M.S.   error [Non-F] 0.0000
[Iteration 34550] total_loss=0.0478, data_loss=0.0389, ref_loss=0.0385, physics_loss=1.7417E-01, it_time=0.00446 s total_time=115.7 min
[Iteration 34600] total_loss=0.0484, data_loss=0.0395, ref_loss=0.0383, physics_loss=1.7633E-01, it_time=0.00444 s total_time=115.9 min
[Iteration 34650] total_loss=0.0481, data_loss=0.0389, ref_loss=0.0385, physics_loss=1.7639E-01, it_time=0.00433 s total_time=116.0 min
[Iteration 34700] total_loss=0.0481, data_loss=0.0389, ref_loss=0.0387, physics_loss=1.7612E-01, it_time=0.00433 s total_time=116.2 min
[Iteration 34750] total_loss=0.0479, data_loss=0.0390, ref_loss=0.0383, physics_loss=1.7266E-01, it_time=0.00433 s total_time=116.4 min
[Iteration 34800] total_loss=0.0477, data_loss=0.0390, ref_loss=0.0383, physics_loss=1.7289E-01, it_time=0.00433 s total_time=116.5 min
[Iteration 34850] total_loss=0.0483, data_loss=0.0393, ref_loss=0.0386, physics_loss=1.7706E-01, it_time=0.00433 s total_time=116.7 min
[Iteration 34900] total_loss=0.0481, data_loss=0.0390, ref_loss=0.0387, physics_loss=1.7186E-01, it_time=0.00433 s total_time=116.9 min
[Iteration 34950] total_loss=0.0478, data_loss=0.0388, ref_loss=0.0390, physics_loss=1.7575E-01, it_time=0.00432 s total_time=117.0 min
[Iteration 35000] total_loss=0.0477, data_loss=0.0388, ref_loss=0.0379, physics_loss=1.7575E-01, it_time=0.00432 s total_time=117.2 min
Total avg
Relative error [Fluid] 70.1
Relative error [Bound] 74.4
Relative error [Core] 68.3
Absolute error [Fluid] 0.1265
Absolute error [Bound] 0.1247
Absolute error [Core] 0.1271
Absolute error [Non-F] 0.0000
R.M.S.   error [Fluid] 0.1466
R.M.S.   error [Bound] 0.1451
R.M.S.   error [Core] 0.1452
R.M.S.   error [Non-F] 0.0000
Checkpoint saved to ../models/260522_Aomodel_Healthy_4dsim_V250_n6_VanillaPINN_NOFF_2/260522_Aomodel_Healthy_4dsim_V250_n6_VanillaPINN_NOFF_2_FFN_1t_20260522-2337/checkpoints/260522_Aomodel_Healthy_4dsim_V250_n6_VanillaPINN_NOFF_2_FFN_1t_it35000.pth
[Iteration 35050] total_loss=0.0482, data_loss=0.0394, ref_loss=0.0381, physics_loss=1.7468E-01, it_time=0.00443 s total_time=117.4 min
[Iteration 35100] total_loss=0.0479, data_loss=0.0388, ref_loss=0.0380, physics_loss=1.7281E-01, it_time=0.00444 s total_time=117.6 min
[Iteration 35150] total_loss=0.0480, data_loss=0.0391, ref_loss=0.0385, physics_loss=1.7484E-01, it_time=0.00432 s total_time=117.7 min
[Iteration 35200] total_loss=0.0471, data_loss=0.0382, ref_loss=0.0381, physics_loss=1.7360E-01, it_time=0.00432 s total_time=117.9 min
[Iteration 35250] total_loss=0.0479, data_loss=0.0389, ref_loss=0.0386, physics_loss=1.7379E-01, it_time=0.0044 s total_time=118.1 min
[Iteration 35300] total_loss=0.0479, data_loss=0.0388, ref_loss=0.0379, physics_loss=1.7639E-01, it_time=0.00433 s total_time=118.2 min
[Iteration 35350] total_loss=0.0481, data_loss=0.0392, ref_loss=0.0377, physics_loss=1.7504E-01, it_time=0.00433 s total_time=118.4 min
[Iteration 35400] total_loss=0.0480, data_loss=0.0391, ref_loss=0.0387, physics_loss=1.7109E-01, it_time=0.00434 s total_time=118.6 min
[Iteration 35450] total_loss=0.0484, data_loss=0.0394, ref_loss=0.0384, physics_loss=1.7515E-01, it_time=0.00432 s total_time=118.7 min
[Iteration 35500] total_loss=0.0477, data_loss=0.0388, ref_loss=0.0376, physics_loss=1.7294E-01, it_time=0.00432 s total_time=118.9 min
Total avg
Relative error [Fluid] 69.9
Relative error [Bound] 73.7
Relative error [Core] 68.4
Absolute error [Fluid] 0.1259
Absolute error [Bound] 0.1230
Absolute error [Core] 0.1271
Absolute error [Non-F] 0.0000
R.M.S.   error [Fluid] 0.1459
R.M.S.   error [Bound] 0.1434
R.M.S.   error [Core] 0.1450
R.M.S.   error [Non-F] 0.0000
[Iteration 35550] total_loss=0.0478, data_loss=0.0388, ref_loss=0.0387, physics_loss=1.7403E-01, it_time=0.0043 s total_time=119.1 min
[Iteration 35600] total_loss=0.0481, data_loss=0.0390, ref_loss=0.0387, physics_loss=1.7392E-01, it_time=0.00574 s total_time=119.3 min
[Iteration 35650] total_loss=0.0473, data_loss=0.0383, ref_loss=0.0378, physics_loss=1.7616E-01, it_time=0.0043 s total_time=119.4 min
[Iteration 35700] total_loss=0.0475, data_loss=0.0389, ref_loss=0.0387, physics_loss=1.7275E-01, it_time=0.00431 s total_time=119.6 min
[Iteration 35750] total_loss=0.0487, data_loss=0.0396, ref_loss=0.0384, physics_loss=1.7319E-01, it_time=0.00432 s total_time=119.7 min
[Iteration 35800] total_loss=0.0479, data_loss=0.0389, ref_loss=0.0381, physics_loss=1.7450E-01, it_time=0.0043 s total_time=119.9 min
[Iteration 35850] total_loss=0.0483, data_loss=0.0393, ref_loss=0.0383, physics_loss=1.7471E-01, it_time=0.0043 s total_time=120.1 min
[Iteration 35900] total_loss=0.0477, data_loss=0.0387, ref_loss=0.0381, physics_loss=1.7590E-01, it_time=0.00431 s total_time=120.2 min
[Iteration 35950] total_loss=0.0477, data_loss=0.0388, ref_loss=0.0388, physics_loss=1.7276E-01, it_time=0.00433 s total_time=120.4 min
[Iteration 36000] total_loss=0.0479, data_loss=0.0391, ref_loss=0.0381, physics_loss=1.7265E-01, it_time=0.00433 s total_time=120.6 min
Total avg
Relative error [Fluid] 70.1
Relative error [Bound] 74.3
Relative error [Core] 68.4
Absolute error [Fluid] 0.1266
Absolute error [Bound] 0.1236
Absolute error [Core] 0.1278
Absolute error [Non-F] 0.0000
R.M.S.   error [Fluid] 0.1464
R.M.S.   error [Bound] 0.1444
R.M.S.   error [Core] 0.1453
R.M.S.   error [Non-F] 0.0000
[Iteration 36050] total_loss=0.0479, data_loss=0.0389, ref_loss=0.0398, physics_loss=1.7457E-01, it_time=0.00432 s total_time=120.8 min
[Iteration 36100] total_loss=0.0480, data_loss=0.0390, ref_loss=0.0383, physics_loss=1.7383E-01, it_time=0.00431 s total_time=120.9 min
[Iteration 36150] total_loss=0.0480, data_loss=0.0389, ref_loss=0.0388, physics_loss=1.7326E-01, it_time=0.00431 s total_time=121.1 min
[Iteration 36200] total_loss=0.0477, data_loss=0.0388, ref_loss=0.0377, physics_loss=1.7385E-01, it_time=0.0043 s total_time=121.3 min
[Iteration 36250] total_loss=0.0488, data_loss=0.0398, ref_loss=0.0384, physics_loss=1.7890E-01, it_time=0.00426 s total_time=121.4 min
[Iteration 36300] total_loss=0.0483, data_loss=0.0393, ref_loss=0.0383, physics_loss=1.7714E-01, it_time=0.00426 s total_time=121.6 min
[Iteration 36350] total_loss=0.0479, data_loss=0.0393, ref_loss=0.0378, physics_loss=1.7260E-01, it_time=0.00426 s total_time=121.7 min
[Iteration 36400] total_loss=0.0480, data_loss=0.0394, ref_loss=0.0385, physics_loss=1.7221E-01, it_time=0.00426 s total_time=121.9 min
[Iteration 36450] total_loss=0.0482, data_loss=0.0391, ref_loss=0.0389, physics_loss=1.7639E-01, it_time=0.00426 s total_time=122.1 min
[Iteration 36500] total_loss=0.0478, data_loss=0.0385, ref_loss=0.0394, physics_loss=1.7568E-01, it_time=0.00426 s total_time=122.2 min
Total avg
Relative error [Fluid] 71.2
Relative error [Bound] 75.8
Relative error [Core] 69.3
Absolute error [Fluid] 0.1280
Absolute error [Bound] 0.1256
Absolute error [Core] 0.1290
Absolute error [Non-F] 0.0000
R.M.S.   error [Fluid] 0.1479
R.M.S.   error [Bound] 0.1463
R.M.S.   error [Core] 0.1467
R.M.S.   error [Non-F] 0.0000
[Iteration 36550] total_loss=0.0485, data_loss=0.0396, ref_loss=0.0380, physics_loss=1.7615E-01, it_time=0.00433 s total_time=122.4 min
[Iteration 36600] total_loss=0.0474, data_loss=0.0387, ref_loss=0.0378, physics_loss=1.7039E-01, it_time=0.00438 s total_time=122.6 min
[Iteration 36650] total_loss=0.0485, data_loss=0.0395, ref_loss=0.0384, physics_loss=1.7436E-01, it_time=0.00471 s total_time=122.8 min
[Iteration 36700] total_loss=0.0479, data_loss=0.0388, ref_loss=0.0390, physics_loss=1.7797E-01, it_time=0.00438 s total_time=122.9 min
[Iteration 36750] total_loss=0.0481, data_loss=0.0391, ref_loss=0.0381, physics_loss=1.7320E-01, it_time=0.00434 s total_time=123.1 min
[Iteration 36800] total_loss=0.0478, data_loss=0.0388, ref_loss=0.0379, physics_loss=1.7583E-01, it_time=0.00434 s total_time=123.3 min
[Iteration 36850] total_loss=0.0474, data_loss=0.0384, ref_loss=0.0381, physics_loss=1.7638E-01, it_time=0.00433 s total_time=123.4 min
[Iteration 36900] total_loss=0.0475, data_loss=0.0386, ref_loss=0.0379, physics_loss=1.7601E-01, it_time=0.00435 s total_time=123.6 min
[Iteration 36950] total_loss=0.0476, data_loss=0.0388, ref_loss=0.0378, physics_loss=1.7319E-01, it_time=0.00432 s total_time=123.7 min
[Iteration 37000] total_loss=0.0479, data_loss=0.0391, ref_loss=0.0380, physics_loss=1.7438E-01, it_time=0.00436 s total_time=123.9 min
Total avg
Relative error [Fluid] 70.5
Relative error [Bound] 75.0
Relative error [Core] 68.7
Absolute error [Fluid] 0.1271
Absolute error [Bound] 0.1244
Absolute error [Core] 0.1282
Absolute error [Non-F] 0.0000
R.M.S.   error [Fluid] 0.1470
R.M.S.   error [Bound] 0.1451
R.M.S.   error [Core] 0.1460
R.M.S.   error [Non-F] 0.0000
[Iteration 37050] total_loss=0.0474, data_loss=0.0385, ref_loss=0.0383, physics_loss=1.7554E-01, it_time=0.00436 s total_time=124.1 min
[Iteration 37100] total_loss=0.0479, data_loss=0.0391, ref_loss=0.0390, physics_loss=1.7608E-01, it_time=0.00436 s total_time=124.3 min
[Iteration 37150] total_loss=0.0473, data_loss=0.0382, ref_loss=0.0383, physics_loss=1.7400E-01, it_time=0.00436 s total_time=124.4 min
[Iteration 37200] total_loss=0.0479, data_loss=0.0390, ref_loss=0.0384, physics_loss=1.7562E-01, it_time=0.00436 s total_time=124.6 min
[Iteration 37250] total_loss=0.0476, data_loss=0.0388, ref_loss=0.0376, physics_loss=1.7411E-01, it_time=0.00428 s total_time=124.8 min
[Iteration 37300] total_loss=0.0476, data_loss=0.0385, ref_loss=0.0381, physics_loss=1.7364E-01, it_time=0.00428 s total_time=124.9 min
[Iteration 37350] total_loss=0.0481, data_loss=0.0391, ref_loss=0.0388, physics_loss=1.7572E-01, it_time=0.00428 s total_time=125.1 min
[Iteration 37400] total_loss=0.0482, data_loss=0.0392, ref_loss=0.0382, physics_loss=1.7299E-01, it_time=0.00428 s total_time=125.3 min
[Iteration 37450] total_loss=0.0480, data_loss=0.0388, ref_loss=0.0383, physics_loss=1.7551E-01, it_time=0.00568 s total_time=125.4 min
[Iteration 37500] total_loss=0.0479, data_loss=0.0389, ref_loss=0.0381, physics_loss=1.7319E-01, it_time=0.00428 s total_time=125.6 min
Total avg
Relative error [Fluid] 69.8
Relative error [Bound] 73.6
Relative error [Core] 68.3
Absolute error [Fluid] 0.1255
Absolute error [Bound] 0.1224
Absolute error [Core] 0.1267
Absolute error [Non-F] 0.0000
R.M.S.   error [Fluid] 0.1453
R.M.S.   error [Bound] 0.1430
R.M.S.   error [Core] 0.1444
R.M.S.   error [Non-F] 0.0000
[Iteration 37550] total_loss=0.0479, data_loss=0.0391, ref_loss=0.0383, physics_loss=1.7531E-01, it_time=0.00433 s total_time=125.8 min
[Iteration 37600] total_loss=0.0475, data_loss=0.0388, ref_loss=0.0381, physics_loss=1.7014E-01, it_time=0.00433 s total_time=126.0 min
[Iteration 37650] total_loss=0.0477, data_loss=0.0391, ref_loss=0.0380, physics_loss=1.7215E-01, it_time=0.00429 s total_time=126.1 min
[Iteration 37700] total_loss=0.0472, data_loss=0.0383, ref_loss=0.0376, physics_loss=1.7393E-01, it_time=0.00428 s total_time=126.3 min
[Iteration 37750] total_loss=0.0475, data_loss=0.0385, ref_loss=0.0378, physics_loss=1.7399E-01, it_time=0.00427 s total_time=126.4 min
[Iteration 37800] total_loss=0.0481, data_loss=0.0393, ref_loss=0.0375, physics_loss=1.7087E-01, it_time=0.00428 s total_time=126.6 min
[Iteration 37850] total_loss=0.0474, data_loss=0.0387, ref_loss=0.0388, physics_loss=1.7159E-01, it_time=0.00427 s total_time=126.8 min
[Iteration 37900] total_loss=0.0478, data_loss=0.0387, ref_loss=0.0378, physics_loss=1.7842E-01, it_time=0.00427 s total_time=126.9 min
[Iteration 37950] total_loss=0.0475, data_loss=0.0385, ref_loss=0.0385, physics_loss=1.7298E-01, it_time=0.00427 s total_time=127.1 min
[Iteration 38000] total_loss=0.0476, data_loss=0.0385, ref_loss=0.0385, physics_loss=1.7616E-01, it_time=0.00427 s total_time=127.3 min
Total avg
Relative error [Fluid] 69.9
Relative error [Bound] 74.3
Relative error [Core] 68.1
Absolute error [Fluid] 0.1259
Absolute error [Bound] 0.1235
Absolute error [Core] 0.1269
Absolute error [Non-F] 0.0000
R.M.S.   error [Fluid] 0.1459
R.M.S.   error [Bound] 0.1443
R.M.S.   error [Core] 0.1446
R.M.S.   error [Non-F] 0.0000
[Iteration 38050] total_loss=0.0473, data_loss=0.0385, ref_loss=0.0379, physics_loss=1.7315E-01, it_time=0.00428 s total_time=127.5 min
[Iteration 38100] total_loss=0.0475, data_loss=0.0386, ref_loss=0.0381, physics_loss=1.7626E-01, it_time=0.00428 s total_time=127.6 min
[Iteration 38150] total_loss=0.0476, data_loss=0.0388, ref_loss=0.0379, physics_loss=1.7460E-01, it_time=0.00428 s total_time=127.8 min
[Iteration 38200] total_loss=0.0477, data_loss=0.0386, ref_loss=0.0375, physics_loss=1.7517E-01, it_time=0.0048 s total_time=127.9 min
[Iteration 38250] total_loss=0.0475, data_loss=0.0386, ref_loss=0.0387, physics_loss=1.7510E-01, it_time=0.00428 s total_time=128.1 min
[Iteration 38300] total_loss=0.0476, data_loss=0.0387, ref_loss=0.0384, physics_loss=1.7244E-01, it_time=0.00429 s total_time=128.3 min
[Iteration 38350] total_loss=0.0478, data_loss=0.0388, ref_loss=0.0377, physics_loss=1.7551E-01, it_time=0.00429 s total_time=128.4 min
[Iteration 38400] total_loss=0.0469, data_loss=0.0382, ref_loss=0.0378, physics_loss=1.7283E-01, it_time=0.0043 s total_time=128.6 min
[Iteration 38450] total_loss=0.0474, data_loss=0.0387, ref_loss=0.0388, physics_loss=1.7100E-01, it_time=0.0044 s total_time=128.8 min
[Iteration 38500] total_loss=0.0479, data_loss=0.0389, ref_loss=0.0379, physics_loss=1.7470E-01, it_time=0.0043 s total_time=128.9 min
Total avg
Relative error [Fluid] 70.0
Relative error [Bound] 74.3
Relative error [Core] 68.3
Absolute error [Fluid] 0.1257
Absolute error [Bound] 0.1232
Absolute error [Core] 0.1267
Absolute error [Non-F] 0.0000
R.M.S.   error [Fluid] 0.1456
R.M.S.   error [Bound] 0.1439
R.M.S.   error [Core] 0.1443
R.M.S.   error [Non-F] 0.0000
[Iteration 38550] total_loss=0.0476, data_loss=0.0387, ref_loss=0.0378, physics_loss=1.7733E-01, it_time=0.00445 s total_time=129.1 min
[Iteration 38600] total_loss=0.0481, data_loss=0.0388, ref_loss=0.0377, physics_loss=1.7823E-01, it_time=0.00444 s total_time=129.3 min
[Iteration 38650] total_loss=0.0479, data_loss=0.0387, ref_loss=0.0380, physics_loss=1.7731E-01, it_time=0.00443 s total_time=129.5 min
[Iteration 38700] total_loss=0.0475, data_loss=0.0385, ref_loss=0.0377, physics_loss=1.7716E-01, it_time=0.00435 s total_time=129.6 min
[Iteration 38750] total_loss=0.0476, data_loss=0.0388, ref_loss=0.0380, physics_loss=1.6956E-01, it_time=0.00433 s total_time=129.8 min
[Iteration 38800] total_loss=0.0473, data_loss=0.0384, ref_loss=0.0380, physics_loss=1.7379E-01, it_time=0.00434 s total_time=130.0 min
[Iteration 38850] total_loss=0.0475, data_loss=0.0385, ref_loss=0.0382, physics_loss=1.7294E-01, it_time=0.00434 s total_time=130.1 min
[Iteration 38900] total_loss=0.0478, data_loss=0.0389, ref_loss=0.0386, physics_loss=1.7560E-01, it_time=0.00437 s total_time=130.3 min
[Iteration 38950] total_loss=0.0476, data_loss=0.0384, ref_loss=0.0384, physics_loss=1.7671E-01, it_time=0.0045 s total_time=130.5 min
[Iteration 39000] total_loss=0.0480, data_loss=0.0390, ref_loss=0.0382, physics_loss=1.7386E-01, it_time=0.00434 s total_time=130.6 min
Total avg
Relative error [Fluid] 70.1
Relative error [Bound] 74.8
Relative error [Core] 68.2
Absolute error [Fluid] 0.1267
Absolute error [Bound] 0.1247
Absolute error [Core] 0.1275
Absolute error [Non-F] 0.0000
R.M.S.   error [Fluid] 0.1466
R.M.S.   error [Bound] 0.1453
R.M.S.   error [Core] 0.1453
R.M.S.   error [Non-F] 0.0000
[Iteration 39050] total_loss=0.0480, data_loss=0.0392, ref_loss=0.0380, physics_loss=1.7351E-01, it_time=0.00443 s total_time=130.8 min
[Iteration 39100] total_loss=0.0471, data_loss=0.0380, ref_loss=0.0382, physics_loss=1.7495E-01, it_time=0.00431 s total_time=131.0 min
[Iteration 39150] total_loss=0.0478, data_loss=0.0388, ref_loss=0.0379, physics_loss=1.7642E-01, it_time=0.00432 s total_time=131.1 min
[Iteration 39200] total_loss=0.0473, data_loss=0.0386, ref_loss=0.0374, physics_loss=1.7435E-01, it_time=0.00432 s total_time=131.3 min
[Iteration 39250] total_loss=0.0476, data_loss=0.0387, ref_loss=0.0379, physics_loss=1.7375E-01, it_time=0.00433 s total_time=131.5 min
[Iteration 39300] total_loss=0.0473, data_loss=0.0384, ref_loss=0.0373, physics_loss=1.7435E-01, it_time=0.00433 s total_time=131.6 min
[Iteration 39350] total_loss=0.0477, data_loss=0.0388, ref_loss=0.0374, physics_loss=1.7541E-01, it_time=0.00428 s total_time=131.8 min
[Iteration 39400] total_loss=0.0477, data_loss=0.0390, ref_loss=0.0378, physics_loss=1.7209E-01, it_time=0.00428 s total_time=132.0 min
[Iteration 39450] total_loss=0.0474, data_loss=0.0383, ref_loss=0.0379, physics_loss=1.7260E-01, it_time=0.00427 s total_time=132.1 min
[Iteration 39500] total_loss=0.0470, data_loss=0.0381, ref_loss=0.0376, physics_loss=1.7426E-01, it_time=0.00427 s total_time=132.3 min
Total avg
Relative error [Fluid] 69.7
Relative error [Bound] 73.8
Relative error [Core] 68.1
Absolute error [Fluid] 0.1253
Absolute error [Bound] 0.1224
Absolute error [Core] 0.1265
Absolute error [Non-F] 0.0000
R.M.S.   error [Fluid] 0.1453
R.M.S.   error [Bound] 0.1433
R.M.S.   error [Core] 0.1442
R.M.S.   error [Non-F] 0.0000
[Iteration 39550] total_loss=0.0477, data_loss=0.0388, ref_loss=0.0371, physics_loss=1.7616E-01, it_time=0.00433 s total_time=132.5 min
[Iteration 39600] total_loss=0.0468, data_loss=0.0379, ref_loss=0.0376, physics_loss=1.7416E-01, it_time=0.00434 s total_time=132.6 min
[Iteration 39650] total_loss=0.0479, data_loss=0.0389, ref_loss=0.0381, physics_loss=1.7440E-01, it_time=0.00427 s total_time=132.8 min
[Iteration 39700] total_loss=0.0477, data_loss=0.0389, ref_loss=0.0376, physics_loss=1.7595E-01, it_time=0.0048 s total_time=133.0 min
[Iteration 39750] total_loss=0.0475, data_loss=0.0387, ref_loss=0.0376, physics_loss=1.7671E-01, it_time=0.00427 s total_time=133.1 min
[Iteration 39800] total_loss=0.0477, data_loss=0.0388, ref_loss=0.0378, physics_loss=1.7519E-01, it_time=0.00426 s total_time=133.3 min
[Iteration 39850] total_loss=0.0476, data_loss=0.0388, ref_loss=0.0382, physics_loss=1.7220E-01, it_time=0.00429 s total_time=133.5 min
[Iteration 39900] total_loss=0.0473, data_loss=0.0384, ref_loss=0.0377, physics_loss=1.7524E-01, it_time=0.00427 s total_time=133.6 min
[Iteration 39950] total_loss=0.0474, data_loss=0.0387, ref_loss=0.0375, physics_loss=1.7161E-01, it_time=0.00429 s total_time=133.8 min
[Iteration 40000] total_loss=0.0474, data_loss=0.0385, ref_loss=0.0385, physics_loss=1.7643E-01, it_time=0.00427 s total_time=133.9 min
Total avg
Relative error [Fluid] 69.7
Relative error [Bound] 74.0
Relative error [Core] 68.0
Absolute error [Fluid] 0.1258
Absolute error [Bound] 0.1229
Absolute error [Core] 0.1269
Absolute error [Non-F] 0.0000
R.M.S.   error [Fluid] 0.1455
R.M.S.   error [Bound] 0.1435
R.M.S.   error [Core] 0.1446
R.M.S.   error [Non-F] 0.0000
Checkpoint saved to ../models/260522_Aomodel_Healthy_4dsim_V250_n6_VanillaPINN_NOFF_2/260522_Aomodel_Healthy_4dsim_V250_n6_VanillaPINN_NOFF_2_FFN_1t_20260522-2337/checkpoints/260522_Aomodel_Healthy_4dsim_V250_n6_VanillaPINN_NOFF_2_FFN_1t_it40000.pth
[Iteration 40050] total_loss=0.0475, data_loss=0.0384, ref_loss=0.0379, physics_loss=1.7302E-01, it_time=0.0045 s total_time=134.1 min
[Iteration 40100] total_loss=0.0470, data_loss=0.0381, ref_loss=0.0378, physics_loss=1.7610E-01, it_time=0.00444 s total_time=134.3 min
[Iteration 40150] total_loss=0.0475, data_loss=0.0385, ref_loss=0.0374, physics_loss=1.7352E-01, it_time=0.00433 s total_time=134.5 min
[Iteration 40200] total_loss=0.0474, data_loss=0.0385, ref_loss=0.0380, physics_loss=1.7641E-01, it_time=0.00461 s total_time=134.7 min
[Iteration 40250] total_loss=0.0477, data_loss=0.0386, ref_loss=0.0380, physics_loss=1.7573E-01, it_time=0.00435 s total_time=134.8 min
[Iteration 40300] total_loss=0.0476, data_loss=0.0387, ref_loss=0.0378, physics_loss=1.7532E-01, it_time=0.00435 s total_time=135.0 min
[Iteration 40350] total_loss=0.0473, data_loss=0.0384, ref_loss=0.0376, physics_loss=1.7634E-01, it_time=0.00436 s total_time=135.2 min
[Iteration 40400] total_loss=0.0483, data_loss=0.0391, ref_loss=0.0371, physics_loss=1.7390E-01, it_time=0.00436 s total_time=135.3 min
[Iteration 40450] total_loss=0.0467, data_loss=0.0381, ref_loss=0.0374, physics_loss=1.7069E-01, it_time=0.00437 s total_time=135.5 min
[Iteration 40500] total_loss=0.0472, data_loss=0.0382, ref_loss=0.0376, physics_loss=1.7707E-01, it_time=0.00434 s total_time=135.7 min
Total avg
Relative error [Fluid] 69.7
Relative error [Bound] 73.9
Relative error [Core] 68.0
Absolute error [Fluid] 0.1252
Absolute error [Bound] 0.1225
Absolute error [Core] 0.1263
Absolute error [Non-F] 0.0000
R.M.S.   error [Fluid] 0.1451
R.M.S.   error [Bound] 0.1430
R.M.S.   error [Core] 0.1440
R.M.S.   error [Non-F] 0.0000
[Iteration 40550] total_loss=0.0472, data_loss=0.0384, ref_loss=0.0371, physics_loss=1.7520E-01, it_time=0.00444 s total_time=135.9 min
[Iteration 40600] total_loss=0.0473, data_loss=0.0383, ref_loss=0.0374, physics_loss=1.7742E-01, it_time=0.00432 s total_time=136.0 min
[Iteration 40650] total_loss=0.0476, data_loss=0.0387, ref_loss=0.0368, physics_loss=1.7528E-01, it_time=0.00432 s total_time=136.2 min
[Iteration 40700] total_loss=0.0469, data_loss=0.0379, ref_loss=0.0376, physics_loss=1.7622E-01, it_time=0.00433 s total_time=136.3 min
[Iteration 40750] total_loss=0.0476, data_loss=0.0386, ref_loss=0.0380, physics_loss=1.7197E-01, it_time=0.00432 s total_time=136.5 min
[Iteration 40800] total_loss=0.0473, data_loss=0.0381, ref_loss=0.0373, physics_loss=1.7656E-01, it_time=0.00487 s total_time=136.7 min
[Iteration 40850] total_loss=0.0476, data_loss=0.0386, ref_loss=0.0374, physics_loss=1.7552E-01, it_time=0.00434 s total_time=136.8 min
[Iteration 40900] total_loss=0.0475, data_loss=0.0386, ref_loss=0.0372, physics_loss=1.7330E-01, it_time=0.00433 s total_time=137.0 min
[Iteration 40950] total_loss=0.0473, data_loss=0.0387, ref_loss=0.0370, physics_loss=1.6985E-01, it_time=0.00433 s total_time=137.2 min
[Iteration 41000] total_loss=0.0467, data_loss=0.0378, ref_loss=0.0378, physics_loss=1.7550E-01, it_time=0.00433 s total_time=137.3 min
Total avg
Relative error [Fluid] 70.2
Relative error [Bound] 74.9
Relative error [Core] 68.3
Absolute error [Fluid] 0.1260
Absolute error [Bound] 0.1238
Absolute error [Core] 0.1268
Absolute error [Non-F] 0.0000
R.M.S.   error [Fluid] 0.1458
R.M.S.   error [Bound] 0.1441
R.M.S.   error [Core] 0.1447
R.M.S.   error [Non-F] 0.0000
[Iteration 41050] total_loss=0.0473, data_loss=0.0383, ref_loss=0.0369, physics_loss=1.7570E-01, it_time=0.00446 s total_time=137.5 min
[Iteration 41100] total_loss=0.0471, data_loss=0.0381, ref_loss=0.0376, physics_loss=1.7638E-01, it_time=0.00445 s total_time=137.7 min
[Iteration 41150] total_loss=0.0475, data_loss=0.0385, ref_loss=0.0383, physics_loss=1.7441E-01, it_time=0.00444 s total_time=137.9 min
[Iteration 41200] total_loss=0.0464, data_loss=0.0375, ref_loss=0.0371, physics_loss=1.7526E-01, it_time=0.00445 s total_time=138.1 min
[Iteration 41250] total_loss=0.0477, data_loss=0.0387, ref_loss=0.0376, physics_loss=1.7410E-01, it_time=0.00446 s total_time=138.2 min
[Iteration 41300] total_loss=0.0472, data_loss=0.0382, ref_loss=0.0376, physics_loss=1.7725E-01, it_time=0.00433 s total_time=138.4 min
[Iteration 41350] total_loss=0.0476, data_loss=0.0388, ref_loss=0.0378, physics_loss=1.7242E-01, it_time=0.00434 s total_time=138.6 min
[Iteration 41400] total_loss=0.0469, data_loss=0.0380, ref_loss=0.0374, physics_loss=1.7469E-01, it_time=0.00439 s total_time=138.7 min
[Iteration 41450] total_loss=0.0473, data_loss=0.0384, ref_loss=0.0379, physics_loss=1.7661E-01, it_time=0.00433 s total_time=138.9 min
[Iteration 41500] total_loss=0.0473, data_loss=0.0386, ref_loss=0.0374, physics_loss=1.7299E-01, it_time=0.00435 s total_time=139.0 min
Total avg
Relative error [Fluid] 69.8
Relative error [Bound] 74.1
Relative error [Core] 68.1
Absolute error [Fluid] 0.1254
Absolute error [Bound] 0.1225
Absolute error [Core] 0.1266
Absolute error [Non-F] 0.0000
R.M.S.   error [Fluid] 0.1452
R.M.S.   error [Bound] 0.1433
R.M.S.   error [Core] 0.1442
R.M.S.   error [Non-F] 0.0000
[Iteration 41550] total_loss=0.0473, data_loss=0.0384, ref_loss=0.0374, physics_loss=1.7311E-01, it_time=0.00443 s total_time=139.3 min
[Iteration 41600] total_loss=0.0469, data_loss=0.0380, ref_loss=0.0372, physics_loss=1.7774E-01, it_time=0.00433 s total_time=139.4 min
[Iteration 41650] total_loss=0.0475, data_loss=0.0387, ref_loss=0.0375, physics_loss=1.7324E-01, it_time=0.00445 s total_time=139.6 min
[Iteration 41700] total_loss=0.0475, data_loss=0.0388, ref_loss=0.0376, physics_loss=1.7627E-01, it_time=0.00437 s total_time=139.7 min
[Iteration 41750] total_loss=0.0478, data_loss=0.0390, ref_loss=0.0375, physics_loss=1.7534E-01, it_time=0.00436 s total_time=139.9 min
[Iteration 41800] total_loss=0.0473, data_loss=0.0383, ref_loss=0.0373, physics_loss=1.7645E-01, it_time=0.00436 s total_time=140.1 min
[Iteration 41850] total_loss=0.0472, data_loss=0.0384, ref_loss=0.0370, physics_loss=1.7129E-01, it_time=0.00434 s total_time=140.2 min
[Iteration 41900] total_loss=0.0470, data_loss=0.0380, ref_loss=0.0372, physics_loss=1.7573E-01, it_time=0.00481 s total_time=140.4 min
[Iteration 41950] total_loss=0.0467, data_loss=0.0380, ref_loss=0.0373, physics_loss=1.7489E-01, it_time=0.00434 s total_time=140.6 min
[Iteration 42000] total_loss=0.0469, data_loss=0.0384, ref_loss=0.0376, physics_loss=1.7018E-01, it_time=0.00434 s total_time=140.7 min
Total avg
Relative error [Fluid] 70.2
Relative error [Bound] 74.5
Relative error [Core] 68.5
Absolute error [Fluid] 0.1256
Absolute error [Bound] 0.1229
Absolute error [Core] 0.1267
Absolute error [Non-F] 0.0000
R.M.S.   error [Fluid] 0.1453
R.M.S.   error [Bound] 0.1428
R.M.S.   error [Core] 0.1444
R.M.S.   error [Non-F] 0.0000
[Iteration 42050] total_loss=0.0475, data_loss=0.0386, ref_loss=0.0384, physics_loss=1.7275E-01, it_time=0.00459 s total_time=140.9 min
[Iteration 42100] total_loss=0.0472, data_loss=0.0381, ref_loss=0.0380, physics_loss=1.7415E-01, it_time=0.00444 s total_time=141.1 min
[Iteration 42150] total_loss=0.0471, data_loss=0.0382, ref_loss=0.0374, physics_loss=1.7525E-01, it_time=0.00454 s total_time=141.3 min
[Iteration 42200] total_loss=0.0469, data_loss=0.0381, ref_loss=0.0374, physics_loss=1.7581E-01, it_time=0.00445 s total_time=141.5 min
[Iteration 42250] total_loss=0.0473, data_loss=0.0383, ref_loss=0.0373, physics_loss=1.7494E-01, it_time=0.00434 s total_time=141.6 min
[Iteration 42300] total_loss=0.0472, data_loss=0.0381, ref_loss=0.0378, physics_loss=1.7574E-01, it_time=0.00435 s total_time=141.8 min
[Iteration 42350] total_loss=0.0468, data_loss=0.0380, ref_loss=0.0377, physics_loss=1.7527E-01, it_time=0.00434 s total_time=142.0 min
[Iteration 42400] total_loss=0.0469, data_loss=0.0380, ref_loss=0.0377, physics_loss=1.7306E-01, it_time=0.00434 s total_time=142.1 min
[Iteration 42450] total_loss=0.0470, data_loss=0.0380, ref_loss=0.0380, physics_loss=1.7595E-01, it_time=0.00441 s total_time=142.3 min
[Iteration 42500] total_loss=0.0471, data_loss=0.0384, ref_loss=0.0371, physics_loss=1.7324E-01, it_time=0.00435 s total_time=142.4 min
Total avg
Relative error [Fluid] 69.6
Relative error [Bound] 73.3
Relative error [Core] 68.1
Absolute error [Fluid] 0.1247
Absolute error [Bound] 0.1214
Absolute error [Core] 0.1260
Absolute error [Non-F] 0.0000
R.M.S.   error [Fluid] 0.1445
R.M.S.   error [Bound] 0.1417
R.M.S.   error [Core] 0.1437
R.M.S.   error [Non-F] 0.0000
[Iteration 42550] total_loss=0.0474, data_loss=0.0383, ref_loss=0.0368, physics_loss=1.7559E-01, it_time=0.00446 s total_time=142.6 min
[Iteration 42600] total_loss=0.0470, data_loss=0.0382, ref_loss=0.0374, physics_loss=1.7326E-01, it_time=0.00434 s total_time=142.8 min
[Iteration 42650] total_loss=0.0470, data_loss=0.0381, ref_loss=0.0370, physics_loss=1.7508E-01, it_time=0.00434 s total_time=143.0 min
[Iteration 42700] total_loss=0.0472, data_loss=0.0382, ref_loss=0.0379, physics_loss=1.7493E-01, it_time=0.00434 s total_time=143.2 min
[Iteration 42750] total_loss=0.0469, data_loss=0.0381, ref_loss=0.0375, physics_loss=1.7424E-01, it_time=0.00438 s total_time=143.3 min
[Iteration 42800] total_loss=0.0469, data_loss=0.0382, ref_loss=0.0380, physics_loss=1.7227E-01, it_time=0.00434 s total_time=143.5 min
[Iteration 42850] total_loss=0.0472, data_loss=0.0383, ref_loss=0.0376, physics_loss=1.7653E-01, it_time=0.00437 s total_time=143.6 min
[Iteration 42900] total_loss=0.0471, data_loss=0.0381, ref_loss=0.0366, physics_loss=1.7688E-01, it_time=0.00434 s total_time=143.8 min
[Iteration 42950] total_loss=0.0467, data_loss=0.0379, ref_loss=0.0372, physics_loss=1.7450E-01, it_time=0.00433 s total_time=144.0 min
[Iteration 43000] total_loss=0.0477, data_loss=0.0388, ref_loss=0.0368, physics_loss=1.7502E-01, it_time=0.00438 s total_time=144.1 min
Total avg
Relative error [Fluid] 69.5
Relative error [Bound] 73.7
Relative error [Core] 67.8
Absolute error [Fluid] 0.1248
Absolute error [Bound] 0.1219
Absolute error [Core] 0.1260
Absolute error [Non-F] 0.0000
R.M.S.   error [Fluid] 0.1445
R.M.S.   error [Bound] 0.1422
R.M.S.   error [Core] 0.1436
R.M.S.   error [Non-F] 0.0000
[Iteration 43050] total_loss=0.0470, data_loss=0.0381, ref_loss=0.0380, physics_loss=1.7467E-01, it_time=0.00431 s total_time=144.3 min
[Iteration 43100] total_loss=0.0473, data_loss=0.0385, ref_loss=0.0368, physics_loss=1.7602E-01, it_time=0.00424 s total_time=144.5 min
[Iteration 43150] total_loss=0.0470, data_loss=0.0382, ref_loss=0.0375, physics_loss=1.7194E-01, it_time=0.00425 s total_time=144.7 min
[Iteration 43200] total_loss=0.0468, data_loss=0.0380, ref_loss=0.0375, physics_loss=1.7410E-01, it_time=0.00424 s total_time=144.8 min
[Iteration 43250] total_loss=0.0470, data_loss=0.0383, ref_loss=0.0373, physics_loss=1.7616E-01, it_time=0.00424 s total_time=145.0 min
[Iteration 43300] total_loss=0.0475, data_loss=0.0386, ref_loss=0.0368, physics_loss=1.7583E-01, it_time=0.00424 s total_time=145.1 min
[Iteration 43350] total_loss=0.0472, data_loss=0.0383, ref_loss=0.0371, physics_loss=1.7654E-01, it_time=0.00561 s total_time=145.3 min
[Iteration 43400] total_loss=0.0470, data_loss=0.0381, ref_loss=0.0375, physics_loss=1.7800E-01, it_time=0.00424 s total_time=145.5 min
[Iteration 43450] total_loss=0.0471, data_loss=0.0381, ref_loss=0.0377, physics_loss=1.7510E-01, it_time=0.00429 s total_time=145.6 min
[Iteration 43500] total_loss=0.0476, data_loss=0.0386, ref_loss=0.0371, physics_loss=1.7400E-01, it_time=0.00424 s total_time=145.8 min
Total avg
Relative error [Fluid] 69.9
Relative error [Bound] 74.1
Relative error [Core] 68.2
Absolute error [Fluid] 0.1258
Absolute error [Bound] 0.1226
Absolute error [Core] 0.1271
Absolute error [Non-F] 0.0000
R.M.S.   error [Fluid] 0.1454
R.M.S.   error [Bound] 0.1430
R.M.S.   error [Core] 0.1446
R.M.S.   error [Non-F] 0.0000
[Iteration 43550] total_loss=0.0474, data_loss=0.0382, ref_loss=0.0371, physics_loss=1.7712E-01, it_time=0.00427 s total_time=146.0 min
[Iteration 43600] total_loss=0.0472, data_loss=0.0384, ref_loss=0.0372, physics_loss=1.7394E-01, it_time=0.00426 s total_time=146.2 min
[Iteration 43650] total_loss=0.0468, data_loss=0.0379, ref_loss=0.0369, physics_loss=1.7600E-01, it_time=0.00426 s total_time=146.3 min
[Iteration 43700] total_loss=0.0470, data_loss=0.0381, ref_loss=0.0368, physics_loss=1.7496E-01, it_time=0.00426 s total_time=146.5 min
[Iteration 43750] total_loss=0.0473, data_loss=0.0386, ref_loss=0.0372, physics_loss=1.7415E-01, it_time=0.00426 s total_time=146.6 min
[Iteration 43800] total_loss=0.0474, data_loss=0.0386, ref_loss=0.0370, physics_loss=1.7419E-01, it_time=0.00426 s total_time=146.8 min
[Iteration 43850] total_loss=0.0472, data_loss=0.0382, ref_loss=0.0377, physics_loss=1.7265E-01, it_time=0.00426 s total_time=147.0 min
[Iteration 43900] total_loss=0.0473, data_loss=0.0384, ref_loss=0.0374, physics_loss=1.7575E-01, it_time=0.00426 s total_time=147.1 min
[Iteration 43950] total_loss=0.0474, data_loss=0.0385, ref_loss=0.0364, physics_loss=1.7537E-01, it_time=0.00427 s total_time=147.3 min
[Iteration 44000] total_loss=0.0469, data_loss=0.0381, ref_loss=0.0374, physics_loss=1.7684E-01, it_time=0.00427 s total_time=147.4 min
Total avg
Relative error [Fluid] 69.6
Relative error [Bound] 73.9
Relative error [Core] 67.8
Absolute error [Fluid] 0.1253
Absolute error [Bound] 0.1223
Absolute error [Core] 0.1265
Absolute error [Non-F] 0.0000
R.M.S.   error [Fluid] 0.1448
R.M.S.   error [Bound] 0.1425
R.M.S.   error [Core] 0.1440
R.M.S.   error [Non-F] 0.0000
[Iteration 44050] total_loss=0.0471, data_loss=0.0383, ref_loss=0.0378, physics_loss=1.7473E-01, it_time=0.00434 s total_time=147.6 min
[Iteration 44100] total_loss=0.0471, data_loss=0.0380, ref_loss=0.0374, physics_loss=1.7835E-01, it_time=0.00434 s total_time=147.8 min
[Iteration 44150] total_loss=0.0470, data_loss=0.0383, ref_loss=0.0367, physics_loss=1.7310E-01, it_time=0.00434 s total_time=148.0 min
[Iteration 44200] total_loss=0.0471, data_loss=0.0385, ref_loss=0.0370, physics_loss=1.7236E-01, it_time=0.00425 s total_time=148.1 min
[Iteration 44250] total_loss=0.0464, data_loss=0.0374, ref_loss=0.0382, physics_loss=1.7431E-01, it_time=0.00424 s total_time=148.3 min
[Iteration 44300] total_loss=0.0471, data_loss=0.0382, ref_loss=0.0373, physics_loss=1.7419E-01, it_time=0.00425 s total_time=148.5 min
[Iteration 44350] total_loss=0.0475, data_loss=0.0386, ref_loss=0.0375, physics_loss=1.7673E-01, it_time=0.00426 s total_time=148.6 min
[Iteration 44400] total_loss=0.0472, data_loss=0.0383, ref_loss=0.0382, physics_loss=1.7416E-01, it_time=0.00425 s total_time=148.8 min
[Iteration 44450] total_loss=0.0471, data_loss=0.0382, ref_loss=0.0376, physics_loss=1.7446E-01, it_time=0.00425 s total_time=148.9 min
[Iteration 44500] total_loss=0.0467, data_loss=0.0377, ref_loss=0.0372, physics_loss=1.7939E-01, it_time=0.00425 s total_time=149.1 min
Total avg
Relative error [Fluid] 69.8
Relative error [Bound] 73.9
Relative error [Core] 68.2
Absolute error [Fluid] 0.1248
Absolute error [Bound] 0.1218
Absolute error [Core] 0.1261
Absolute error [Non-F] 0.0000
R.M.S.   error [Fluid] 0.1446
R.M.S.   error [Bound] 0.1420
R.M.S.   error [Core] 0.1437
R.M.S.   error [Non-F] 0.0000
[Iteration 44550] total_loss=0.0467, data_loss=0.0379, ref_loss=0.0375, physics_loss=1.7684E-01, it_time=0.00444 s total_time=149.3 min
[Iteration 44600] total_loss=0.0464, data_loss=0.0377, ref_loss=0.0373, physics_loss=1.7493E-01, it_time=0.00444 s total_time=149.5 min
[Iteration 44650] total_loss=0.0466, data_loss=0.0376, ref_loss=0.0373, physics_loss=1.7410E-01, it_time=0.00444 s total_time=149.7 min
[Iteration 44700] total_loss=0.0468, data_loss=0.0380, ref_loss=0.0376, physics_loss=1.7324E-01, it_time=0.00445 s total_time=149.8 min
[Iteration 44750] total_loss=0.0473, data_loss=0.0381, ref_loss=0.0367, physics_loss=1.7742E-01, it_time=0.00436 s total_time=150.0 min
[Iteration 44800] total_loss=0.0469, data_loss=0.0381, ref_loss=0.0372, physics_loss=1.7074E-01, it_time=0.00432 s total_time=150.1 min
[Iteration 44850] total_loss=0.0469, data_loss=0.0383, ref_loss=0.0374, physics_loss=1.7240E-01, it_time=0.00433 s total_time=150.3 min
[Iteration 44900] total_loss=0.0472, data_loss=0.0385, ref_loss=0.0376, physics_loss=1.7242E-01, it_time=0.00434 s total_time=150.5 min
[Iteration 44950] total_loss=0.0468, data_loss=0.0379, ref_loss=0.0368, physics_loss=1.7570E-01, it_time=0.00433 s total_time=150.7 min
[Iteration 45000] total_loss=0.0469, data_loss=0.0380, ref_loss=0.0376, physics_loss=1.7431E-01, it_time=0.00433 s total_time=150.8 min
Total avg
Relative error [Fluid] 69.4
Relative error [Bound] 73.5
Relative error [Core] 67.7
Absolute error [Fluid] 0.1249
Absolute error [Bound] 0.1223
Absolute error [Core] 0.1260
Absolute error [Non-F] 0.0000
R.M.S.   error [Fluid] 0.1447
R.M.S.   error [Bound] 0.1423
R.M.S.   error [Core] 0.1438
R.M.S.   error [Non-F] 0.0000
Checkpoint saved to ../models/260522_Aomodel_Healthy_4dsim_V250_n6_VanillaPINN_NOFF_2/260522_Aomodel_Healthy_4dsim_V250_n6_VanillaPINN_NOFF_2_FFN_1t_20260522-2337/checkpoints/260522_Aomodel_Healthy_4dsim_V250_n6_VanillaPINN_NOFF_2_FFN_1t_it45000.pth
[Iteration 45050] total_loss=0.0470, data_loss=0.0382, ref_loss=0.0370, physics_loss=1.7402E-01, it_time=0.00435 s total_time=151.0 min
[Iteration 45100] total_loss=0.0464, data_loss=0.0377, ref_loss=0.0374, physics_loss=1.7242E-01, it_time=0.00438 s total_time=151.2 min
[Iteration 45150] total_loss=0.0466, data_loss=0.0376, ref_loss=0.0374, physics_loss=1.7588E-01, it_time=0.00439 s total_time=151.3 min
[Iteration 45200] total_loss=0.0467, data_loss=0.0379, ref_loss=0.0372, physics_loss=1.7628E-01, it_time=0.00437 s total_time=151.5 min
[Iteration 45250] total_loss=0.0466, data_loss=0.0379, ref_loss=0.0372, physics_loss=1.7462E-01, it_time=0.00436 s total_time=151.7 min
[Iteration 45300] total_loss=0.0473, data_loss=0.0386, ref_loss=0.0373, physics_loss=1.7237E-01, it_time=0.00435 s total_time=151.8 min
[Iteration 45350] total_loss=0.0467, data_loss=0.0376, ref_loss=0.0370, physics_loss=1.7506E-01, it_time=0.00435 s total_time=152.0 min
[Iteration 45400] total_loss=0.0464, data_loss=0.0376, ref_loss=0.0372, physics_loss=1.7340E-01, it_time=0.00435 s total_time=152.2 min
[Iteration 45450] total_loss=0.0465, data_loss=0.0377, ref_loss=0.0366, physics_loss=1.7435E-01, it_time=0.00435 s total_time=152.3 min
[Iteration 45500] total_loss=0.0472, data_loss=0.0382, ref_loss=0.0376, physics_loss=1.7453E-01, it_time=0.00436 s total_time=152.5 min
Total avg
Relative error [Fluid] 69.4
Relative error [Bound] 73.3
Relative error [Core] 67.8
Absolute error [Fluid] 0.1247
Absolute error [Bound] 0.1215
Absolute error [Core] 0.1259
Absolute error [Non-F] 0.0000
R.M.S.   error [Fluid] 0.1445
R.M.S.   error [Bound] 0.1421
R.M.S.   error [Core] 0.1436
R.M.S.   error [Non-F] 0.0000
[Iteration 45550] total_loss=0.0465, data_loss=0.0378, ref_loss=0.0373, physics_loss=1.7479E-01, it_time=0.00436 s total_time=152.7 min
[Iteration 45600] total_loss=0.0472, data_loss=0.0381, ref_loss=0.0372, physics_loss=1.7771E-01, it_time=0.0043 s total_time=152.9 min
[Iteration 45650] total_loss=0.0467, data_loss=0.0380, ref_loss=0.0372, physics_loss=1.7117E-01, it_time=0.00456 s total_time=153.0 min
[Iteration 45700] total_loss=0.0468, data_loss=0.0378, ref_loss=0.0381, physics_loss=1.7588E-01, it_time=0.00431 s total_time=153.2 min
[Iteration 45750] total_loss=0.0469, data_loss=0.0380, ref_loss=0.0365, physics_loss=1.7573E-01, it_time=0.00434 s total_time=153.4 min
[Iteration 45800] total_loss=0.0470, data_loss=0.0380, ref_loss=0.0372, physics_loss=1.7681E-01, it_time=0.00431 s total_time=153.5 min
[Iteration 45850] total_loss=0.0471, data_loss=0.0382, ref_loss=0.0371, physics_loss=1.7624E-01, it_time=0.00429 s total_time=153.7 min
[Iteration 45900] total_loss=0.0467, data_loss=0.0377, ref_loss=0.0369, physics_loss=1.7373E-01, it_time=0.00429 s total_time=153.9 min
[Iteration 45950] total_loss=0.0467, data_loss=0.0380, ref_loss=0.0369, physics_loss=1.7191E-01, it_time=0.00514 s total_time=154.0 min
[Iteration 46000] total_loss=0.0469, data_loss=0.0381, ref_loss=0.0373, physics_loss=1.7359E-01, it_time=0.00438 s total_time=154.2 min
Total avg
Relative error [Fluid] 69.8
Relative error [Bound] 74.0
Relative error [Core] 68.1
Absolute error [Fluid] 0.1247
Absolute error [Bound] 0.1217
Absolute error [Core] 0.1259
Absolute error [Non-F] 0.0000
R.M.S.   error [Fluid] 0.1443
R.M.S.   error [Bound] 0.1420
R.M.S.   error [Core] 0.1434
R.M.S.   error [Non-F] 0.0000
[Iteration 46050] total_loss=0.0476, data_loss=0.0386, ref_loss=0.0377, physics_loss=1.7518E-01, it_time=0.00436 s total_time=154.4 min
[Iteration 46100] total_loss=0.0469, data_loss=0.0379, ref_loss=0.0373, physics_loss=1.7820E-01, it_time=0.00437 s total_time=154.6 min
[Iteration 46150] total_loss=0.0467, data_loss=0.0377, ref_loss=0.0375, physics_loss=1.7713E-01, it_time=0.00436 s total_time=154.7 min
[Iteration 46200] total_loss=0.0474, data_loss=0.0386, ref_loss=0.0370, physics_loss=1.7278E-01, it_time=0.00435 s total_time=154.9 min
[Iteration 46250] total_loss=0.0466, data_loss=0.0376, ref_loss=0.0376, physics_loss=1.7612E-01, it_time=0.00436 s total_time=155.1 min
[Iteration 46300] total_loss=0.0470, data_loss=0.0380, ref_loss=0.0376, physics_loss=1.7726E-01, it_time=0.0043 s total_time=155.2 min
[Iteration 46350] total_loss=0.0473, data_loss=0.0386, ref_loss=0.0372, physics_loss=1.7634E-01, it_time=0.0043 s total_time=155.4 min
[Iteration 46400] total_loss=0.0469, data_loss=0.0380, ref_loss=0.0370, physics_loss=1.7564E-01, it_time=0.00432 s total_time=155.6 min
[Iteration 46450] total_loss=0.0469, data_loss=0.0382, ref_loss=0.0370, physics_loss=1.7603E-01, it_time=0.00432 s total_time=155.7 min
[Iteration 46500] total_loss=0.0467, data_loss=0.0376, ref_loss=0.0370, physics_loss=1.7623E-01, it_time=0.00432 s total_time=155.9 min
Total avg
Relative error [Fluid] 69.3
Relative error [Bound] 73.2
Relative error [Core] 67.7
Absolute error [Fluid] 0.1242
Absolute error [Bound] 0.1212
Absolute error [Core] 0.1255
Absolute error [Non-F] 0.0000
R.M.S.   error [Fluid] 0.1440
R.M.S.   error [Bound] 0.1417
R.M.S.   error [Core] 0.1431
R.M.S.   error [Non-F] 0.0000
[Iteration 46550] total_loss=0.0461, data_loss=0.0374, ref_loss=0.0368, physics_loss=1.7346E-01, it_time=0.00435 s total_time=156.1 min
[Iteration 46600] total_loss=0.0467, data_loss=0.0380, ref_loss=0.0369, physics_loss=1.7445E-01, it_time=0.00435 s total_time=156.2 min
[Iteration 46650] total_loss=0.0465, data_loss=0.0376, ref_loss=0.0371, physics_loss=1.7688E-01, it_time=0.00435 s total_time=156.4 min
[Iteration 46700] total_loss=0.0469, data_loss=0.0378, ref_loss=0.0368, physics_loss=1.7751E-01, it_time=0.00435 s total_time=156.6 min
[Iteration 46750] total_loss=0.0469, data_loss=0.0382, ref_loss=0.0370, physics_loss=1.7241E-01, it_time=0.00434 s total_time=156.8 min
[Iteration 46800] total_loss=0.0460, data_loss=0.0375, ref_loss=0.0371, physics_loss=1.7081E-01, it_time=0.00434 s total_time=156.9 min
[Iteration 46850] total_loss=0.0466, data_loss=0.0378, ref_loss=0.0371, physics_loss=1.7444E-01, it_time=0.00433 s total_time=157.1 min
[Iteration 46900] total_loss=0.0469, data_loss=0.0381, ref_loss=0.0370, physics_loss=1.7298E-01, it_time=0.00431 s total_time=157.2 min
[Iteration 46950] total_loss=0.0468, data_loss=0.0381, ref_loss=0.0371, physics_loss=1.7569E-01, it_time=0.00432 s total_time=157.4 min
[Iteration 47000] total_loss=0.0465, data_loss=0.0377, ref_loss=0.0366, physics_loss=1.7377E-01, it_time=0.00433 s total_time=157.6 min
Total avg
Relative error [Fluid] 69.3
Relative error [Bound] 73.5
Relative error [Core] 67.6
Absolute error [Fluid] 0.1242
Absolute error [Bound] 0.1212
Absolute error [Core] 0.1254
Absolute error [Non-F] 0.0000
R.M.S.   error [Fluid] 0.1438
R.M.S.   error [Bound] 0.1413
R.M.S.   error [Core] 0.1430
R.M.S.   error [Non-F] 0.0000
[Iteration 47050] total_loss=0.0469, data_loss=0.0381, ref_loss=0.0371, physics_loss=1.7496E-01, it_time=0.0045 s total_time=157.8 min
[Iteration 47100] total_loss=0.0473, data_loss=0.0383, ref_loss=0.0370, physics_loss=1.7780E-01, it_time=0.00445 s total_time=158.0 min
[Iteration 47150] total_loss=0.0469, data_loss=0.0378, ref_loss=0.0375, physics_loss=1.7384E-01, it_time=0.00446 s total_time=158.1 min
[Iteration 47200] total_loss=0.0471, data_loss=0.0383, ref_loss=0.0362, physics_loss=1.7329E-01, it_time=0.00444 s total_time=158.3 min
[Iteration 47250] total_loss=0.0464, data_loss=0.0375, ref_loss=0.0372, physics_loss=1.7430E-01, it_time=0.00437 s total_time=158.5 min
[Iteration 47300] total_loss=0.0470, data_loss=0.0380, ref_loss=0.0367, physics_loss=1.7728E-01, it_time=0.00437 s total_time=158.6 min
[Iteration 47350] total_loss=0.0472, data_loss=0.0385, ref_loss=0.0370, physics_loss=1.7353E-01, it_time=0.00436 s total_time=158.8 min
[Iteration 47400] total_loss=0.0468, data_loss=0.0380, ref_loss=0.0373, physics_loss=1.7374E-01, it_time=0.00505 s total_time=159.0 min
[Iteration 47450] total_loss=0.0466, data_loss=0.0379, ref_loss=0.0374, physics_loss=1.7431E-01, it_time=0.00437 s total_time=159.1 min
[Iteration 47500] total_loss=0.0466, data_loss=0.0377, ref_loss=0.0373, physics_loss=1.7635E-01, it_time=0.00437 s total_time=159.3 min
Total avg
Relative error [Fluid] 69.6
Relative error [Bound] 73.5
Relative error [Core] 68.0
Absolute error [Fluid] 0.1246
Absolute error [Bound] 0.1210
Absolute error [Core] 0.1260
Absolute error [Non-F] 0.0000
R.M.S.   error [Fluid] 0.1441
R.M.S.   error [Bound] 0.1412
R.M.S.   error [Core] 0.1435
R.M.S.   error [Non-F] 0.0000
[Iteration 47550] total_loss=0.0465, data_loss=0.0378, ref_loss=0.0370, physics_loss=1.7313E-01, it_time=0.00431 s total_time=159.5 min
[Iteration 47600] total_loss=0.0468, data_loss=0.0380, ref_loss=0.0367, physics_loss=1.7445E-01, it_time=0.00432 s total_time=159.7 min
[Iteration 47650] total_loss=0.0464, data_loss=0.0373, ref_loss=0.0369, physics_loss=1.7497E-01, it_time=0.00431 s total_time=159.8 min
[Iteration 47700] total_loss=0.0465, data_loss=0.0377, ref_loss=0.0376, physics_loss=1.7384E-01, it_time=0.00432 s total_time=160.0 min
[Iteration 47750] total_loss=0.0461, data_loss=0.0373, ref_loss=0.0366, physics_loss=1.7166E-01, it_time=0.0043 s total_time=160.1 min
[Iteration 47800] total_loss=0.0463, data_loss=0.0375, ref_loss=0.0365, physics_loss=1.7312E-01, it_time=0.0043 s total_time=160.3 min
[Iteration 47850] total_loss=0.0467, data_loss=0.0378, ref_loss=0.0372, physics_loss=1.7195E-01, it_time=0.0043 s total_time=160.5 min
[Iteration 47900] total_loss=0.0468, data_loss=0.0380, ref_loss=0.0370, physics_loss=1.7351E-01, it_time=0.00431 s total_time=160.6 min
[Iteration 47950] total_loss=0.0469, data_loss=0.0381, ref_loss=0.0365, physics_loss=1.7369E-01, it_time=0.0043 s total_time=160.8 min
[Iteration 48000] total_loss=0.0464, data_loss=0.0377, ref_loss=0.0371, physics_loss=1.7125E-01, it_time=0.0043 s total_time=161.0 min
Total avg
Relative error [Fluid] 69.3
Relative error [Bound] 73.2
Relative error [Core] 67.7
Absolute error [Fluid] 0.1239
Absolute error [Bound] 0.1204
Absolute error [Core] 0.1253
Absolute error [Non-F] 0.0000
R.M.S.   error [Fluid] 0.1435
R.M.S.   error [Bound] 0.1406
R.M.S.   error [Core] 0.1428
R.M.S.   error [Non-F] 0.0000
[Iteration 48050] total_loss=0.0469, data_loss=0.0379, ref_loss=0.0368, physics_loss=1.7557E-01, it_time=0.00436 s total_time=161.2 min
[Iteration 48100] total_loss=0.0464, data_loss=0.0374, ref_loss=0.0373, physics_loss=1.7337E-01, it_time=0.0043 s total_time=161.3 min
[Iteration 48150] total_loss=0.0467, data_loss=0.0378, ref_loss=0.0369, physics_loss=1.7594E-01, it_time=0.00432 s total_time=161.5 min
[Iteration 48200] total_loss=0.0469, data_loss=0.0377, ref_loss=0.0371, physics_loss=1.7714E-01, it_time=0.00432 s total_time=161.7 min
[Iteration 48250] total_loss=0.0466, data_loss=0.0375, ref_loss=0.0366, physics_loss=1.7759E-01, it_time=0.00431 s total_time=161.8 min
[Iteration 48300] total_loss=0.0469, data_loss=0.0379, ref_loss=0.0367, physics_loss=1.7500E-01, it_time=0.0043 s total_time=162.0 min
[Iteration 48350] total_loss=0.0474, data_loss=0.0386, ref_loss=0.0372, physics_loss=1.7651E-01, it_time=0.00431 s total_time=162.1 min
[Iteration 48400] total_loss=0.0464, data_loss=0.0377, ref_loss=0.0367, physics_loss=1.7385E-01, it_time=0.0043 s total_time=162.3 min
[Iteration 48450] total_loss=0.0465, data_loss=0.0376, ref_loss=0.0371, physics_loss=1.7520E-01, it_time=0.00432 s total_time=162.5 min
[Iteration 48500] total_loss=0.0469, data_loss=0.0380, ref_loss=0.0370, physics_loss=1.7393E-01, it_time=0.00431 s total_time=162.6 min
Total avg
Relative error [Fluid] 69.3
Relative error [Bound] 73.6
Relative error [Core] 67.5
Absolute error [Fluid] 0.1242
Absolute error [Bound] 0.1213
Absolute error [Core] 0.1253
Absolute error [Non-F] 0.0000
R.M.S.   error [Fluid] 0.1439
R.M.S.   error [Bound] 0.1417
R.M.S.   error [Core] 0.1429
R.M.S.   error [Non-F] 0.0000
[Iteration 48550] total_loss=0.0466, data_loss=0.0376, ref_loss=0.0365, physics_loss=1.7502E-01, it_time=0.00444 s total_time=162.8 min
[Iteration 48600] total_loss=0.0470, data_loss=0.0383, ref_loss=0.0364, physics_loss=1.7508E-01, it_time=0.00446 s total_time=163.0 min
[Iteration 48650] total_loss=0.0468, data_loss=0.0378, ref_loss=0.0371, physics_loss=1.7564E-01, it_time=0.00445 s total_time=163.2 min
[Iteration 48700] total_loss=0.0466, data_loss=0.0378, ref_loss=0.0369, physics_loss=1.7490E-01, it_time=0.0046 s total_time=163.4 min
[Iteration 48750] total_loss=0.0473, data_loss=0.0383, ref_loss=0.0370, physics_loss=1.7555E-01, it_time=0.00446 s total_time=163.5 min
[Iteration 48800] total_loss=0.0464, data_loss=0.0377, ref_loss=0.0371, physics_loss=1.7315E-01, it_time=0.00445 s total_time=163.7 min
[Iteration 48850] total_loss=0.0467, data_loss=0.0379, ref_loss=0.0373, physics_loss=1.7756E-01, it_time=0.00434 s total_time=163.9 min
[Iteration 48900] total_loss=0.0466, data_loss=0.0377, ref_loss=0.0369, physics_loss=1.7475E-01, it_time=0.00434 s total_time=164.0 min
[Iteration 48950] total_loss=0.0463, data_loss=0.0374, ref_loss=0.0374, physics_loss=1.7605E-01, it_time=0.00433 s total_time=164.2 min
[Iteration 49000] total_loss=0.0463, data_loss=0.0375, ref_loss=0.0366, physics_loss=1.7559E-01, it_time=0.00433 s total_time=164.4 min
Total avg
Relative error [Fluid] 69.6
Relative error [Bound] 73.8
Relative error [Core] 67.9
Absolute error [Fluid] 0.1244
Absolute error [Bound] 0.1214
Absolute error [Core] 0.1256
Absolute error [Non-F] 0.0000
R.M.S.   error [Fluid] 0.1442
R.M.S.   error [Bound] 0.1413
R.M.S.   error [Core] 0.1434
R.M.S.   error [Non-F] 0.0000
[Iteration 49050] total_loss=0.0468, data_loss=0.0377, ref_loss=0.0370, physics_loss=1.7794E-01, it_time=0.00515 s total_time=164.6 min
[Iteration 49100] total_loss=0.0464, data_loss=0.0374, ref_loss=0.0372, physics_loss=1.7626E-01, it_time=0.00437 s total_time=164.7 min
[Iteration 49150] total_loss=0.0469, data_loss=0.0382, ref_loss=0.0370, physics_loss=1.7361E-01, it_time=0.0044 s total_time=164.9 min
[Iteration 49200] total_loss=0.0466, data_loss=0.0379, ref_loss=0.0370, physics_loss=1.7109E-01, it_time=0.00432 s total_time=165.1 min
[Iteration 49250] total_loss=0.0468, data_loss=0.0378, ref_loss=0.0372, physics_loss=1.7538E-01, it_time=0.00442 s total_time=165.2 min
[Iteration 49300] total_loss=0.0467, data_loss=0.0380, ref_loss=0.0366, physics_loss=1.7487E-01, it_time=0.00433 s total_time=165.4 min
[Iteration 49350] total_loss=0.0463, data_loss=0.0376, ref_loss=0.0366, physics_loss=1.7028E-01, it_time=0.00431 s total_time=165.6 min
[Iteration 49400] total_loss=0.0468, data_loss=0.0379, ref_loss=0.0372, physics_loss=1.7430E-01, it_time=0.00431 s total_time=165.7 min
[Iteration 49450] total_loss=0.0464, data_loss=0.0376, ref_loss=0.0365, physics_loss=1.7434E-01, it_time=0.00431 s total_time=165.9 min
[Iteration 49500] total_loss=0.0467, data_loss=0.0377, ref_loss=0.0368, physics_loss=1.7845E-01, it_time=0.00431 s total_time=166.0 min
Total avg
Relative error [Fluid] 69.3
Relative error [Bound] 73.6
Relative error [Core] 67.6
Absolute error [Fluid] 0.1243
Absolute error [Bound] 0.1215
Absolute error [Core] 0.1253
Absolute error [Non-F] 0.0000
R.M.S.   error [Fluid] 0.1440
R.M.S.   error [Bound] 0.1419
R.M.S.   error [Core] 0.1430
R.M.S.   error [Non-F] 0.0000
[Iteration 49550] total_loss=0.0462, data_loss=0.0374, ref_loss=0.0370, physics_loss=1.7169E-01, it_time=0.00437 s total_time=166.2 min
[Iteration 49600] total_loss=0.0469, data_loss=0.0379, ref_loss=0.0371, physics_loss=1.7749E-01, it_time=0.00483 s total_time=166.4 min
[Iteration 49650] total_loss=0.0463, data_loss=0.0374, ref_loss=0.0367, physics_loss=1.7388E-01, it_time=0.00437 s total_time=166.6 min
[Iteration 49700] total_loss=0.0467, data_loss=0.0377, ref_loss=0.0374, physics_loss=1.7867E-01, it_time=0.00479 s total_time=166.7 min
[Iteration 49750] total_loss=0.0464, data_loss=0.0375, ref_loss=0.0371, physics_loss=1.7614E-01, it_time=0.00436 s total_time=166.9 min
[Iteration 49800] total_loss=0.0470, data_loss=0.0382, ref_loss=0.0367, physics_loss=1.7509E-01, it_time=0.00432 s total_time=167.1 min
[Iteration 49850] total_loss=0.0464, data_loss=0.0377, ref_loss=0.0372, physics_loss=1.7132E-01, it_time=0.00433 s total_time=167.2 min
[Iteration 49900] total_loss=0.0466, data_loss=0.0378, ref_loss=0.0362, physics_loss=1.7620E-01, it_time=0.00431 s total_time=167.4 min
[Iteration 49950] total_loss=0.0465, data_loss=0.0376, ref_loss=0.0366, physics_loss=1.7418E-01, it_time=0.00433 s total_time=167.6 min
[Iteration 50000] total_loss=0.0463, data_loss=0.0374, ref_loss=0.0369, physics_loss=1.7663E-01, it_time=0.00433 s total_time=167.7 min
Total avg
Relative error [Fluid] 69.2
Relative error [Bound] 73.4
Relative error [Core] 67.5
Absolute error [Fluid] 0.1239
Absolute error [Bound] 0.1208
Absolute error [Core] 0.1251
Absolute error [Non-F] 0.0000
R.M.S.   error [Fluid] 0.1437
R.M.S.   error [Bound] 0.1412
R.M.S.   error [Core] 0.1428
R.M.S.   error [Non-F] 0.0000
Checkpoint saved to ../models/260522_Aomodel_Healthy_4dsim_V250_n6_VanillaPINN_NOFF_2/260522_Aomodel_Healthy_4dsim_V250_n6_VanillaPINN_NOFF_2_FFN_1t_20260522-2337/checkpoints/260522_Aomodel_Healthy_4dsim_V250_n6_VanillaPINN_NOFF_2_FFN_1t_it50000.pth
Final model saved to ../models/260522_Aomodel_Healthy_4dsim_V250_n6_VanillaPINN_NOFF_2/260522_Aomodel_Healthy_4dsim_V250_n6_VanillaPINN_NOFF_2_FFN_1t_20260522-2337/260522_Aomodel_Healthy_4dsim_V250_n6_VanillaPINN_NOFF_2_FFN_1t_final.pth
Starting script
Copying source code to model directory...
Loaded resolution from file: 0.002, 0.002, 0.002, 0.01874
VNRMSE [Noisy]: 0.361121
Directional error [Noisy]: 7.448566
Divergence [Noisy]: 3.250900
Total avg
Relative error [Fluid] 100.0
Relative error [Bound] 100.0
Relative error [Core] 100.0
Absolute error [Fluid] 6.3685
Absolute error [Bound] 6.3587
Absolute error [Core] 6.3715
Absolute error [Non-F] 0.0000
R.M.S.   error [Fluid] 6.3975
R.M.S.   error [Bound] 6.3926
R.M.S.   error [Core] 6.3994
R.M.S.   error [Non-F] 0.0000
[Iteration 50] total_loss=0.1294, data_loss=0.1199, ref_loss=0.1351, physics_loss=2.3889E-01, it_time=0.00288 s total_time=0.2 min
[Iteration 100] total_loss=0.1081, data_loss=0.1042, ref_loss=0.1155, physics_loss=9.8310E-02, it_time=0.00303 s total_time=0.3 min
[Iteration 150] total_loss=0.1047, data_loss=0.1015, ref_loss=0.1090, physics_loss=8.0551E-02, it_time=0.00271 s total_time=0.4 min
[Iteration 200] total_loss=0.1022, data_loss=0.0995, ref_loss=0.1070, physics_loss=6.8029E-02, it_time=0.00334 s total_time=0.5 min
[Iteration 250] total_loss=0.1001, data_loss=0.0977, ref_loss=0.1037, physics_loss=6.0729E-02, it_time=0.00284 s total_time=0.6 min
[Iteration 300] total_loss=0.0983, data_loss=0.0960, ref_loss=0.1041, physics_loss=5.7740E-02, it_time=0.00274 s total_time=0.7 min
[Iteration 350] total_loss=0.1000, data_loss=0.0977, ref_loss=0.1068, physics_loss=5.7291E-02, it_time=0.00312 s total_time=0.8 min
[Iteration 400] total_loss=0.0976, data_loss=0.0953, ref_loss=0.1007, physics_loss=5.7007E-02, it_time=0.00285 s total_time=0.9 min
[Iteration 450] total_loss=0.0955, data_loss=0.0933, ref_loss=0.0976, physics_loss=5.3787E-02, it_time=0.00276 s total_time=1.0 min
[Iteration 500] total_loss=0.0975, data_loss=0.0954, ref_loss=0.0982, physics_loss=5.4627E-02, it_time=0.00297 s total_time=1.1 min
Total avg
Relative error [Fluid] 100.0
Relative error [Bound] 100.0
Relative error [Core] 100.0
Absolute error [Fluid] 3.5505
Absolute error [Bound] 3.5647
Absolute error [Core] 3.5442
Absolute error [Non-F] 0.0000
R.M.S.   error [Fluid] 3.5559
R.M.S.   error [Bound] 3.5702
R.M.S.   error [Core] 3.5500
R.M.S.   error [Non-F] 0.0000
[Iteration 550] total_loss=0.0985, data_loss=0.0964, ref_loss=0.0974, physics_loss=5.4190E-02, it_time=0.00398 s total_time=1.2 min
[Iteration 600] total_loss=0.0940, data_loss=0.0917, ref_loss=0.1000, physics_loss=5.6710E-02, it_time=0.0028 s total_time=1.4 min
[Iteration 650] total_loss=0.0917, data_loss=0.0894, ref_loss=0.0950, physics_loss=5.6706E-02, it_time=0.00282 s total_time=1.5 min
[Iteration 700] total_loss=0.0919, data_loss=0.0895, ref_loss=0.0983, physics_loss=5.9835E-02, it_time=0.00306 s total_time=1.6 min
[Iteration 750] total_loss=0.0927, data_loss=0.0904, ref_loss=0.0947, physics_loss=5.8929E-02, it_time=0.00278 s total_time=1.7 min
[Iteration 800] total_loss=0.0906, data_loss=0.0882, ref_loss=0.0893, physics_loss=5.9088E-02, it_time=0.00286 s total_time=1.8 min
[Iteration 850] total_loss=0.0897, data_loss=0.0874, ref_loss=0.0883, physics_loss=5.7951E-02, it_time=0.00289 s total_time=1.9 min
[Iteration 900] total_loss=0.0883, data_loss=0.0859, ref_loss=0.0908, physics_loss=6.0550E-02, it_time=0.00299 s total_time=2.0 min
[Iteration 950] total_loss=0.1289, data_loss=0.1264, ref_loss=0.1136, physics_loss=6.2159E-02, it_time=0.00298 s total_time=2.1 min
[Iteration 1000] total_loss=0.0889, data_loss=0.0865, ref_loss=0.0879, physics_loss=6.0808E-02, it_time=0.00269 s total_time=2.2 min
Total avg
Relative error [Fluid] 100.0
Relative error [Bound] 100.0
Relative error [Core] 100.0
Absolute error [Fluid] 3.5375
Absolute error [Bound] 3.5539
Absolute error [Core] 3.5303
Absolute error [Non-F] 0.0000
R.M.S.   error [Fluid] 3.5423
R.M.S.   error [Bound] 3.5591
R.M.S.   error [Core] 3.5353
R.M.S.   error [Non-F] 0.0000
[Iteration 1050] total_loss=0.0868, data_loss=0.0845, ref_loss=0.0867, physics_loss=5.7771E-02, it_time=0.00281 s total_time=2.4 min
[Iteration 1100] total_loss=0.0873, data_loss=0.0850, ref_loss=0.0866, physics_loss=5.8715E-02, it_time=0.00272 s total_time=2.5 min
[Iteration 1150] total_loss=0.0885, data_loss=0.0862, ref_loss=0.0875, physics_loss=5.7296E-02, it_time=0.00284 s total_time=2.6 min
[Iteration 1200] total_loss=0.0875, data_loss=0.0852, ref_loss=0.0844, physics_loss=5.9246E-02, it_time=0.00292 s total_time=2.7 min
[Iteration 1250] total_loss=0.0870, data_loss=0.0847, ref_loss=0.0840, physics_loss=5.6375E-02, it_time=0.00303 s total_time=2.8 min
[Iteration 1300] total_loss=0.0868, data_loss=0.0844, ref_loss=0.0864, physics_loss=5.9752E-02, it_time=0.00268 s total_time=2.9 min
[Iteration 1350] total_loss=0.0863, data_loss=0.0840, ref_loss=0.0833, physics_loss=5.8184E-02, it_time=0.00317 s total_time=3.0 min
[Iteration 1400] total_loss=0.0861, data_loss=0.0838, ref_loss=0.0820, physics_loss=5.7794E-02, it_time=0.00299 s total_time=3.1 min
[Iteration 1450] total_loss=0.0889, data_loss=0.0865, ref_loss=0.0892, physics_loss=5.8803E-02, it_time=0.00294 s total_time=3.2 min
[Iteration 1500] total_loss=0.0843, data_loss=0.0819, ref_loss=0.0835, physics_loss=5.9335E-02, it_time=0.00292 s total_time=3.3 min
Total avg
Relative error [Fluid] 100.0
Relative error [Bound] 100.0
Relative error [Core] 100.0
Absolute error [Fluid] 3.5595
Absolute error [Bound] 3.5773
Absolute error [Core] 3.5518
Absolute error [Non-F] 0.0000
R.M.S.   error [Fluid] 3.5640
R.M.S.   error [Bound] 3.5825
R.M.S.   error [Core] 3.5564
R.M.S.   error [Non-F] 0.0000
[Iteration 1550] total_loss=0.0853, data_loss=0.0830, ref_loss=0.0804, physics_loss=5.7630E-02, it_time=0.0031 s total_time=3.4 min
[Iteration 1600] total_loss=0.0839, data_loss=0.0816, ref_loss=0.0816, physics_loss=5.9023E-02, it_time=0.00286 s total_time=3.5 min
[Iteration 1650] total_loss=0.0885, data_loss=0.0861, ref_loss=0.0851, physics_loss=6.1174E-02, it_time=0.00283 s total_time=3.6 min
[Iteration 1700] total_loss=0.0863, data_loss=0.0839, ref_loss=0.0848, physics_loss=6.0264E-02, it_time=0.00285 s total_time=3.7 min
[Iteration 1750] total_loss=0.0834, data_loss=0.0810, ref_loss=0.0803, physics_loss=5.9627E-02, it_time=0.00265 s total_time=3.8 min
[Iteration 1800] total_loss=0.0854, data_loss=0.0830, ref_loss=0.0823, physics_loss=5.9659E-02, it_time=0.0028 s total_time=3.9 min
[Iteration 1850] total_loss=0.0841, data_loss=0.0817, ref_loss=0.0796, physics_loss=6.0775E-02, it_time=0.00293 s total_time=4.0 min
[Iteration 1900] total_loss=0.0823, data_loss=0.0799, ref_loss=0.0823, physics_loss=6.1239E-02, it_time=0.00364 s total_time=4.1 min
[Iteration 1950] total_loss=0.0935, data_loss=0.0909, ref_loss=0.0873, physics_loss=6.4476E-02, it_time=0.00323 s total_time=4.3 min
[Iteration 2000] total_loss=0.0804, data_loss=0.0779, ref_loss=0.0778, physics_loss=6.2085E-02, it_time=0.00292 s total_time=4.4 min
Total avg
Relative error [Fluid] 100.0
Relative error [Bound] 100.0
Relative error [Core] 100.0
Absolute error [Fluid] 3.5522
Absolute error [Bound] 3.5685
Absolute error [Core] 3.5451
Absolute error [Non-F] 0.0000
R.M.S.   error [Fluid] 3.5564
R.M.S.   error [Bound] 3.5735
R.M.S.   error [Core] 3.5494
R.M.S.   error [Non-F] 0.0000
[Iteration 2050] total_loss=0.0813, data_loss=0.0789, ref_loss=0.0792, physics_loss=6.0250E-02, it_time=0.00307 s total_time=4.5 min
[Iteration 2100] total_loss=0.0809, data_loss=0.0784, ref_loss=0.0771, physics_loss=6.2735E-02, it_time=0.00279 s total_time=4.6 min
[Iteration 2150] total_loss=0.0801, data_loss=0.0775, ref_loss=0.0781, physics_loss=6.2886E-02, it_time=0.00396 s total_time=4.7 min
[Iteration 2200] total_loss=0.0800, data_loss=0.0776, ref_loss=0.0770, physics_loss=6.1212E-02, it_time=0.00292 s total_time=4.8 min
[Iteration 2250] total_loss=0.0816, data_loss=0.0792, ref_loss=0.0793, physics_loss=6.1519E-02, it_time=0.00285 s total_time=4.9 min
[Iteration 2300] total_loss=0.0783, data_loss=0.0759, ref_loss=0.0751, physics_loss=5.9944E-02, it_time=0.00278 s total_time=5.1 min
[Iteration 2350] total_loss=0.0809, data_loss=0.0785, ref_loss=0.0755, physics_loss=5.9431E-02, it_time=0.00278 s total_time=5.2 min
[Iteration 2400] total_loss=0.0804, data_loss=0.0780, ref_loss=0.0753, physics_loss=6.0256E-02, it_time=0.00306 s total_time=5.3 min
[Iteration 2450] total_loss=0.0795, data_loss=0.0772, ref_loss=0.0741, physics_loss=5.7141E-02, it_time=0.00273 s total_time=5.4 min
[Iteration 2500] total_loss=0.0887, data_loss=0.0863, ref_loss=0.0802, physics_loss=5.9700E-02, it_time=0.00285 s total_time=5.5 min
Total avg
Relative error [Fluid] 100.0
Relative error [Bound] 100.0
Relative error [Core] 100.0
Absolute error [Fluid] 3.5922
Absolute error [Bound] 3.6052
Absolute error [Core] 3.5864
Absolute error [Non-F] 0.0000
R.M.S.   error [Fluid] 3.5959
R.M.S.   error [Bound] 3.6102
R.M.S.   error [Core] 3.5901
R.M.S.   error [Non-F] 0.0000
[Iteration 2550] total_loss=0.0779, data_loss=0.0755, ref_loss=0.0747, physics_loss=5.9764E-02, it_time=0.00288 s total_time=5.6 min
[Iteration 2600] total_loss=0.0772, data_loss=0.0749, ref_loss=0.0723, physics_loss=5.8673E-02, it_time=0.00296 s total_time=5.7 min
[Iteration 2650] total_loss=0.0782, data_loss=0.0758, ref_loss=0.0730, physics_loss=5.9508E-02, it_time=0.00296 s total_time=5.8 min
[Iteration 2700] total_loss=0.0799, data_loss=0.0775, ref_loss=0.0789, physics_loss=5.9687E-02, it_time=0.003 s total_time=5.9 min
[Iteration 2750] total_loss=0.0760, data_loss=0.0736, ref_loss=0.0722, physics_loss=5.9796E-02, it_time=0.00273 s total_time=6.0 min
[Iteration 2800] total_loss=0.0771, data_loss=0.0747, ref_loss=0.0700, physics_loss=6.0224E-02, it_time=0.0028 s total_time=6.1 min
[Iteration 2850] total_loss=0.0820, data_loss=0.0794, ref_loss=0.0766, physics_loss=6.4631E-02, it_time=0.00266 s total_time=6.3 min
[Iteration 2900] total_loss=0.0768, data_loss=0.0744, ref_loss=0.0720, physics_loss=5.8629E-02, it_time=0.00295 s total_time=6.4 min
[Iteration 2950] total_loss=0.0784, data_loss=0.0760, ref_loss=0.0722, physics_loss=5.9862E-02, it_time=0.0038 s total_time=6.5 min
[Iteration 3000] total_loss=0.0762, data_loss=0.0738, ref_loss=0.0711, physics_loss=6.0379E-02, it_time=0.00292 s total_time=6.6 min
Total avg
Relative error [Fluid] 100.0
Relative error [Bound] 100.0
Relative error [Core] 100.0
Absolute error [Fluid] 3.5292
Absolute error [Bound] 3.5416
Absolute error [Core] 3.5237
Absolute error [Non-F] 0.0000
R.M.S.   error [Fluid] 3.5328
R.M.S.   error [Bound] 3.5465
R.M.S.   error [Core] 3.5273
R.M.S.   error [Non-F] 0.0000
[Iteration 3050] total_loss=0.0753, data_loss=0.0728, ref_loss=0.0722, physics_loss=6.3237E-02, it_time=0.00298 s total_time=6.7 min
[Iteration 3100] total_loss=0.0757, data_loss=0.0732, ref_loss=0.0707, physics_loss=6.1889E-02, it_time=0.00314 s total_time=6.8 min
[Iteration 3150] total_loss=0.0775, data_loss=0.0750, ref_loss=0.0711, physics_loss=6.3234E-02, it_time=0.00267 s total_time=6.9 min
[Iteration 3200] total_loss=0.0765, data_loss=0.0739, ref_loss=0.0709, physics_loss=6.2638E-02, it_time=0.00321 s total_time=7.1 min
[Iteration 3250] total_loss=0.0755, data_loss=0.0728, ref_loss=0.0715, physics_loss=6.5983E-02, it_time=0.00295 s total_time=7.2 min
[Iteration 3300] total_loss=0.0745, data_loss=0.0718, ref_loss=0.0723, physics_loss=6.7385E-02, it_time=0.00283 s total_time=7.3 min
[Iteration 3350] total_loss=0.0734, data_loss=0.0708, ref_loss=0.0695, physics_loss=6.3397E-02, it_time=0.00289 s total_time=7.4 min
[Iteration 3400] total_loss=0.0836, data_loss=0.0810, ref_loss=0.0715, physics_loss=6.4979E-02, it_time=0.00315 s total_time=7.5 min
[Iteration 3450] total_loss=0.0725, data_loss=0.0699, ref_loss=0.0678, physics_loss=6.5708E-02, it_time=0.00298 s total_time=7.6 min
[Iteration 3500] total_loss=0.0739, data_loss=0.0712, ref_loss=0.0676, physics_loss=6.7451E-02, it_time=0.00298 s total_time=7.7 min
Total avg
Relative error [Fluid] 100.0
Relative error [Bound] 100.0
Relative error [Core] 100.0
Absolute error [Fluid] 3.5445
Absolute error [Bound] 3.5552
Absolute error [Core] 3.5395
Absolute error [Non-F] 0.0000
R.M.S.   error [Fluid] 3.5479
R.M.S.   error [Bound] 3.5599
R.M.S.   error [Core] 3.5430
R.M.S.   error [Non-F] 0.0000
[Iteration 3550] total_loss=0.0745, data_loss=0.0719, ref_loss=0.0679, physics_loss=6.6785E-02, it_time=0.00289 s total_time=7.8 min
[Iteration 3600] total_loss=0.0729, data_loss=0.0702, ref_loss=0.0668, physics_loss=6.8464E-02, it_time=0.00297 s total_time=7.9 min
[Iteration 3650] total_loss=0.0744, data_loss=0.0717, ref_loss=0.0681, physics_loss=6.9311E-02, it_time=0.00288 s total_time=8.0 min
[Iteration 3700] total_loss=0.0712, data_loss=0.0684, ref_loss=0.0680, physics_loss=6.9983E-02, it_time=0.00286 s total_time=8.1 min
[Iteration 3750] total_loss=0.0729, data_loss=0.0700, ref_loss=0.0676, physics_loss=7.3338E-02, it_time=0.00293 s total_time=8.2 min
[Iteration 3800] total_loss=0.0734, data_loss=0.0704, ref_loss=0.0656, physics_loss=7.5382E-02, it_time=0.00276 s total_time=8.4 min
[Iteration 3850] total_loss=0.0733, data_loss=0.0704, ref_loss=0.0656, physics_loss=7.1999E-02, it_time=0.00344 s total_time=8.5 min
[Iteration 3900] total_loss=0.0738, data_loss=0.0708, ref_loss=0.0662, physics_loss=7.4757E-02, it_time=0.0028 s total_time=8.6 min
[Iteration 3950] total_loss=0.0749, data_loss=0.0718, ref_loss=0.0656, physics_loss=7.6247E-02, it_time=0.00309 s total_time=8.7 min
[Iteration 4000] total_loss=0.0744, data_loss=0.0714, ref_loss=0.0679, physics_loss=7.5278E-02, it_time=0.00274 s total_time=8.8 min
Total avg
Relative error [Fluid] 100.0
Relative error [Bound] 100.0
Relative error [Core] 100.0
Absolute error [Fluid] 3.5869
Absolute error [Bound] 3.5958
Absolute error [Core] 3.5828
Absolute error [Non-F] 0.0000
R.M.S.   error [Fluid] 3.5900
R.M.S.   error [Bound] 3.6005
R.M.S.   error [Core] 3.5858
R.M.S.   error [Non-F] 0.0000
[Iteration 4050] total_loss=0.0724, data_loss=0.0694, ref_loss=0.0647, physics_loss=7.5391E-02, it_time=0.00284 s total_time=8.9 min
[Iteration 4100] total_loss=0.0779, data_loss=0.0749, ref_loss=0.0700, physics_loss=7.7297E-02, it_time=0.00272 s total_time=9.0 min
[Iteration 4150] total_loss=0.0718, data_loss=0.0687, ref_loss=0.0682, physics_loss=7.7667E-02, it_time=0.00284 s total_time=9.1 min
[Iteration 4200] total_loss=0.0714, data_loss=0.0683, ref_loss=0.0645, physics_loss=7.7027E-02, it_time=0.00283 s total_time=9.2 min
[Iteration 4250] total_loss=0.0706, data_loss=0.0675, ref_loss=0.0649, physics_loss=7.8037E-02, it_time=0.00326 s total_time=9.3 min
[Iteration 4300] total_loss=0.0730, data_loss=0.0699, ref_loss=0.0651, physics_loss=7.8545E-02, it_time=0.00304 s total_time=9.4 min
[Iteration 4350] total_loss=0.0729, data_loss=0.0697, ref_loss=0.0645, physics_loss=8.0228E-02, it_time=0.00283 s total_time=9.5 min
[Iteration 4400] total_loss=0.0706, data_loss=0.0674, ref_loss=0.0636, physics_loss=7.8958E-02, it_time=0.00274 s total_time=9.6 min
[Iteration 4450] total_loss=0.0761, data_loss=0.0729, ref_loss=0.0743, physics_loss=8.0910E-02, it_time=0.00323 s total_time=9.7 min
[Iteration 4500] total_loss=0.0702, data_loss=0.0671, ref_loss=0.0636, physics_loss=7.9076E-02, it_time=0.00287 s total_time=9.9 min
Total avg
Relative error [Fluid] 100.0
Relative error [Bound] 100.0
Relative error [Core] 100.0
Absolute error [Fluid] 3.5445
Absolute error [Bound] 3.5527
Absolute error [Core] 3.5406
Absolute error [Non-F] 0.0000
R.M.S.   error [Fluid] 3.5475
R.M.S.   error [Bound] 3.5573
R.M.S.   error [Core] 3.5435
R.M.S.   error [Non-F] 0.0000
[Iteration 4550] total_loss=0.0697, data_loss=0.0667, ref_loss=0.0644, physics_loss=7.6626E-02, it_time=0.00284 s total_time=10.0 min
[Iteration 4600] total_loss=0.0701, data_loss=0.0670, ref_loss=0.0624, physics_loss=7.7127E-02, it_time=0.00278 s total_time=10.1 min
[Iteration 4650] total_loss=0.0729, data_loss=0.0697, ref_loss=0.0690, physics_loss=8.0972E-02, it_time=0.00287 s total_time=10.2 min
[Iteration 4700] total_loss=0.0705, data_loss=0.0674, ref_loss=0.0671, physics_loss=7.7498E-02, it_time=0.00316 s total_time=10.3 min
[Iteration 4750] total_loss=0.0691, data_loss=0.0660, ref_loss=0.0616, physics_loss=7.8701E-02, it_time=0.00288 s total_time=10.4 min
[Iteration 4800] total_loss=0.0702, data_loss=0.0671, ref_loss=0.0609, physics_loss=7.7020E-02, it_time=0.00329 s total_time=10.5 min
[Iteration 4850] total_loss=0.0710, data_loss=0.0678, ref_loss=0.0624, physics_loss=7.9207E-02, it_time=0.00275 s total_time=10.6 min
[Iteration 4900] total_loss=0.0690, data_loss=0.0660, ref_loss=0.0630, physics_loss=7.6971E-02, it_time=0.00292 s total_time=10.7 min
[Iteration 4950] total_loss=0.0698, data_loss=0.0665, ref_loss=0.0647, physics_loss=8.0338E-02, it_time=0.00266 s total_time=10.8 min
[Iteration 5000] total_loss=0.0694, data_loss=0.0663, ref_loss=0.0624, physics_loss=7.7935E-02, it_time=0.00327 s total_time=10.9 min
Total avg
Relative error [Fluid] 100.0
Relative error [Bound] 100.0
Relative error [Core] 100.0
Absolute error [Fluid] 3.5459
Absolute error [Bound] 3.5539
Absolute error [Core] 3.5421
Absolute error [Non-F] 0.0000
R.M.S.   error [Fluid] 3.5488
R.M.S.   error [Bound] 3.5583
R.M.S.   error [Core] 3.5449
R.M.S.   error [Non-F] 0.0000
Checkpoint saved to ../models/260522_Aomodel_Healthy_4dsim_V250_n6_VanillaPINN_NOFF_2_nobound/260522_Aomodel_Healthy_4dsim_V250_n6_VanillaPINN_NOFF_2_nobound_FFN_1t_20260523-0153/checkpoints/260522_Aomodel_Healthy_4dsim_V250_n6_VanillaPINN_NOFF_2_nobound_FFN_1t_it5000.pth
[Iteration 5050] total_loss=0.0689, data_loss=0.0657, ref_loss=0.0617, physics_loss=7.8262E-02, it_time=0.00305 s total_time=11.1 min
[Iteration 5100] total_loss=0.0684, data_loss=0.0653, ref_loss=0.0618, physics_loss=7.7339E-02, it_time=0.00337 s total_time=11.2 min
[Iteration 5150] total_loss=0.0679, data_loss=0.0649, ref_loss=0.0608, physics_loss=7.6149E-02, it_time=0.00283 s total_time=11.3 min
[Iteration 5200] total_loss=0.0678, data_loss=0.0647, ref_loss=0.0615, physics_loss=7.8625E-02, it_time=0.0028 s total_time=11.4 min
[Iteration 5250] total_loss=0.0692, data_loss=0.0661, ref_loss=0.0625, physics_loss=7.8327E-02, it_time=0.00295 s total_time=11.5 min
[Iteration 5300] total_loss=0.0705, data_loss=0.0674, ref_loss=0.0633, physics_loss=7.7516E-02, it_time=0.00385 s total_time=11.6 min
[Iteration 5350] total_loss=0.0677, data_loss=0.0647, ref_loss=0.0622, physics_loss=7.5204E-02, it_time=0.00295 s total_time=11.7 min
[Iteration 5400] total_loss=0.0684, data_loss=0.0654, ref_loss=0.0624, physics_loss=7.6966E-02, it_time=0.00288 s total_time=11.8 min
[Iteration 5450] total_loss=0.0696, data_loss=0.0665, ref_loss=0.0620, physics_loss=7.8402E-02, it_time=0.00293 s total_time=11.9 min
[Iteration 5500] total_loss=0.0670, data_loss=0.0640, ref_loss=0.0613, physics_loss=7.5310E-02, it_time=0.00281 s total_time=12.0 min
Total avg
Relative error [Fluid] 100.0
Relative error [Bound] 100.0
Relative error [Core] 100.0
Absolute error [Fluid] 3.5183
Absolute error [Bound] 3.5262
Absolute error [Core] 3.5145
Absolute error [Non-F] 0.0000
R.M.S.   error [Fluid] 3.5211
R.M.S.   error [Bound] 3.5307
R.M.S.   error [Core] 3.5172
R.M.S.   error [Non-F] 0.0000
[Iteration 5550] total_loss=0.0686, data_loss=0.0655, ref_loss=0.0596, physics_loss=7.7486E-02, it_time=0.00296 s total_time=12.2 min
[Iteration 5600] total_loss=0.0677, data_loss=0.0647, ref_loss=0.0601, physics_loss=7.5964E-02, it_time=0.00273 s total_time=12.3 min
[Iteration 5650] total_loss=0.0685, data_loss=0.0654, ref_loss=0.0604, physics_loss=7.7460E-02, it_time=0.00273 s total_time=12.4 min
[Iteration 5700] total_loss=0.0672, data_loss=0.0642, ref_loss=0.0611, physics_loss=7.3958E-02, it_time=0.00288 s total_time=12.5 min
[Iteration 5750] total_loss=0.0658, data_loss=0.0629, ref_loss=0.0605, physics_loss=7.3941E-02, it_time=0.00272 s total_time=12.6 min
[Iteration 5800] total_loss=0.0688, data_loss=0.0654, ref_loss=0.0598, physics_loss=8.5171E-02, it_time=0.00275 s total_time=12.7 min
[Iteration 5850] total_loss=0.0669, data_loss=0.0639, ref_loss=0.0604, physics_loss=7.4402E-02, it_time=0.00286 s total_time=12.8 min
[Iteration 5900] total_loss=0.0683, data_loss=0.0653, ref_loss=0.0614, physics_loss=7.7093E-02, it_time=0.00304 s total_time=12.9 min
[Iteration 5950] total_loss=0.0674, data_loss=0.0645, ref_loss=0.0605, physics_loss=7.2331E-02, it_time=0.00291 s total_time=13.0 min
[Iteration 6000] total_loss=0.0684, data_loss=0.0653, ref_loss=0.0623, physics_loss=7.5936E-02, it_time=0.00277 s total_time=13.1 min
Total avg
Relative error [Fluid] 100.0
Relative error [Bound] 100.0
Relative error [Core] 100.0
Absolute error [Fluid] 3.5363
Absolute error [Bound] 3.5440
Absolute error [Core] 3.5327
Absolute error [Non-F] 0.0000
R.M.S.   error [Fluid] 3.5392
R.M.S.   error [Bound] 3.5486
R.M.S.   error [Core] 3.5353
R.M.S.   error [Non-F] 0.0000
[Iteration 6050] total_loss=0.0675, data_loss=0.0645, ref_loss=0.0601, physics_loss=7.4731E-02, it_time=0.00279 s total_time=13.3 min
[Iteration 6100] total_loss=0.0667, data_loss=0.0637, ref_loss=0.0595, physics_loss=7.4866E-02, it_time=0.00284 s total_time=13.4 min
[Iteration 6150] total_loss=0.0666, data_loss=0.0637, ref_loss=0.0599, physics_loss=7.2575E-02, it_time=0.00284 s total_time=13.5 min
[Iteration 6200] total_loss=0.0673, data_loss=0.0645, ref_loss=0.0592, physics_loss=7.2043E-02, it_time=0.00304 s total_time=13.6 min
[Iteration 6250] total_loss=0.0697, data_loss=0.0667, ref_loss=0.0637, physics_loss=7.6736E-02, it_time=0.00305 s total_time=13.7 min
[Iteration 6300] total_loss=0.0665, data_loss=0.0635, ref_loss=0.0595, physics_loss=7.2982E-02, it_time=0.00286 s total_time=13.8 min
[Iteration 6350] total_loss=0.0678, data_loss=0.0649, ref_loss=0.0598, physics_loss=7.3212E-02, it_time=0.00273 s total_time=13.9 min
[Iteration 6400] total_loss=0.0654, data_loss=0.0625, ref_loss=0.0591, physics_loss=7.4752E-02, it_time=0.00277 s total_time=14.0 min
[Iteration 6450] total_loss=0.0667, data_loss=0.0637, ref_loss=0.0603, physics_loss=7.6120E-02, it_time=0.00298 s total_time=14.1 min
[Iteration 6500] total_loss=0.0661, data_loss=0.0631, ref_loss=0.0580, physics_loss=7.4260E-02, it_time=0.00284 s total_time=14.2 min
Total avg
Relative error [Fluid] 100.0
Relative error [Bound] 100.0
Relative error [Core] 100.0
Absolute error [Fluid] 3.5469
Absolute error [Bound] 3.5546
Absolute error [Core] 3.5432
Absolute error [Non-F] 0.0000
R.M.S.   error [Fluid] 3.5497
R.M.S.   error [Bound] 3.5590
R.M.S.   error [Core] 3.5459
R.M.S.   error [Non-F] 0.0000
[Iteration 6550] total_loss=0.0668, data_loss=0.0638, ref_loss=0.0590, physics_loss=7.6557E-02, it_time=0.00311 s total_time=14.3 min
[Iteration 6600] total_loss=0.0666, data_loss=0.0635, ref_loss=0.0594, physics_loss=7.6679E-02, it_time=0.00273 s total_time=14.5 min
[Iteration 6650] total_loss=0.0679, data_loss=0.0647, ref_loss=0.0635, physics_loss=7.9305E-02, it_time=0.00268 s total_time=14.6 min
[Iteration 6700] total_loss=0.0657, data_loss=0.0627, ref_loss=0.0578, physics_loss=7.4026E-02, it_time=0.00276 s total_time=14.7 min
[Iteration 6750] total_loss=0.0665, data_loss=0.0634, ref_loss=0.0605, physics_loss=7.6906E-02, it_time=0.00269 s total_time=14.8 min
[Iteration 6800] total_loss=0.0654, data_loss=0.0625, ref_loss=0.0596, physics_loss=7.4179E-02, it_time=0.00327 s total_time=14.9 min
[Iteration 6850] total_loss=0.0659, data_loss=0.0628, ref_loss=0.0614, physics_loss=7.8738E-02, it_time=0.00273 s total_time=15.0 min
[Iteration 6900] total_loss=0.0655, data_loss=0.0626, ref_loss=0.0583, physics_loss=7.3694E-02, it_time=0.00287 s total_time=15.1 min
[Iteration 6950] total_loss=0.0668, data_loss=0.0638, ref_loss=0.0580, physics_loss=7.4866E-02, it_time=0.00294 s total_time=15.2 min
[Iteration 7000] total_loss=0.0676, data_loss=0.0646, ref_loss=0.0601, physics_loss=7.4260E-02, it_time=0.00294 s total_time=15.3 min
Total avg
Relative error [Fluid] 100.0
Relative error [Bound] 100.0
Relative error [Core] 100.0
Absolute error [Fluid] 3.5398
Absolute error [Bound] 3.5478
Absolute error [Core] 3.5361
Absolute error [Non-F] 0.0000
R.M.S.   error [Fluid] 3.5426
R.M.S.   error [Bound] 3.5524
R.M.S.   error [Core] 3.5386
R.M.S.   error [Non-F] 0.0000
[Iteration 7050] total_loss=0.0669, data_loss=0.0638, ref_loss=0.0579, physics_loss=7.6733E-02, it_time=0.00298 s total_time=15.4 min
[Iteration 7100] total_loss=0.0655, data_loss=0.0625, ref_loss=0.0574, physics_loss=7.4079E-02, it_time=0.00278 s total_time=15.5 min
[Iteration 7150] total_loss=0.0667, data_loss=0.0638, ref_loss=0.0579, physics_loss=7.3604E-02, it_time=0.00284 s total_time=15.7 min
[Iteration 7200] total_loss=0.0663, data_loss=0.0632, ref_loss=0.0583, physics_loss=7.7400E-02, it_time=0.00288 s total_time=15.8 min
[Iteration 7250] total_loss=0.0674, data_loss=0.0643, ref_loss=0.0620, physics_loss=7.5634E-02, it_time=0.00309 s total_time=15.9 min
[Iteration 7300] total_loss=0.0667, data_loss=0.0635, ref_loss=0.0583, physics_loss=8.1296E-02, it_time=0.00312 s total_time=16.0 min
[Iteration 7350] total_loss=0.0657, data_loss=0.0629, ref_loss=0.0575, physics_loss=7.1490E-02, it_time=0.00295 s total_time=16.1 min
[Iteration 7400] total_loss=0.0659, data_loss=0.0626, ref_loss=0.0570, physics_loss=8.3128E-02, it_time=0.00285 s total_time=16.2 min
[Iteration 7450] total_loss=0.0651, data_loss=0.0622, ref_loss=0.0574, physics_loss=7.3563E-02, it_time=0.0029 s total_time=16.3 min
[Iteration 7500] total_loss=0.0656, data_loss=0.0626, ref_loss=0.0588, physics_loss=7.2960E-02, it_time=0.00301 s total_time=16.4 min
Total avg
Relative error [Fluid] 100.0
Relative error [Bound] 100.0
Relative error [Core] 100.0
Absolute error [Fluid] 3.5401
Absolute error [Bound] 3.5478
Absolute error [Core] 3.5365
Absolute error [Non-F] 0.0000
R.M.S.   error [Fluid] 3.5429
R.M.S.   error [Bound] 3.5523
R.M.S.   error [Core] 3.5390
R.M.S.   error [Non-F] 0.0000
[Iteration 7550] total_loss=0.0654, data_loss=0.0625, ref_loss=0.0577, physics_loss=7.1182E-02, it_time=0.0029 s total_time=16.5 min
[Iteration 7600] total_loss=0.0643, data_loss=0.0613, ref_loss=0.0566, physics_loss=7.5085E-02, it_time=0.00294 s total_time=16.6 min
[Iteration 7650] total_loss=0.0650, data_loss=0.0620, ref_loss=0.0575, physics_loss=7.4368E-02, it_time=0.00331 s total_time=16.8 min
[Iteration 7700] total_loss=0.0644, data_loss=0.0614, ref_loss=0.0559, physics_loss=7.3969E-02, it_time=0.00276 s total_time=16.9 min
[Iteration 7750] total_loss=0.0648, data_loss=0.0617, ref_loss=0.0561, physics_loss=7.7526E-02, it_time=0.00304 s total_time=17.0 min
[Iteration 7800] total_loss=0.0649, data_loss=0.0620, ref_loss=0.0552, physics_loss=7.4160E-02, it_time=0.00279 s total_time=17.1 min
[Iteration 7850] total_loss=0.0651, data_loss=0.0620, ref_loss=0.0571, physics_loss=7.7207E-02, it_time=0.00267 s total_time=17.2 min
[Iteration 7900] total_loss=0.0661, data_loss=0.0632, ref_loss=0.0574, physics_loss=7.2161E-02, it_time=0.00273 s total_time=17.3 min
[Iteration 7950] total_loss=0.0640, data_loss=0.0612, ref_loss=0.0581, physics_loss=7.2114E-02, it_time=0.00279 s total_time=17.4 min
[Iteration 8000] total_loss=0.0641, data_loss=0.0612, ref_loss=0.0559, physics_loss=7.2866E-02, it_time=0.00292 s total_time=17.5 min
Total avg
Relative error [Fluid] 100.0
Relative error [Bound] 100.0
Relative error [Core] 100.0
Absolute error [Fluid] 3.5347
Absolute error [Bound] 3.5428
Absolute error [Core] 3.5309
Absolute error [Non-F] 0.0000
R.M.S.   error [Fluid] 3.5374
R.M.S.   error [Bound] 3.5471
R.M.S.   error [Core] 3.5335
R.M.S.   error [Non-F] 0.0000
[Iteration 8050] total_loss=0.0651, data_loss=0.0621, ref_loss=0.0577, physics_loss=7.4736E-02, it_time=0.00327 s total_time=17.6 min
[Iteration 8100] total_loss=0.0640, data_loss=0.0611, ref_loss=0.0553, physics_loss=7.2422E-02, it_time=0.00276 s total_time=17.8 min
[Iteration 8150] total_loss=0.0644, data_loss=0.0615, ref_loss=0.0562, physics_loss=7.1765E-02, it_time=0.0028 s total_time=17.9 min
[Iteration 8200] total_loss=0.0642, data_loss=0.0613, ref_loss=0.0564, physics_loss=7.2303E-02, it_time=0.00275 s total_time=18.0 min
[Iteration 8250] total_loss=0.0646, data_loss=0.0615, ref_loss=0.0567, physics_loss=7.7531E-02, it_time=0.00277 s total_time=18.1 min
[Iteration 8300] total_loss=0.0657, data_loss=0.0628, ref_loss=0.0578, physics_loss=7.4534E-02, it_time=0.00301 s total_time=18.2 min
[Iteration 8350] total_loss=0.0651, data_loss=0.0622, ref_loss=0.0577, physics_loss=7.2523E-02, it_time=0.00306 s total_time=18.3 min
[Iteration 8400] total_loss=0.0667, data_loss=0.0639, ref_loss=0.0565, physics_loss=7.0840E-02, it_time=0.00342 s total_time=18.4 min
[Iteration 8450] total_loss=0.0648, data_loss=0.0618, ref_loss=0.0551, physics_loss=7.3281E-02, it_time=0.0029 s total_time=18.5 min
[Iteration 8500] total_loss=0.0635, data_loss=0.0604, ref_loss=0.0537, physics_loss=7.7152E-02, it_time=0.00345 s total_time=18.6 min
Total avg
Relative error [Fluid] 100.0
Relative error [Bound] 100.0
Relative error [Core] 100.0
Absolute error [Fluid] 3.5348
Absolute error [Bound] 3.5438
Absolute error [Core] 3.5305
Absolute error [Non-F] 0.0000
R.M.S.   error [Fluid] 3.5375
R.M.S.   error [Bound] 3.5482
R.M.S.   error [Core] 3.5331
R.M.S.   error [Non-F] 0.0000
[Iteration 8550] total_loss=0.0647, data_loss=0.0617, ref_loss=0.0580, physics_loss=7.4247E-02, it_time=0.00286 s total_time=18.7 min
[Iteration 8600] total_loss=0.0646, data_loss=0.0618, ref_loss=0.0582, physics_loss=7.0795E-02, it_time=0.00297 s total_time=18.8 min
[Iteration 8650] total_loss=0.0635, data_loss=0.0605, ref_loss=0.0558, physics_loss=7.3874E-02, it_time=0.00283 s total_time=19.0 min
[Iteration 8700] total_loss=0.0625, data_loss=0.0595, ref_loss=0.0550, physics_loss=7.5476E-02, it_time=0.00289 s total_time=19.1 min
[Iteration 8750] total_loss=0.0644, data_loss=0.0616, ref_loss=0.0550, physics_loss=7.0954E-02, it_time=0.00327 s total_time=19.2 min
[Iteration 8800] total_loss=0.0630, data_loss=0.0601, ref_loss=0.0546, physics_loss=7.2851E-02, it_time=0.00295 s total_time=19.3 min
[Iteration 8850] total_loss=0.0640, data_loss=0.0610, ref_loss=0.0570, physics_loss=7.5744E-02, it_time=0.00291 s total_time=19.4 min
[Iteration 8900] total_loss=0.0643, data_loss=0.0613, ref_loss=0.0550, physics_loss=7.4861E-02, it_time=0.00287 s total_time=19.5 min
[Iteration 8950] total_loss=0.0647, data_loss=0.0617, ref_loss=0.0558, physics_loss=7.4277E-02, it_time=0.00285 s total_time=19.6 min
[Iteration 9000] total_loss=0.0639, data_loss=0.0609, ref_loss=0.0541, physics_loss=7.3118E-02, it_time=0.00275 s total_time=19.7 min
Total avg
Relative error [Fluid] 100.0
Relative error [Bound] 100.0
Relative error [Core] 100.0
Absolute error [Fluid] 3.5525
Absolute error [Bound] 3.5596
Absolute error [Core] 3.5490
Absolute error [Non-F] 0.0000
R.M.S.   error [Fluid] 3.5551
R.M.S.   error [Bound] 3.5639
R.M.S.   error [Core] 3.5515
R.M.S.   error [Non-F] 0.0000
[Iteration 9050] total_loss=0.0620, data_loss=0.0591, ref_loss=0.0554, physics_loss=7.2291E-02, it_time=0.00347 s total_time=19.8 min
[Iteration 9100] total_loss=0.0643, data_loss=0.0613, ref_loss=0.0556, physics_loss=7.5354E-02, it_time=0.00308 s total_time=20.0 min
[Iteration 9150] total_loss=0.0643, data_loss=0.0613, ref_loss=0.0557, physics_loss=7.3627E-02, it_time=0.00291 s total_time=20.1 min
[Iteration 9200] total_loss=0.0658, data_loss=0.0627, ref_loss=0.0551, physics_loss=7.7257E-02, it_time=0.00311 s total_time=20.2 min
[Iteration 9250] total_loss=0.0632, data_loss=0.0603, ref_loss=0.0543, physics_loss=7.1948E-02, it_time=0.00308 s total_time=20.3 min
[Iteration 9300] total_loss=0.0622, data_loss=0.0593, ref_loss=0.0542, physics_loss=7.2981E-02, it_time=0.00288 s total_time=20.4 min
[Iteration 9350] total_loss=0.0635, data_loss=0.0604, ref_loss=0.0563, physics_loss=7.7913E-02, it_time=0.0028 s total_time=20.5 min
[Iteration 9400] total_loss=0.0664, data_loss=0.0633, ref_loss=0.0547, physics_loss=7.8390E-02, it_time=0.00278 s total_time=20.6 min
[Iteration 9450] total_loss=0.0634, data_loss=0.0605, ref_loss=0.0544, physics_loss=7.3780E-02, it_time=0.00273 s total_time=20.7 min
[Iteration 9500] total_loss=0.0628, data_loss=0.0599, ref_loss=0.0547, physics_loss=7.3146E-02, it_time=0.00306 s total_time=20.8 min
Total avg
Relative error [Fluid] 100.0
Relative error [Bound] 100.0
Relative error [Core] 100.0
Absolute error [Fluid] 3.5361
Absolute error [Bound] 3.5449
Absolute error [Core] 3.5319
Absolute error [Non-F] 0.0000
R.M.S.   error [Fluid] 3.5387
R.M.S.   error [Bound] 3.5491
R.M.S.   error [Core] 3.5345
R.M.S.   error [Non-F] 0.0000
[Iteration 9550] total_loss=0.0653, data_loss=0.0624, ref_loss=0.0574, physics_loss=7.2638E-02, it_time=0.00299 s total_time=20.9 min
[Iteration 9600] total_loss=0.0631, data_loss=0.0601, ref_loss=0.0556, physics_loss=7.4459E-02, it_time=0.003 s total_time=21.0 min
[Iteration 9650] total_loss=0.0619, data_loss=0.0590, ref_loss=0.0555, physics_loss=7.2568E-02, it_time=0.0028 s total_time=21.1 min
[Iteration 9700] total_loss=0.0638, data_loss=0.0609, ref_loss=0.0533, physics_loss=7.2630E-02, it_time=0.00289 s total_time=21.2 min
[Iteration 9750] total_loss=0.0627, data_loss=0.0599, ref_loss=0.0542, physics_loss=7.0792E-02, it_time=0.00282 s total_time=21.4 min
[Iteration 9800] total_loss=0.0628, data_loss=0.0600, ref_loss=0.0545, physics_loss=7.0808E-02, it_time=0.00272 s total_time=21.5 min
[Iteration 9850] total_loss=0.0626, data_loss=0.0598, ref_loss=0.0540, physics_loss=7.0238E-02, it_time=0.0031 s total_time=21.6 min
[Iteration 9900] total_loss=0.0627, data_loss=0.0597, ref_loss=0.0543, physics_loss=7.3160E-02, it_time=0.00267 s total_time=21.7 min
[Iteration 9950] total_loss=0.0617, data_loss=0.0589, ref_loss=0.0532, physics_loss=7.1115E-02, it_time=0.00265 s total_time=21.8 min
[Iteration 10000] total_loss=0.0629, data_loss=0.0599, ref_loss=0.0552, physics_loss=7.3529E-02, it_time=0.00307 s total_time=21.9 min
Total avg
Relative error [Fluid] 100.0
Relative error [Bound] 100.0
Relative error [Core] 100.0
Absolute error [Fluid] 3.5368
Absolute error [Bound] 3.5445
Absolute error [Core] 3.5332
Absolute error [Non-F] 0.0000
R.M.S.   error [Fluid] 3.5394
R.M.S.   error [Bound] 3.5486
R.M.S.   error [Core] 3.5357
R.M.S.   error [Non-F] 0.0000
Checkpoint saved to ../models/260522_Aomodel_Healthy_4dsim_V250_n6_VanillaPINN_NOFF_2_nobound/260522_Aomodel_Healthy_4dsim_V250_n6_VanillaPINN_NOFF_2_nobound_FFN_1t_20260523-0153/checkpoints/260522_Aomodel_Healthy_4dsim_V250_n6_VanillaPINN_NOFF_2_nobound_FFN_1t_it10000.pth
[Iteration 10050] total_loss=0.0615, data_loss=0.0586, ref_loss=0.0529, physics_loss=7.1743E-02, it_time=0.0031 s total_time=22.0 min
[Iteration 10100] total_loss=0.0617, data_loss=0.0589, ref_loss=0.0540, physics_loss=6.9476E-02, it_time=0.00291 s total_time=22.1 min
[Iteration 10150] total_loss=0.0629, data_loss=0.0600, ref_loss=0.0555, physics_loss=7.2940E-02, it_time=0.00282 s total_time=22.2 min
[Iteration 10200] total_loss=0.0620, data_loss=0.0592, ref_loss=0.0538, physics_loss=6.9161E-02, it_time=0.00277 s total_time=22.3 min
[Iteration 10250] total_loss=0.0626, data_loss=0.0598, ref_loss=0.0531, physics_loss=7.0292E-02, it_time=0.0031 s total_time=22.4 min
[Iteration 10300] total_loss=0.0628, data_loss=0.0599, ref_loss=0.0563, physics_loss=7.0771E-02, it_time=0.00287 s total_time=22.5 min
[Iteration 10350] total_loss=0.0623, data_loss=0.0595, ref_loss=0.0536, physics_loss=6.9225E-02, it_time=0.00287 s total_time=22.6 min
[Iteration 10400] total_loss=0.0629, data_loss=0.0600, ref_loss=0.0547, physics_loss=7.2614E-02, it_time=0.00309 s total_time=22.8 min
[Iteration 10450] total_loss=0.0615, data_loss=0.0586, ref_loss=0.0543, physics_loss=7.1377E-02, it_time=0.00285 s total_time=22.9 min
[Iteration 10500] total_loss=0.0629, data_loss=0.0601, ref_loss=0.0566, physics_loss=7.0623E-02, it_time=0.00271 s total_time=23.0 min
Total avg
Relative error [Fluid] 100.0
Relative error [Bound] 100.0
Relative error [Core] 100.0
Absolute error [Fluid] 3.5422
Absolute error [Bound] 3.5511
Absolute error [Core] 3.5381
Absolute error [Non-F] 0.0000
R.M.S.   error [Fluid] 3.5448
R.M.S.   error [Bound] 3.5554
R.M.S.   error [Core] 3.5405
R.M.S.   error [Non-F] 0.0000
[Iteration 10550] total_loss=0.0620, data_loss=0.0591, ref_loss=0.0544, physics_loss=7.1835E-02, it_time=0.00273 s total_time=23.1 min
[Iteration 10600] total_loss=0.0643, data_loss=0.0613, ref_loss=0.0559, physics_loss=7.4433E-02, it_time=0.0028 s total_time=23.2 min
[Iteration 10650] total_loss=0.0624, data_loss=0.0596, ref_loss=0.0522, physics_loss=6.9683E-02, it_time=0.00272 s total_time=23.3 min
[Iteration 10700] total_loss=0.0613, data_loss=0.0585, ref_loss=0.0541, physics_loss=6.9135E-02, it_time=0.00272 s total_time=23.4 min
[Iteration 10750] total_loss=0.0623, data_loss=0.0593, ref_loss=0.0545, physics_loss=7.3643E-02, it_time=0.00307 s total_time=23.5 min
[Iteration 10800] total_loss=0.0622, data_loss=0.0594, ref_loss=0.0523, physics_loss=7.1490E-02, it_time=0.00272 s total_time=23.6 min
[Iteration 10850] total_loss=0.0628, data_loss=0.0598, ref_loss=0.0531, physics_loss=7.4429E-02, it_time=0.00274 s total_time=23.7 min
[Iteration 10900] total_loss=0.0623, data_loss=0.0593, ref_loss=0.0541, physics_loss=7.3472E-02, it_time=0.00278 s total_time=23.8 min
[Iteration 10950] total_loss=0.0622, data_loss=0.0594, ref_loss=0.0548, physics_loss=7.0828E-02, it_time=0.00278 s total_time=23.9 min
[Iteration 11000] total_loss=0.0611, data_loss=0.0582, ref_loss=0.0531, physics_loss=7.1650E-02, it_time=0.00283 s total_time=24.0 min
Total avg
Relative error [Fluid] 100.0
Relative error [Bound] 100.0
Relative error [Core] 100.0
Absolute error [Fluid] 3.5571
Absolute error [Bound] 3.5653
Absolute error [Core] 3.5532
Absolute error [Non-F] 0.0000
R.M.S.   error [Fluid] 3.5597
R.M.S.   error [Bound] 3.5696
R.M.S.   error [Core] 3.5556
R.M.S.   error [Non-F] 0.0000
[Iteration 11050] total_loss=0.0625, data_loss=0.0597, ref_loss=0.0531, physics_loss=6.9611E-02, it_time=0.00272 s total_time=24.1 min
[Iteration 11100] total_loss=0.0623, data_loss=0.0595, ref_loss=0.0543, physics_loss=6.9854E-02, it_time=0.00275 s total_time=24.2 min
[Iteration 11150] total_loss=0.0618, data_loss=0.0591, ref_loss=0.0534, physics_loss=6.8583E-02, it_time=0.00282 s total_time=24.3 min
[Iteration 11200] total_loss=0.0619, data_loss=0.0589, ref_loss=0.0534, physics_loss=7.4156E-02, it_time=0.00299 s total_time=24.4 min
[Iteration 11250] total_loss=0.0614, data_loss=0.0584, ref_loss=0.0531, physics_loss=7.5868E-02, it_time=0.003 s total_time=24.5 min
[Iteration 11300] total_loss=0.0614, data_loss=0.0586, ref_loss=0.0520, physics_loss=6.9699E-02, it_time=0.00297 s total_time=24.6 min
[Iteration 11350] total_loss=0.0633, data_loss=0.0604, ref_loss=0.0550, physics_loss=7.1422E-02, it_time=0.00306 s total_time=24.7 min
[Iteration 11400] total_loss=0.0616, data_loss=0.0588, ref_loss=0.0535, physics_loss=6.9716E-02, it_time=0.00302 s total_time=24.9 min
[Iteration 11450] total_loss=0.0621, data_loss=0.0591, ref_loss=0.0532, physics_loss=7.5856E-02, it_time=0.0029 s total_time=25.0 min
[Iteration 11500] total_loss=0.0609, data_loss=0.0582, ref_loss=0.0536, physics_loss=6.8653E-02, it_time=0.0029 s total_time=25.1 min
Total avg
Relative error [Fluid] 100.0
Relative error [Bound] 100.0
Relative error [Core] 100.0
Absolute error [Fluid] 3.5436
Absolute error [Bound] 3.5525
Absolute error [Core] 3.5394
Absolute error [Non-F] 0.0000
R.M.S.   error [Fluid] 3.5462
R.M.S.   error [Bound] 3.5567
R.M.S.   error [Core] 3.5419
R.M.S.   error [Non-F] 0.0000
[Iteration 11550] total_loss=0.0612, data_loss=0.0584, ref_loss=0.0530, physics_loss=7.1891E-02, it_time=0.00294 s total_time=25.2 min
[Iteration 11600] total_loss=0.0614, data_loss=0.0585, ref_loss=0.0534, physics_loss=7.2319E-02, it_time=0.00278 s total_time=25.3 min
[Iteration 11650] total_loss=0.0611, data_loss=0.0583, ref_loss=0.0523, physics_loss=7.0963E-02, it_time=0.0029 s total_time=25.4 min
[Iteration 11700] total_loss=0.0619, data_loss=0.0593, ref_loss=0.0542, physics_loss=6.5792E-02, it_time=0.00302 s total_time=25.5 min
[Iteration 11750] total_loss=0.0616, data_loss=0.0588, ref_loss=0.0544, physics_loss=7.1167E-02, it_time=0.00301 s total_time=25.6 min
[Iteration 11800] total_loss=0.0612, data_loss=0.0583, ref_loss=0.0513, physics_loss=7.2058E-02, it_time=0.00302 s total_time=25.7 min
[Iteration 11850] total_loss=0.0618, data_loss=0.0591, ref_loss=0.0525, physics_loss=6.7303E-02, it_time=0.00278 s total_time=25.8 min
[Iteration 11900] total_loss=0.0616, data_loss=0.0589, ref_loss=0.0523, physics_loss=6.9667E-02, it_time=0.00277 s total_time=26.0 min
[Iteration 11950] total_loss=0.0610, data_loss=0.0582, ref_loss=0.0532, physics_loss=6.9707E-02, it_time=0.00292 s total_time=26.1 min
[Iteration 12000] total_loss=0.0620, data_loss=0.0591, ref_loss=0.0548, physics_loss=7.1486E-02, it_time=0.00267 s total_time=26.2 min
Total avg
Relative error [Fluid] 100.0
Relative error [Bound] 100.0
Relative error [Core] 100.0
Absolute error [Fluid] 3.5424
Absolute error [Bound] 3.5510
Absolute error [Core] 3.5383
Absolute error [Non-F] 0.0000
R.M.S.   error [Fluid] 3.5449
R.M.S.   error [Bound] 3.5553
R.M.S.   error [Core] 3.5407
R.M.S.   error [Non-F] 0.0000
[Iteration 12050] total_loss=0.0616, data_loss=0.0588, ref_loss=0.0527, physics_loss=7.1664E-02, it_time=0.00286 s total_time=26.3 min
[Iteration 12100] total_loss=0.0615, data_loss=0.0586, ref_loss=0.0529, physics_loss=7.2311E-02, it_time=0.00283 s total_time=26.4 min
[Iteration 12150] total_loss=0.0624, data_loss=0.0596, ref_loss=0.0538, physics_loss=7.1444E-02, it_time=0.00282 s total_time=26.5 min
[Iteration 12200] total_loss=0.0619, data_loss=0.0589, ref_loss=0.0528, physics_loss=7.5059E-02, it_time=0.00297 s total_time=26.6 min
[Iteration 12250] total_loss=0.0621, data_loss=0.0594, ref_loss=0.0533, physics_loss=6.8060E-02, it_time=0.00293 s total_time=26.7 min
[Iteration 12300] total_loss=0.0610, data_loss=0.0582, ref_loss=0.0515, physics_loss=6.8964E-02, it_time=0.00306 s total_time=26.8 min
[Iteration 12350] total_loss=0.0617, data_loss=0.0586, ref_loss=0.0528, physics_loss=7.6783E-02, it_time=0.00289 s total_time=26.9 min
[Iteration 12400] total_loss=0.0614, data_loss=0.0586, ref_loss=0.0525, physics_loss=6.9447E-02, it_time=0.00308 s total_time=27.0 min
[Iteration 12450] total_loss=0.0605, data_loss=0.0577, ref_loss=0.0532, physics_loss=6.9120E-02, it_time=0.00286 s total_time=27.1 min
[Iteration 12500] total_loss=0.0604, data_loss=0.0576, ref_loss=0.0520, physics_loss=6.9873E-02, it_time=0.00294 s total_time=27.2 min
Total avg
Relative error [Fluid] 100.0
Relative error [Bound] 100.0
Relative error [Core] 100.0
Absolute error [Fluid] 3.5394
Absolute error [Bound] 3.5485
Absolute error [Core] 3.5351
Absolute error [Non-F] 0.0000
R.M.S.   error [Fluid] 3.5419
R.M.S.   error [Bound] 3.5527
R.M.S.   error [Core] 3.5375
R.M.S.   error [Non-F] 0.0000
[Iteration 12550] total_loss=0.0607, data_loss=0.0579, ref_loss=0.0525, physics_loss=6.9753E-02, it_time=0.00337 s total_time=27.4 min
[Iteration 12600] total_loss=0.0606, data_loss=0.0577, ref_loss=0.0523, physics_loss=7.0759E-02, it_time=0.00281 s total_time=27.5 min
[Iteration 12650] total_loss=0.0606, data_loss=0.0578, ref_loss=0.0518, physics_loss=7.0328E-02, it_time=0.00279 s total_time=27.6 min
[Iteration 12700] total_loss=0.0604, data_loss=0.0577, ref_loss=0.0539, physics_loss=6.9860E-02, it_time=0.00331 s total_time=27.7 min
[Iteration 12750] total_loss=0.0609, data_loss=0.0582, ref_loss=0.0520, physics_loss=6.6721E-02, it_time=0.00288 s total_time=27.8 min
[Iteration 12800] total_loss=0.0611, data_loss=0.0583, ref_loss=0.0518, physics_loss=7.0772E-02, it_time=0.00289 s total_time=27.9 min
[Iteration 12850] total_loss=0.0611, data_loss=0.0581, ref_loss=0.0526, physics_loss=7.5337E-02, it_time=0.00535 s total_time=28.0 min
[Iteration 12900] total_loss=0.0607, data_loss=0.0581, ref_loss=0.0523, physics_loss=6.7460E-02, it_time=0.00278 s total_time=28.2 min
[Iteration 12950] total_loss=0.0608, data_loss=0.0579, ref_loss=0.0522, physics_loss=7.0946E-02, it_time=0.00278 s total_time=28.3 min
[Iteration 13000] total_loss=0.0605, data_loss=0.0578, ref_loss=0.0517, physics_loss=6.9288E-02, it_time=0.00262 s total_time=28.4 min
Total avg
Relative error [Fluid] 100.0
Relative error [Bound] 100.0
Relative error [Core] 100.0
Absolute error [Fluid] 3.5233
Absolute error [Bound] 3.5317
Absolute error [Core] 3.5194
Absolute error [Non-F] 0.0000
R.M.S.   error [Fluid] 3.5259
R.M.S.   error [Bound] 3.5358
R.M.S.   error [Core] 3.5219
R.M.S.   error [Non-F] 0.0000
[Iteration 13050] total_loss=0.0616, data_loss=0.0588, ref_loss=0.0524, physics_loss=6.9657E-02, it_time=0.003 s total_time=28.5 min
[Iteration 13100] total_loss=0.0609, data_loss=0.0581, ref_loss=0.0521, physics_loss=6.8678E-02, it_time=0.00307 s total_time=28.6 min
[Iteration 13150] total_loss=0.0612, data_loss=0.0584, ref_loss=0.0521, physics_loss=6.9257E-02, it_time=0.00272 s total_time=28.7 min
[Iteration 13200] total_loss=0.0613, data_loss=0.0586, ref_loss=0.0535, physics_loss=6.7754E-02, it_time=0.00299 s total_time=28.8 min
[Iteration 13250] total_loss=0.0608, data_loss=0.0580, ref_loss=0.0522, physics_loss=6.9351E-02, it_time=0.00277 s total_time=28.9 min
[Iteration 13300] total_loss=0.0608, data_loss=0.0579, ref_loss=0.0534, physics_loss=7.3166E-02, it_time=0.00323 s total_time=29.0 min
[Iteration 13350] total_loss=0.0612, data_loss=0.0585, ref_loss=0.0522, physics_loss=6.7150E-02, it_time=0.003 s total_time=29.1 min
[Iteration 13400] total_loss=0.0599, data_loss=0.0572, ref_loss=0.0532, physics_loss=6.9086E-02, it_time=0.00301 s total_time=29.3 min
[Iteration 13450] total_loss=0.0606, data_loss=0.0578, ref_loss=0.0523, physics_loss=6.9273E-02, it_time=0.00284 s total_time=29.4 min
[Iteration 13500] total_loss=0.0601, data_loss=0.0574, ref_loss=0.0530, physics_loss=6.8495E-02, it_time=0.00355 s total_time=29.5 min
Total avg
Relative error [Fluid] 100.0
Relative error [Bound] 100.0
Relative error [Core] 100.0
Absolute error [Fluid] 3.5417
Absolute error [Bound] 3.5511
Absolute error [Core] 3.5374
Absolute error [Non-F] 0.0000
R.M.S.   error [Fluid] 3.5443
R.M.S.   error [Bound] 3.5554
R.M.S.   error [Core] 3.5398
R.M.S.   error [Non-F] 0.0000
[Iteration 13550] total_loss=0.0604, data_loss=0.0577, ref_loss=0.0530, physics_loss=6.6691E-02, it_time=0.00321 s total_time=29.6 min
[Iteration 13600] total_loss=0.0610, data_loss=0.0583, ref_loss=0.0513, physics_loss=6.8916E-02, it_time=0.00292 s total_time=29.7 min
[Iteration 13650] total_loss=0.0613, data_loss=0.0585, ref_loss=0.0519, physics_loss=6.9173E-02, it_time=0.00289 s total_time=29.8 min
[Iteration 13700] total_loss=0.0605, data_loss=0.0578, ref_loss=0.0504, physics_loss=6.9510E-02, it_time=0.00299 s total_time=30.0 min
[Iteration 13750] total_loss=0.0599, data_loss=0.0572, ref_loss=0.0519, physics_loss=6.8240E-02, it_time=0.00276 s total_time=30.1 min
[Iteration 13800] total_loss=0.0598, data_loss=0.0569, ref_loss=0.0513, physics_loss=7.0221E-02, it_time=0.00319 s total_time=30.2 min
[Iteration 13850] total_loss=0.0599, data_loss=0.0571, ref_loss=0.0512, physics_loss=6.8054E-02, it_time=0.00279 s total_time=30.3 min
[Iteration 13900] total_loss=0.0605, data_loss=0.0577, ref_loss=0.0529, physics_loss=6.9941E-02, it_time=0.00282 s total_time=30.4 min
[Iteration 13950] total_loss=0.0601, data_loss=0.0574, ref_loss=0.0523, physics_loss=6.8990E-02, it_time=0.00272 s total_time=30.5 min
[Iteration 14000] total_loss=0.0598, data_loss=0.0571, ref_loss=0.0535, physics_loss=6.7357E-02, it_time=0.00301 s total_time=30.6 min
Total avg
Relative error [Fluid] 100.0
Relative error [Bound] 100.0
Relative error [Core] 100.0
Absolute error [Fluid] 3.5546
Absolute error [Bound] 3.5631
Absolute error [Core] 3.5506
Absolute error [Non-F] 0.0000
R.M.S.   error [Fluid] 3.5571
R.M.S.   error [Bound] 3.5673
R.M.S.   error [Core] 3.5530
R.M.S.   error [Non-F] 0.0000
[Iteration 14050] total_loss=0.0612, data_loss=0.0585, ref_loss=0.0520, physics_loss=6.6546E-02, it_time=0.00333 s total_time=30.7 min
[Iteration 14100] total_loss=0.0602, data_loss=0.0575, ref_loss=0.0517, physics_loss=6.7884E-02, it_time=0.00282 s total_time=30.9 min
[Iteration 14150] total_loss=0.0605, data_loss=0.0578, ref_loss=0.0516, physics_loss=6.7435E-02, it_time=0.00329 s total_time=31.0 min
[Iteration 14200] total_loss=0.0601, data_loss=0.0574, ref_loss=0.0522, physics_loss=6.8482E-02, it_time=0.00298 s total_time=31.1 min
[Iteration 14250] total_loss=0.0599, data_loss=0.0572, ref_loss=0.0519, physics_loss=6.7789E-02, it_time=0.00272 s total_time=31.2 min
[Iteration 14300] total_loss=0.0618, data_loss=0.0589, ref_loss=0.0509, physics_loss=7.1817E-02, it_time=0.00338 s total_time=31.3 min
[Iteration 14350] total_loss=0.0606, data_loss=0.0578, ref_loss=0.0526, physics_loss=6.8929E-02, it_time=0.00299 s total_time=31.4 min
[Iteration 14400] total_loss=0.0597, data_loss=0.0569, ref_loss=0.0508, physics_loss=6.7750E-02, it_time=0.00278 s total_time=31.5 min
[Iteration 14450] total_loss=0.0605, data_loss=0.0576, ref_loss=0.0514, physics_loss=7.0155E-02, it_time=0.00349 s total_time=31.6 min
[Iteration 14500] total_loss=0.0595, data_loss=0.0568, ref_loss=0.0517, physics_loss=6.8794E-02, it_time=0.00297 s total_time=31.7 min
Total avg
Relative error [Fluid] 100.0
Relative error [Bound] 100.0
Relative error [Core] 100.0
Absolute error [Fluid] 3.5406
Absolute error [Bound] 3.5493
Absolute error [Core] 3.5366
Absolute error [Non-F] 0.0000
R.M.S.   error [Fluid] 3.5432
R.M.S.   error [Bound] 3.5534
R.M.S.   error [Core] 3.5390
R.M.S.   error [Non-F] 0.0000
[Iteration 14550] total_loss=0.0608, data_loss=0.0581, ref_loss=0.0521, physics_loss=6.6166E-02, it_time=0.00288 s total_time=31.9 min
[Iteration 14600] total_loss=0.0597, data_loss=0.0571, ref_loss=0.0518, physics_loss=6.6427E-02, it_time=0.00283 s total_time=32.0 min
[Iteration 14650] total_loss=0.0605, data_loss=0.0577, ref_loss=0.0515, physics_loss=7.0283E-02, it_time=0.00279 s total_time=32.1 min
[Iteration 14700] total_loss=0.0597, data_loss=0.0570, ref_loss=0.0511, physics_loss=6.7005E-02, it_time=0.00284 s total_time=32.2 min
[Iteration 14750] total_loss=0.0606, data_loss=0.0578, ref_loss=0.0509, physics_loss=6.8490E-02, it_time=0.00272 s total_time=32.3 min
[Iteration 14800] total_loss=0.0601, data_loss=0.0574, ref_loss=0.0508, physics_loss=6.7433E-02, it_time=0.00286 s total_time=32.4 min
[Iteration 14850] total_loss=0.0609, data_loss=0.0580, ref_loss=0.0514, physics_loss=7.2271E-02, it_time=0.00302 s total_time=32.5 min
[Iteration 14900] total_loss=0.0591, data_loss=0.0564, ref_loss=0.0510, physics_loss=6.7299E-02, it_time=0.00298 s total_time=32.6 min
[Iteration 14950] total_loss=0.0602, data_loss=0.0574, ref_loss=0.0522, physics_loss=6.9981E-02, it_time=0.00289 s total_time=32.7 min
[Iteration 15000] total_loss=0.0605, data_loss=0.0575, ref_loss=0.0533, physics_loss=7.5884E-02, it_time=0.00283 s total_time=32.8 min
Total avg
Relative error [Fluid] 100.0
Relative error [Bound] 100.0
Relative error [Core] 100.0
Absolute error [Fluid] 3.5439
Absolute error [Bound] 3.5529
Absolute error [Core] 3.5398
Absolute error [Non-F] 0.0000
R.M.S.   error [Fluid] 3.5465
R.M.S.   error [Bound] 3.5572
R.M.S.   error [Core] 3.5422
R.M.S.   error [Non-F] 0.0000
Checkpoint saved to ../models/260522_Aomodel_Healthy_4dsim_V250_n6_VanillaPINN_NOFF_2_nobound/260522_Aomodel_Healthy_4dsim_V250_n6_VanillaPINN_NOFF_2_nobound_FFN_1t_20260523-0153/checkpoints/260522_Aomodel_Healthy_4dsim_V250_n6_VanillaPINN_NOFF_2_nobound_FFN_1t_it15000.pth
[Iteration 15050] total_loss=0.0598, data_loss=0.0571, ref_loss=0.0504, physics_loss=6.6166E-02, it_time=0.00286 s total_time=33.0 min
[Iteration 15100] total_loss=0.0597, data_loss=0.0570, ref_loss=0.0510, physics_loss=6.7203E-02, it_time=0.00363 s total_time=33.1 min
[Iteration 15150] total_loss=0.0608, data_loss=0.0580, ref_loss=0.0519, physics_loss=7.0008E-02, it_time=0.00289 s total_time=33.2 min
[Iteration 15200] total_loss=0.0610, data_loss=0.0583, ref_loss=0.0511, physics_loss=6.6049E-02, it_time=0.00289 s total_time=33.3 min
[Iteration 15250] total_loss=0.0601, data_loss=0.0573, ref_loss=0.0507, physics_loss=6.8554E-02, it_time=0.00282 s total_time=33.4 min
[Iteration 15300] total_loss=0.0590, data_loss=0.0563, ref_loss=0.0507, physics_loss=6.8400E-02, it_time=0.00316 s total_time=33.5 min
[Iteration 15350] total_loss=0.0601, data_loss=0.0574, ref_loss=0.0509, physics_loss=6.6540E-02, it_time=0.00297 s total_time=33.6 min
[Iteration 15400] total_loss=0.0605, data_loss=0.0579, ref_loss=0.0507, physics_loss=6.5640E-02, it_time=0.00278 s total_time=33.7 min
[Iteration 15450] total_loss=0.0590, data_loss=0.0563, ref_loss=0.0510, physics_loss=6.8635E-02, it_time=0.00294 s total_time=33.8 min
[Iteration 15500] total_loss=0.0609, data_loss=0.0582, ref_loss=0.0524, physics_loss=6.9180E-02, it_time=0.00301 s total_time=33.9 min
Total avg
Relative error [Fluid] 100.0
Relative error [Bound] 100.0
Relative error [Core] 100.0
Absolute error [Fluid] 3.5450
Absolute error [Bound] 3.5539
Absolute error [Core] 3.5409
Absolute error [Non-F] 0.0000
R.M.S.   error [Fluid] 3.5475
R.M.S.   error [Bound] 3.5581
R.M.S.   error [Core] 3.5432
R.M.S.   error [Non-F] 0.0000
[Iteration 15550] total_loss=0.0600, data_loss=0.0573, ref_loss=0.0516, physics_loss=6.7234E-02, it_time=0.00294 s total_time=34.1 min
[Iteration 15600] total_loss=0.0594, data_loss=0.0564, ref_loss=0.0514, physics_loss=7.4194E-02, it_time=0.00276 s total_time=34.2 min
[Iteration 15650] total_loss=0.0593, data_loss=0.0565, ref_loss=0.0525, physics_loss=7.0744E-02, it_time=0.00281 s total_time=34.3 min
[Iteration 15700] total_loss=0.0604, data_loss=0.0576, ref_loss=0.0518, physics_loss=6.9781E-02, it_time=0.00271 s total_time=34.4 min
[Iteration 15750] total_loss=0.0602, data_loss=0.0573, ref_loss=0.0519, physics_loss=7.0739E-02, it_time=0.00277 s total_time=34.5 min
[Iteration 15800] total_loss=0.0598, data_loss=0.0570, ref_loss=0.0504, physics_loss=6.8303E-02, it_time=0.0027 s total_time=34.6 min
[Iteration 15850] total_loss=0.0607, data_loss=0.0579, ref_loss=0.0534, physics_loss=6.9040E-02, it_time=0.00277 s total_time=34.7 min
[Iteration 15900] total_loss=0.0598, data_loss=0.0571, ref_loss=0.0522, physics_loss=6.7174E-02, it_time=0.00266 s total_time=34.8 min
[Iteration 15950] total_loss=0.0599, data_loss=0.0573, ref_loss=0.0511, physics_loss=6.4410E-02, it_time=0.00284 s total_time=34.9 min
[Iteration 16000] total_loss=0.0596, data_loss=0.0569, ref_loss=0.0539, physics_loss=6.8742E-02, it_time=0.00264 s total_time=35.0 min
Total avg
Relative error [Fluid] 100.0
Relative error [Bound] 100.0
Relative error [Core] 100.0
Absolute error [Fluid] 3.5238
Absolute error [Bound] 3.5327
Absolute error [Core] 3.5196
Absolute error [Non-F] 0.0000
R.M.S.   error [Fluid] 3.5263
R.M.S.   error [Bound] 3.5369
R.M.S.   error [Core] 3.5220
R.M.S.   error [Non-F] 0.0000
[Iteration 16050] total_loss=0.0594, data_loss=0.0567, ref_loss=0.0504, physics_loss=6.6804E-02, it_time=0.00287 s total_time=35.2 min
[Iteration 16100] total_loss=0.0602, data_loss=0.0574, ref_loss=0.0505, physics_loss=6.8676E-02, it_time=0.00304 s total_time=35.3 min
[Iteration 16150] total_loss=0.0601, data_loss=0.0575, ref_loss=0.0506, physics_loss=6.5471E-02, it_time=0.00267 s total_time=35.4 min
[Iteration 16200] total_loss=0.0599, data_loss=0.0571, ref_loss=0.0504, physics_loss=7.1029E-02, it_time=0.00279 s total_time=35.5 min
[Iteration 16250] total_loss=0.0603, data_loss=0.0575, ref_loss=0.0509, physics_loss=6.8796E-02, it_time=0.00346 s total_time=35.6 min
[Iteration 16300] total_loss=0.0600, data_loss=0.0572, ref_loss=0.0499, physics_loss=6.8509E-02, it_time=0.00302 s total_time=35.7 min
[Iteration 16350] total_loss=0.0599, data_loss=0.0574, ref_loss=0.0512, physics_loss=6.3841E-02, it_time=0.00281 s total_time=35.8 min
[Iteration 16400] total_loss=0.0597, data_loss=0.0570, ref_loss=0.0514, physics_loss=6.6169E-02, it_time=0.00275 s total_time=35.9 min
[Iteration 16450] total_loss=0.0599, data_loss=0.0572, ref_loss=0.0518, physics_loss=6.7663E-02, it_time=0.00292 s total_time=36.0 min
[Iteration 16500] total_loss=0.0596, data_loss=0.0569, ref_loss=0.0510, physics_loss=6.7138E-02, it_time=0.00294 s total_time=36.1 min
Total avg
Relative error [Fluid] 100.0
Relative error [Bound] 100.0
Relative error [Core] 100.0
Absolute error [Fluid] 3.5435
Absolute error [Bound] 3.5518
Absolute error [Core] 3.5396
Absolute error [Non-F] 0.0000
R.M.S.   error [Fluid] 3.5460
R.M.S.   error [Bound] 3.5560
R.M.S.   error [Core] 3.5419
R.M.S.   error [Non-F] 0.0000
[Iteration 16550] total_loss=0.0602, data_loss=0.0575, ref_loss=0.0497, physics_loss=6.6783E-02, it_time=0.00274 s total_time=36.2 min
[Iteration 16600] total_loss=0.0596, data_loss=0.0570, ref_loss=0.0511, physics_loss=6.5172E-02, it_time=0.003 s total_time=36.3 min
[Iteration 16650] total_loss=0.0601, data_loss=0.0573, ref_loss=0.0510, physics_loss=6.9422E-02, it_time=0.00316 s total_time=36.4 min
[Iteration 16700] total_loss=0.0604, data_loss=0.0577, ref_loss=0.0498, physics_loss=6.8411E-02, it_time=0.00281 s total_time=36.5 min
[Iteration 16750] total_loss=0.0597, data_loss=0.0570, ref_loss=0.0504, physics_loss=6.8446E-02, it_time=0.00309 s total_time=36.7 min
[Iteration 16800] total_loss=0.0596, data_loss=0.0569, ref_loss=0.0510, physics_loss=6.6343E-02, it_time=0.00266 s total_time=36.8 min
[Iteration 16850] total_loss=0.0599, data_loss=0.0572, ref_loss=0.0503, physics_loss=6.7521E-02, it_time=0.003 s total_time=36.9 min
[Iteration 16900] total_loss=0.0595, data_loss=0.0567, ref_loss=0.0510, physics_loss=6.8517E-02, it_time=0.0029 s total_time=37.0 min
[Iteration 16950] total_loss=0.0601, data_loss=0.0574, ref_loss=0.0515, physics_loss=6.7526E-02, it_time=0.00333 s total_time=37.1 min
[Iteration 17000] total_loss=0.0595, data_loss=0.0568, ref_loss=0.0500, physics_loss=6.8150E-02, it_time=0.00297 s total_time=37.2 min
Total avg
Relative error [Fluid] 100.0
Relative error [Bound] 100.0
Relative error [Core] 100.0
Absolute error [Fluid] 3.5384
Absolute error [Bound] 3.5463
Absolute error [Core] 3.5346
Absolute error [Non-F] 0.0000
R.M.S.   error [Fluid] 3.5408
R.M.S.   error [Bound] 3.5504
R.M.S.   error [Core] 3.5369
R.M.S.   error [Non-F] 0.0000
[Iteration 17050] total_loss=0.0599, data_loss=0.0572, ref_loss=0.0515, physics_loss=6.6432E-02, it_time=0.00329 s total_time=37.3 min
[Iteration 17100] total_loss=0.0598, data_loss=0.0571, ref_loss=0.0514, physics_loss=6.7097E-02, it_time=0.00282 s total_time=37.4 min
[Iteration 17150] total_loss=0.0597, data_loss=0.0571, ref_loss=0.0499, physics_loss=6.5522E-02, it_time=0.00294 s total_time=37.6 min
[Iteration 17200] total_loss=0.0608, data_loss=0.0581, ref_loss=0.0507, physics_loss=6.8317E-02, it_time=0.00274 s total_time=37.7 min
[Iteration 17250] total_loss=0.0601, data_loss=0.0571, ref_loss=0.0505, physics_loss=7.4303E-02, it_time=0.00277 s total_time=37.8 min
[Iteration 17300] total_loss=0.0590, data_loss=0.0563, ref_loss=0.0508, physics_loss=6.5930E-02, it_time=0.00277 s total_time=37.9 min
[Iteration 17350] total_loss=0.0597, data_loss=0.0570, ref_loss=0.0501, physics_loss=6.6153E-02, it_time=0.00285 s total_time=38.0 min
[Iteration 17400] total_loss=0.0588, data_loss=0.0562, ref_loss=0.0503, physics_loss=6.5963E-02, it_time=0.00273 s total_time=38.1 min
[Iteration 17450] total_loss=0.0595, data_loss=0.0568, ref_loss=0.0509, physics_loss=6.7437E-02, it_time=0.00284 s total_time=38.2 min
[Iteration 17500] total_loss=0.0595, data_loss=0.0568, ref_loss=0.0501, physics_loss=6.6878E-02, it_time=0.00296 s total_time=38.3 min
Total avg
Relative error [Fluid] 100.0
Relative error [Bound] 100.0
Relative error [Core] 100.0
Absolute error [Fluid] 3.5516
Absolute error [Bound] 3.5596
Absolute error [Core] 3.5478
Absolute error [Non-F] 0.0000
R.M.S.   error [Fluid] 3.5540
R.M.S.   error [Bound] 3.5637
R.M.S.   error [Core] 3.5501
R.M.S.   error [Non-F] 0.0000
[Iteration 17550] total_loss=0.0597, data_loss=0.0570, ref_loss=0.0501, physics_loss=6.7376E-02, it_time=0.00272 s total_time=38.5 min
[Iteration 17600] total_loss=0.0587, data_loss=0.0562, ref_loss=0.0509, physics_loss=6.4176E-02, it_time=0.00273 s total_time=38.6 min
[Iteration 17650] total_loss=0.0592, data_loss=0.0566, ref_loss=0.0504, physics_loss=6.4646E-02, it_time=0.00292 s total_time=38.7 min
[Iteration 17700] total_loss=0.0585, data_loss=0.0559, ref_loss=0.0506, physics_loss=6.6420E-02, it_time=0.00264 s total_time=38.8 min
[Iteration 17750] total_loss=0.0590, data_loss=0.0563, ref_loss=0.0501, physics_loss=6.7002E-02, it_time=0.00312 s total_time=38.9 min
[Iteration 17800] total_loss=0.0592, data_loss=0.0566, ref_loss=0.0510, physics_loss=6.5925E-02, it_time=0.00311 s total_time=39.0 min
[Iteration 17850] total_loss=0.0590, data_loss=0.0564, ref_loss=0.0499, physics_loss=6.6288E-02, it_time=0.0029 s total_time=39.1 min
[Iteration 17900] total_loss=0.0603, data_loss=0.0576, ref_loss=0.0498, physics_loss=6.7519E-02, it_time=0.00321 s total_time=39.2 min
[Iteration 17950] total_loss=0.0596, data_loss=0.0569, ref_loss=0.0503, physics_loss=6.6614E-02, it_time=0.00299 s total_time=39.3 min
[Iteration 18000] total_loss=0.0584, data_loss=0.0557, ref_loss=0.0515, physics_loss=6.6307E-02, it_time=0.00357 s total_time=39.4 min
Total avg
Relative error [Fluid] 100.0
Relative error [Bound] 100.0
Relative error [Core] 100.0
Absolute error [Fluid] 3.5306
Absolute error [Bound] 3.5398
Absolute error [Core] 3.5263
Absolute error [Non-F] 0.0000
R.M.S.   error [Fluid] 3.5331
R.M.S.   error [Bound] 3.5439
R.M.S.   error [Core] 3.5287
R.M.S.   error [Non-F] 0.0000
[Iteration 18050] total_loss=0.0590, data_loss=0.0564, ref_loss=0.0508, physics_loss=6.6492E-02, it_time=0.003 s total_time=39.6 min
[Iteration 18100] total_loss=0.0597, data_loss=0.0570, ref_loss=0.0495, physics_loss=6.7877E-02, it_time=0.00323 s total_time=39.7 min
[Iteration 18150] total_loss=0.0586, data_loss=0.0560, ref_loss=0.0500, physics_loss=6.6325E-02, it_time=0.00343 s total_time=39.8 min
[Iteration 18200] total_loss=0.0592, data_loss=0.0565, ref_loss=0.0503, physics_loss=6.9151E-02, it_time=0.00308 s total_time=39.9 min
[Iteration 18250] total_loss=0.0591, data_loss=0.0564, ref_loss=0.0505, physics_loss=6.5219E-02, it_time=0.00286 s total_time=40.0 min
[Iteration 18300] total_loss=0.0601, data_loss=0.0573, ref_loss=0.0513, physics_loss=6.9768E-02, it_time=0.00294 s total_time=40.1 min
[Iteration 18350] total_loss=0.0580, data_loss=0.0553, ref_loss=0.0509, physics_loss=6.7094E-02, it_time=0.00298 s total_time=40.3 min
[Iteration 18400] total_loss=0.0598, data_loss=0.0572, ref_loss=0.0500, physics_loss=6.4399E-02, it_time=0.00282 s total_time=40.4 min
[Iteration 18450] total_loss=0.0593, data_loss=0.0567, ref_loss=0.0511, physics_loss=6.6530E-02, it_time=0.00318 s total_time=40.5 min
[Iteration 18500] total_loss=0.0599, data_loss=0.0572, ref_loss=0.0500, physics_loss=6.7861E-02, it_time=0.00274 s total_time=40.6 min
Total avg
Relative error [Fluid] 100.0
Relative error [Bound] 100.0
Relative error [Core] 100.0
Absolute error [Fluid] 3.5461
Absolute error [Bound] 3.5541
Absolute error [Core] 3.5423
Absolute error [Non-F] 0.0000
R.M.S.   error [Fluid] 3.5486
R.M.S.   error [Bound] 3.5582
R.M.S.   error [Core] 3.5447
R.M.S.   error [Non-F] 0.0000
[Iteration 18550] total_loss=0.0595, data_loss=0.0568, ref_loss=0.0508, physics_loss=6.7010E-02, it_time=0.00296 s total_time=40.7 min
[Iteration 18600] total_loss=0.0596, data_loss=0.0570, ref_loss=0.0508, physics_loss=6.5716E-02, it_time=0.00294 s total_time=40.8 min
[Iteration 18650] total_loss=0.0589, data_loss=0.0562, ref_loss=0.0500, physics_loss=6.7042E-02, it_time=0.00277 s total_time=40.9 min
[Iteration 18700] total_loss=0.0594, data_loss=0.0566, ref_loss=0.0505, physics_loss=7.0500E-02, it_time=0.00281 s total_time=41.0 min
[Iteration 18750] total_loss=0.0603, data_loss=0.0576, ref_loss=0.0522, physics_loss=6.5539E-02, it_time=0.00309 s total_time=41.1 min
[Iteration 18800] total_loss=0.0602, data_loss=0.0574, ref_loss=0.0507, physics_loss=7.0029E-02, it_time=0.00284 s total_time=41.2 min
[Iteration 18850] total_loss=0.0592, data_loss=0.0565, ref_loss=0.0506, physics_loss=6.7012E-02, it_time=0.0028 s total_time=41.3 min
[Iteration 18900] total_loss=0.0610, data_loss=0.0583, ref_loss=0.0504, physics_loss=6.7074E-02, it_time=0.00297 s total_time=41.5 min
[Iteration 18950] total_loss=0.0592, data_loss=0.0566, ref_loss=0.0498, physics_loss=6.6124E-02, it_time=0.00299 s total_time=41.6 min
[Iteration 19000] total_loss=0.0599, data_loss=0.0571, ref_loss=0.0498, physics_loss=6.7685E-02, it_time=0.00376 s total_time=41.7 min
Total avg
Relative error [Fluid] 100.0
Relative error [Bound] 100.0
Relative error [Core] 100.0
Absolute error [Fluid] 3.5458
Absolute error [Bound] 3.5538
Absolute error [Core] 3.5420
Absolute error [Non-F] 0.0000
R.M.S.   error [Fluid] 3.5483
R.M.S.   error [Bound] 3.5579
R.M.S.   error [Core] 3.5444
R.M.S.   error [Non-F] 0.0000
[Iteration 19050] total_loss=0.0603, data_loss=0.0577, ref_loss=0.0504, physics_loss=6.5993E-02, it_time=0.00283 s total_time=41.8 min
[Iteration 19100] total_loss=0.0592, data_loss=0.0565, ref_loss=0.0505, physics_loss=6.7438E-02, it_time=0.00274 s total_time=41.9 min
[Iteration 19150] total_loss=0.0583, data_loss=0.0556, ref_loss=0.0498, physics_loss=6.9163E-02, it_time=0.00316 s total_time=42.0 min
[Iteration 19200] total_loss=0.0592, data_loss=0.0565, ref_loss=0.0497, physics_loss=6.7100E-02, it_time=0.00289 s total_time=42.1 min
[Iteration 19250] total_loss=0.0588, data_loss=0.0561, ref_loss=0.0504, physics_loss=6.6087E-02, it_time=0.00281 s total_time=42.2 min
[Iteration 19300] total_loss=0.0600, data_loss=0.0574, ref_loss=0.0520, physics_loss=6.6514E-02, it_time=0.00274 s total_time=42.3 min
[Iteration 19350] total_loss=0.0586, data_loss=0.0560, ref_loss=0.0496, physics_loss=6.4602E-02, it_time=0.00312 s total_time=42.5 min
[Iteration 19400] total_loss=0.0593, data_loss=0.0567, ref_loss=0.0493, physics_loss=6.5606E-02, it_time=0.0029 s total_time=42.6 min
[Iteration 19450] total_loss=0.0597, data_loss=0.0571, ref_loss=0.0524, physics_loss=6.5514E-02, it_time=0.00292 s total_time=42.7 min
[Iteration 19500] total_loss=0.0594, data_loss=0.0568, ref_loss=0.0499, physics_loss=6.5216E-02, it_time=0.00296 s total_time=42.8 min
Total avg
Relative error [Fluid] 100.0
Relative error [Bound] 100.0
Relative error [Core] 100.0
Absolute error [Fluid] 3.5509
Absolute error [Bound] 3.5582
Absolute error [Core] 3.5474
Absolute error [Non-F] 0.0000
R.M.S.   error [Fluid] 3.5533
R.M.S.   error [Bound] 3.5623
R.M.S.   error [Core] 3.5497
R.M.S.   error [Non-F] 0.0000
[Iteration 19550] total_loss=0.0597, data_loss=0.0569, ref_loss=0.0506, physics_loss=6.8626E-02, it_time=0.00296 s total_time=42.9 min
[Iteration 19600] total_loss=0.0592, data_loss=0.0566, ref_loss=0.0496, physics_loss=6.6087E-02, it_time=0.00305 s total_time=43.0 min
[Iteration 19650] total_loss=0.0587, data_loss=0.0561, ref_loss=0.0506, physics_loss=6.6533E-02, it_time=0.00312 s total_time=43.1 min
[Iteration 19700] total_loss=0.0598, data_loss=0.0571, ref_loss=0.0501, physics_loss=6.7641E-02, it_time=0.00286 s total_time=43.2 min
[Iteration 19750] total_loss=0.0597, data_loss=0.0571, ref_loss=0.0508, physics_loss=6.4535E-02, it_time=0.00282 s total_time=43.3 min
[Iteration 19800] total_loss=0.0594, data_loss=0.0568, ref_loss=0.0494, physics_loss=6.6415E-02, it_time=0.00289 s total_time=43.4 min
[Iteration 19850] total_loss=0.0595, data_loss=0.0570, ref_loss=0.0500, physics_loss=6.3772E-02, it_time=0.00301 s total_time=43.6 min
[Iteration 19900] total_loss=0.0587, data_loss=0.0562, ref_loss=0.0494, physics_loss=6.4488E-02, it_time=0.00299 s total_time=43.7 min
[Iteration 19950] total_loss=0.0599, data_loss=0.0572, ref_loss=0.0510, physics_loss=6.7262E-02, it_time=0.00287 s total_time=43.8 min
[Iteration 20000] total_loss=0.0590, data_loss=0.0564, ref_loss=0.0504, physics_loss=6.4702E-02, it_time=0.00317 s total_time=43.9 min
Total avg
Relative error [Fluid] 100.0
Relative error [Bound] 100.0
Relative error [Core] 100.0
Absolute error [Fluid] 3.5357
Absolute error [Bound] 3.5432
Absolute error [Core] 3.5321
Absolute error [Non-F] 0.0000
R.M.S.   error [Fluid] 3.5381
R.M.S.   error [Bound] 3.5472
R.M.S.   error [Core] 3.5344
R.M.S.   error [Non-F] 0.0000
Checkpoint saved to ../models/260522_Aomodel_Healthy_4dsim_V250_n6_VanillaPINN_NOFF_2_nobound/260522_Aomodel_Healthy_4dsim_V250_n6_VanillaPINN_NOFF_2_nobound_FFN_1t_20260523-0153/checkpoints/260522_Aomodel_Healthy_4dsim_V250_n6_VanillaPINN_NOFF_2_nobound_FFN_1t_it20000.pth
[Iteration 20050] total_loss=0.0592, data_loss=0.0566, ref_loss=0.0500, physics_loss=6.4267E-02, it_time=0.00282 s total_time=44.0 min
[Iteration 20100] total_loss=0.0587, data_loss=0.0560, ref_loss=0.0507, physics_loss=6.6588E-02, it_time=0.00273 s total_time=44.1 min
[Iteration 20150] total_loss=0.0587, data_loss=0.0561, ref_loss=0.0494, physics_loss=6.5427E-02, it_time=0.00293 s total_time=44.2 min
[Iteration 20200] total_loss=0.0586, data_loss=0.0560, ref_loss=0.0501, physics_loss=6.5380E-02, it_time=0.00298 s total_time=44.3 min
[Iteration 20250] total_loss=0.0599, data_loss=0.0572, ref_loss=0.0491, physics_loss=6.9477E-02, it_time=0.00294 s total_time=44.4 min
[Iteration 20300] total_loss=0.0592, data_loss=0.0565, ref_loss=0.0489, physics_loss=6.7177E-02, it_time=0.00284 s total_time=44.5 min
[Iteration 20350] total_loss=0.0587, data_loss=0.0561, ref_loss=0.0498, physics_loss=6.5542E-02, it_time=0.00276 s total_time=44.6 min
[Iteration 20400] total_loss=0.0582, data_loss=0.0555, ref_loss=0.0491, physics_loss=6.8273E-02, it_time=0.00281 s total_time=44.8 min
[Iteration 20450] total_loss=0.0585, data_loss=0.0559, ref_loss=0.0494, physics_loss=6.5862E-02, it_time=0.0029 s total_time=44.9 min
[Iteration 20500] total_loss=0.0584, data_loss=0.0558, ref_loss=0.0510, physics_loss=6.5581E-02, it_time=0.00314 s total_time=45.0 min
Total avg
Relative error [Fluid] 100.0
Relative error [Bound] 100.0
Relative error [Core] 100.0
Absolute error [Fluid] 3.5395
Absolute error [Bound] 3.5480
Absolute error [Core] 3.5355
Absolute error [Non-F] 0.0000
R.M.S.   error [Fluid] 3.5419
R.M.S.   error [Bound] 3.5521
R.M.S.   error [Core] 3.5378
R.M.S.   error [Non-F] 0.0000
[Iteration 20550] total_loss=0.0598, data_loss=0.0572, ref_loss=0.0518, physics_loss=6.3381E-02, it_time=0.00281 s total_time=45.1 min
[Iteration 20600] total_loss=0.0593, data_loss=0.0566, ref_loss=0.0508, physics_loss=6.6588E-02, it_time=0.0029 s total_time=45.2 min
[Iteration 20650] total_loss=0.0582, data_loss=0.0555, ref_loss=0.0504, physics_loss=6.6002E-02, it_time=0.00285 s total_time=45.3 min
[Iteration 20700] total_loss=0.0584, data_loss=0.0558, ref_loss=0.0496, physics_loss=6.4299E-02, it_time=0.003 s total_time=45.4 min
[Iteration 20750] total_loss=0.0587, data_loss=0.0561, ref_loss=0.0496, physics_loss=6.5940E-02, it_time=0.00272 s total_time=45.5 min
[Iteration 20800] total_loss=0.0584, data_loss=0.0557, ref_loss=0.0501, physics_loss=6.7667E-02, it_time=0.00286 s total_time=45.6 min
[Iteration 20850] total_loss=0.0595, data_loss=0.0568, ref_loss=0.0494, physics_loss=6.6566E-02, it_time=0.00291 s total_time=45.7 min
[Iteration 20900] total_loss=0.0586, data_loss=0.0560, ref_loss=0.0493, physics_loss=6.4849E-02, it_time=0.0031 s total_time=45.8 min
[Iteration 20950] total_loss=0.0582, data_loss=0.0556, ref_loss=0.0499, physics_loss=6.5578E-02, it_time=0.00278 s total_time=46.0 min
[Iteration 21000] total_loss=0.0593, data_loss=0.0566, ref_loss=0.0510, physics_loss=6.5371E-02, it_time=0.00275 s total_time=46.1 min
Total avg
Relative error [Fluid] 100.0
Relative error [Bound] 100.0
Relative error [Core] 100.0
Absolute error [Fluid] 3.5497
Absolute error [Bound] 3.5577
Absolute error [Core] 3.5458
Absolute error [Non-F] 0.0000
R.M.S.   error [Fluid] 3.5521
R.M.S.   error [Bound] 3.5618
R.M.S.   error [Core] 3.5482
R.M.S.   error [Non-F] 0.0000
[Iteration 21050] total_loss=0.0585, data_loss=0.0559, ref_loss=0.0495, physics_loss=6.5419E-02, it_time=0.00335 s total_time=46.2 min
[Iteration 21100] total_loss=0.0584, data_loss=0.0558, ref_loss=0.0496, physics_loss=6.4766E-02, it_time=0.00264 s total_time=46.3 min
[Iteration 21150] total_loss=0.0591, data_loss=0.0564, ref_loss=0.0508, physics_loss=6.6897E-02, it_time=0.00272 s total_time=46.4 min
[Iteration 21200] total_loss=0.0578, data_loss=0.0552, ref_loss=0.0500, physics_loss=6.5500E-02, it_time=0.00277 s total_time=46.5 min
[Iteration 21250] total_loss=0.0592, data_loss=0.0565, ref_loss=0.0493, physics_loss=6.8333E-02, it_time=0.00282 s total_time=46.6 min
[Iteration 21300] total_loss=0.0587, data_loss=0.0560, ref_loss=0.0490, physics_loss=6.5482E-02, it_time=0.0032 s total_time=46.7 min
[Iteration 21350] total_loss=0.0587, data_loss=0.0561, ref_loss=0.0504, physics_loss=6.5138E-02, it_time=0.00277 s total_time=46.8 min
[Iteration 21400] total_loss=0.0592, data_loss=0.0564, ref_loss=0.0502, physics_loss=6.8793E-02, it_time=0.00309 s total_time=46.9 min
[Iteration 21450] total_loss=0.0578, data_loss=0.0551, ref_loss=0.0492, physics_loss=6.6769E-02, it_time=0.00283 s total_time=47.0 min
[Iteration 21500] total_loss=0.0591, data_loss=0.0565, ref_loss=0.0492, physics_loss=6.6140E-02, it_time=0.00331 s total_time=47.1 min
Total avg
Relative error [Fluid] 100.0
Relative error [Bound] 100.0
Relative error [Core] 100.0
Absolute error [Fluid] 3.5387
Absolute error [Bound] 3.5468
Absolute error [Core] 3.5349
Absolute error [Non-F] 0.0000
R.M.S.   error [Fluid] 3.5412
R.M.S.   error [Bound] 3.5510
R.M.S.   error [Core] 3.5372
R.M.S.   error [Non-F] 0.0000
[Iteration 21550] total_loss=0.0587, data_loss=0.0560, ref_loss=0.0495, physics_loss=6.6779E-02, it_time=0.00273 s total_time=47.3 min
[Iteration 21600] total_loss=0.0583, data_loss=0.0558, ref_loss=0.0505, physics_loss=6.3815E-02, it_time=0.00289 s total_time=47.4 min
[Iteration 21650] total_loss=0.0587, data_loss=0.0562, ref_loss=0.0502, physics_loss=6.3652E-02, it_time=0.00269 s total_time=47.5 min
[Iteration 21700] total_loss=0.0590, data_loss=0.0563, ref_loss=0.0496, physics_loss=6.6936E-02, it_time=0.00272 s total_time=47.6 min
[Iteration 21750] total_loss=0.0590, data_loss=0.0564, ref_loss=0.0488, physics_loss=6.7030E-02, it_time=0.00291 s total_time=47.7 min
[Iteration 21800] total_loss=0.0591, data_loss=0.0564, ref_loss=0.0495, physics_loss=6.6783E-02, it_time=0.00287 s total_time=47.8 min
[Iteration 21850] total_loss=0.0588, data_loss=0.0561, ref_loss=0.0485, physics_loss=6.5090E-02, it_time=0.003 s total_time=47.9 min
[Iteration 21900] total_loss=0.0579, data_loss=0.0553, ref_loss=0.0498, physics_loss=6.5412E-02, it_time=0.00265 s total_time=48.0 min
[Iteration 21950] total_loss=0.0587, data_loss=0.0561, ref_loss=0.0489, physics_loss=6.5528E-02, it_time=0.00311 s total_time=48.1 min
[Iteration 22000] total_loss=0.0589, data_loss=0.0563, ref_loss=0.0503, physics_loss=6.5347E-02, it_time=0.00277 s total_time=48.2 min
Total avg
Relative error [Fluid] 100.0
Relative error [Bound] 100.0
Relative error [Core] 100.0
Absolute error [Fluid] 3.5432
Absolute error [Bound] 3.5504
Absolute error [Core] 3.5397
Absolute error [Non-F] 0.0000
R.M.S.   error [Fluid] 3.5456
R.M.S.   error [Bound] 3.5545
R.M.S.   error [Core] 3.5420
R.M.S.   error [Non-F] 0.0000
[Iteration 22050] total_loss=0.0587, data_loss=0.0561, ref_loss=0.0505, physics_loss=6.4313E-02, it_time=0.00275 s total_time=48.4 min
[Iteration 22100] total_loss=0.0596, data_loss=0.0569, ref_loss=0.0515, physics_loss=6.6634E-02, it_time=0.00298 s total_time=48.5 min
[Iteration 22150] total_loss=0.0579, data_loss=0.0553, ref_loss=0.0506, physics_loss=6.4222E-02, it_time=0.00278 s total_time=48.6 min
[Iteration 22200] total_loss=0.0596, data_loss=0.0570, ref_loss=0.0491, physics_loss=6.4303E-02, it_time=0.00283 s total_time=48.7 min
[Iteration 22250] total_loss=0.0589, data_loss=0.0563, ref_loss=0.0507, physics_loss=6.3640E-02, it_time=0.00289 s total_time=48.8 min
[Iteration 22300] total_loss=0.0582, data_loss=0.0555, ref_loss=0.0496, physics_loss=6.6158E-02, it_time=0.00285 s total_time=48.9 min
[Iteration 22350] total_loss=0.0579, data_loss=0.0552, ref_loss=0.0490, physics_loss=6.6342E-02, it_time=0.0028 s total_time=49.0 min
[Iteration 22400] total_loss=0.0585, data_loss=0.0558, ref_loss=0.0491, physics_loss=6.6883E-02, it_time=0.00284 s total_time=49.1 min
[Iteration 22450] total_loss=0.0586, data_loss=0.0561, ref_loss=0.0498, physics_loss=6.3638E-02, it_time=0.00324 s total_time=49.2 min
[Iteration 22500] total_loss=0.0591, data_loss=0.0565, ref_loss=0.0503, physics_loss=6.4787E-02, it_time=0.00301 s total_time=49.3 min
Total avg
Relative error [Fluid] 100.0
Relative error [Bound] 100.0
Relative error [Core] 100.0
Absolute error [Fluid] 3.5554
Absolute error [Bound] 3.5627
Absolute error [Core] 3.5519
Absolute error [Non-F] 0.0000
R.M.S.   error [Fluid] 3.5578
R.M.S.   error [Bound] 3.5668
R.M.S.   error [Core] 3.5542
R.M.S.   error [Non-F] 0.0000
[Iteration 22550] total_loss=0.0587, data_loss=0.0561, ref_loss=0.0496, physics_loss=6.5449E-02, it_time=0.00287 s total_time=49.4 min
[Iteration 22600] total_loss=0.0578, data_loss=0.0551, ref_loss=0.0482, physics_loss=6.7357E-02, it_time=0.00313 s total_time=49.6 min
[Iteration 22650] total_loss=0.0587, data_loss=0.0561, ref_loss=0.0488, physics_loss=6.5169E-02, it_time=0.00296 s total_time=49.7 min
[Iteration 22700] total_loss=0.0586, data_loss=0.0560, ref_loss=0.0489, physics_loss=6.4922E-02, it_time=0.00325 s total_time=49.8 min
[Iteration 22750] total_loss=0.0585, data_loss=0.0560, ref_loss=0.0496, physics_loss=6.4303E-02, it_time=0.00292 s total_time=49.9 min
[Iteration 22800] total_loss=0.0581, data_loss=0.0554, ref_loss=0.0497, physics_loss=6.6570E-02, it_time=0.00276 s total_time=50.0 min
[Iteration 22850] total_loss=0.0595, data_loss=0.0569, ref_loss=0.0502, physics_loss=6.5575E-02, it_time=0.00281 s total_time=50.1 min
[Iteration 22900] total_loss=0.0576, data_loss=0.0550, ref_loss=0.0499, physics_loss=6.4978E-02, it_time=0.00284 s total_time=50.2 min
[Iteration 22950] total_loss=0.0594, data_loss=0.0567, ref_loss=0.0503, physics_loss=6.7035E-02, it_time=0.00265 s total_time=50.3 min
[Iteration 23000] total_loss=0.0585, data_loss=0.0558, ref_loss=0.0492, physics_loss=6.6985E-02, it_time=0.00273 s total_time=50.4 min
Total avg
Relative error [Fluid] 100.0
Relative error [Bound] 100.0
Relative error [Core] 100.0
Absolute error [Fluid] 3.5472
Absolute error [Bound] 3.5544
Absolute error [Core] 3.5438
Absolute error [Non-F] 0.0000
R.M.S.   error [Fluid] 3.5496
R.M.S.   error [Bound] 3.5585
R.M.S.   error [Core] 3.5460
R.M.S.   error [Non-F] 0.0000
[Iteration 23050] total_loss=0.0573, data_loss=0.0546, ref_loss=0.0486, physics_loss=6.5637E-02, it_time=0.00279 s total_time=50.5 min
[Iteration 23100] total_loss=0.0582, data_loss=0.0557, ref_loss=0.0506, physics_loss=6.3426E-02, it_time=0.00271 s total_time=50.6 min
[Iteration 23150] total_loss=0.0573, data_loss=0.0547, ref_loss=0.0493, physics_loss=6.4088E-02, it_time=0.00271 s total_time=50.7 min
[Iteration 23200] total_loss=0.0584, data_loss=0.0558, ref_loss=0.0493, physics_loss=6.5365E-02, it_time=0.00264 s total_time=50.8 min
[Iteration 23250] total_loss=0.0588, data_loss=0.0562, ref_loss=0.0495, physics_loss=6.4982E-02, it_time=0.00298 s total_time=50.9 min
[Iteration 23300] total_loss=0.0583, data_loss=0.0557, ref_loss=0.0495, physics_loss=6.4888E-02, it_time=0.00296 s total_time=51.0 min
[Iteration 23350] total_loss=0.0577, data_loss=0.0551, ref_loss=0.0499, physics_loss=6.3669E-02, it_time=0.00276 s total_time=51.1 min
[Iteration 23400] total_loss=0.0579, data_loss=0.0554, ref_loss=0.0491, physics_loss=6.4237E-02, it_time=0.00291 s total_time=51.2 min
[Iteration 23450] total_loss=0.0578, data_loss=0.0551, ref_loss=0.0493, physics_loss=6.5199E-02, it_time=0.00264 s total_time=51.3 min
[Iteration 23500] total_loss=0.0580, data_loss=0.0555, ref_loss=0.0485, physics_loss=6.4714E-02, it_time=0.00265 s total_time=51.4 min
Total avg
Relative error [Fluid] 100.0
Relative error [Bound] 100.0
Relative error [Core] 100.0
Absolute error [Fluid] 3.5422
Absolute error [Bound] 3.5498
Absolute error [Core] 3.5386
Absolute error [Non-F] 0.0000
R.M.S.   error [Fluid] 3.5446
R.M.S.   error [Bound] 3.5539
R.M.S.   error [Core] 3.5409
R.M.S.   error [Non-F] 0.0000
[Iteration 23550] total_loss=0.0585, data_loss=0.0559, ref_loss=0.0492, physics_loss=6.4858E-02, it_time=0.00274 s total_time=51.6 min
[Iteration 23600] total_loss=0.0573, data_loss=0.0547, ref_loss=0.0498, physics_loss=6.5772E-02, it_time=0.003 s total_time=51.7 min
[Iteration 23650] total_loss=0.0580, data_loss=0.0555, ref_loss=0.0495, physics_loss=6.3703E-02, it_time=0.00297 s total_time=51.8 min
[Iteration 23700] total_loss=0.0573, data_loss=0.0547, ref_loss=0.0495, physics_loss=6.5873E-02, it_time=0.00338 s total_time=51.9 min
[Iteration 23750] total_loss=0.0586, data_loss=0.0561, ref_loss=0.0495, physics_loss=6.3832E-02, it_time=0.00288 s total_time=52.0 min
[Iteration 23800] total_loss=0.0583, data_loss=0.0558, ref_loss=0.0487, physics_loss=6.2954E-02, it_time=0.00275 s total_time=52.1 min
[Iteration 23850] total_loss=0.0583, data_loss=0.0557, ref_loss=0.0490, physics_loss=6.3881E-02, it_time=0.00312 s total_time=52.2 min
[Iteration 23900] total_loss=0.0583, data_loss=0.0558, ref_loss=0.0501, physics_loss=6.2631E-02, it_time=0.00301 s total_time=52.3 min
[Iteration 23950] total_loss=0.0573, data_loss=0.0548, ref_loss=0.0494, physics_loss=6.3781E-02, it_time=0.00295 s total_time=52.4 min
[Iteration 24000] total_loss=0.0587, data_loss=0.0561, ref_loss=0.0488, physics_loss=6.4052E-02, it_time=0.00278 s total_time=52.5 min
Total avg
Relative error [Fluid] 100.0
Relative error [Bound] 100.0
Relative error [Core] 100.0
Absolute error [Fluid] 3.5373
Absolute error [Bound] 3.5447
Absolute error [Core] 3.5338
Absolute error [Non-F] 0.0000
R.M.S.   error [Fluid] 3.5397
R.M.S.   error [Bound] 3.5487
R.M.S.   error [Core] 3.5361
R.M.S.   error [Non-F] 0.0000
[Iteration 24050] total_loss=0.0583, data_loss=0.0557, ref_loss=0.0495, physics_loss=6.4489E-02, it_time=0.00413 s total_time=52.7 min
[Iteration 24100] total_loss=0.0579, data_loss=0.0554, ref_loss=0.0482, physics_loss=6.4610E-02, it_time=0.0028 s total_time=52.8 min
[Iteration 24150] total_loss=0.0584, data_loss=0.0557, ref_loss=0.0482, physics_loss=6.6652E-02, it_time=0.00283 s total_time=52.9 min
[Iteration 24200] total_loss=0.0587, data_loss=0.0561, ref_loss=0.0498, physics_loss=6.4989E-02, it_time=0.00284 s total_time=53.0 min
[Iteration 24250] total_loss=0.0576, data_loss=0.0550, ref_loss=0.0489, physics_loss=6.4414E-02, it_time=0.00332 s total_time=53.1 min
[Iteration 24300] total_loss=0.0584, data_loss=0.0558, ref_loss=0.0495, physics_loss=6.6107E-02, it_time=0.003 s total_time=53.2 min
[Iteration 24350] total_loss=0.0575, data_loss=0.0550, ref_loss=0.0496, physics_loss=6.2993E-02, it_time=0.00283 s total_time=53.3 min
[Iteration 24400] total_loss=0.0580, data_loss=0.0554, ref_loss=0.0487, physics_loss=6.5037E-02, it_time=0.00325 s total_time=53.4 min
[Iteration 24450] total_loss=0.0578, data_loss=0.0552, ref_loss=0.0483, physics_loss=6.4424E-02, it_time=0.00288 s total_time=53.6 min
[Iteration 24500] total_loss=0.0575, data_loss=0.0549, ref_loss=0.0482, physics_loss=6.4562E-02, it_time=0.00278 s total_time=53.7 min
Total avg
Relative error [Fluid] 100.0
Relative error [Bound] 100.0
Relative error [Core] 100.0
Absolute error [Fluid] 3.5355
Absolute error [Bound] 3.5426
Absolute error [Core] 3.5321
Absolute error [Non-F] 0.0000
R.M.S.   error [Fluid] 3.5379
R.M.S.   error [Bound] 3.5467
R.M.S.   error [Core] 3.5343
R.M.S.   error [Non-F] 0.0000
[Iteration 24550] total_loss=0.0582, data_loss=0.0556, ref_loss=0.0490, physics_loss=6.4003E-02, it_time=0.00318 s total_time=53.8 min
[Iteration 24600] total_loss=0.0586, data_loss=0.0560, ref_loss=0.0479, physics_loss=6.4419E-02, it_time=0.00296 s total_time=53.9 min
[Iteration 24650] total_loss=0.0588, data_loss=0.0562, ref_loss=0.0503, physics_loss=6.4046E-02, it_time=0.00278 s total_time=54.0 min
[Iteration 24700] total_loss=0.0592, data_loss=0.0565, ref_loss=0.0491, physics_loss=6.5312E-02, it_time=0.00272 s total_time=54.1 min
[Iteration 24750] total_loss=0.0582, data_loss=0.0556, ref_loss=0.0499, physics_loss=6.5790E-02, it_time=0.00274 s total_time=54.2 min
[Iteration 24800] total_loss=0.0585, data_loss=0.0559, ref_loss=0.0501, physics_loss=6.3513E-02, it_time=0.00266 s total_time=54.3 min
[Iteration 24850] total_loss=0.0574, data_loss=0.0549, ref_loss=0.0500, physics_loss=6.4370E-02, it_time=0.00284 s total_time=54.4 min
[Iteration 24900] total_loss=0.0588, data_loss=0.0562, ref_loss=0.0485, physics_loss=6.4864E-02, it_time=0.00276 s total_time=54.6 min
[Iteration 24950] total_loss=0.0575, data_loss=0.0548, ref_loss=0.0492, physics_loss=6.6533E-02, it_time=0.00301 s total_time=54.7 min
[Iteration 25000] total_loss=0.0580, data_loss=0.0554, ref_loss=0.0488, physics_loss=6.4086E-02, it_time=0.00272 s total_time=54.8 min
Total avg
Relative error [Fluid] 100.0
Relative error [Bound] 100.0
Relative error [Core] 100.0
Absolute error [Fluid] 3.5542
Absolute error [Bound] 3.5617
Absolute error [Core] 3.5506
Absolute error [Non-F] 0.0000
R.M.S.   error [Fluid] 3.5566
R.M.S.   error [Bound] 3.5657
R.M.S.   error [Core] 3.5529
R.M.S.   error [Non-F] 0.0000
Checkpoint saved to ../models/260522_Aomodel_Healthy_4dsim_V250_n6_VanillaPINN_NOFF_2_nobound/260522_Aomodel_Healthy_4dsim_V250_n6_VanillaPINN_NOFF_2_nobound_FFN_1t_20260523-0153/checkpoints/260522_Aomodel_Healthy_4dsim_V250_n6_VanillaPINN_NOFF_2_nobound_FFN_1t_it25000.pth
[Iteration 25050] total_loss=0.0574, data_loss=0.0548, ref_loss=0.0489, physics_loss=6.4924E-02, it_time=0.00275 s total_time=54.9 min
[Iteration 25100] total_loss=0.0581, data_loss=0.0556, ref_loss=0.0492, physics_loss=6.3978E-02, it_time=0.00278 s total_time=55.0 min
[Iteration 25150] total_loss=0.0575, data_loss=0.0549, ref_loss=0.0488, physics_loss=6.4173E-02, it_time=0.00265 s total_time=55.1 min
[Iteration 25200] total_loss=0.0590, data_loss=0.0563, ref_loss=0.0489, physics_loss=6.6161E-02, it_time=0.00267 s total_time=55.2 min
[Iteration 25250] total_loss=0.0578, data_loss=0.0552, ref_loss=0.0489, physics_loss=6.3963E-02, it_time=0.00291 s total_time=55.3 min
[Iteration 25300] total_loss=0.0580, data_loss=0.0553, ref_loss=0.0487, physics_loss=6.5755E-02, it_time=0.00317 s total_time=55.4 min
[Iteration 25350] total_loss=0.0576, data_loss=0.0550, ref_loss=0.0492, physics_loss=6.6720E-02, it_time=0.00287 s total_time=55.6 min
[Iteration 25400] total_loss=0.0580, data_loss=0.0555, ref_loss=0.0493, physics_loss=6.2434E-02, it_time=0.00407 s total_time=55.7 min
[Iteration 25450] total_loss=0.0577, data_loss=0.0551, ref_loss=0.0485, physics_loss=6.5253E-02, it_time=0.00293 s total_time=55.8 min
[Iteration 25500] total_loss=0.0587, data_loss=0.0561, ref_loss=0.0494, physics_loss=6.3947E-02, it_time=0.00295 s total_time=55.9 min
Total avg
Relative error [Fluid] 100.0
Relative error [Bound] 100.0
Relative error [Core] 100.0
Absolute error [Fluid] 3.5521
Absolute error [Bound] 3.5601
Absolute error [Core] 3.5483
Absolute error [Non-F] 0.0000
R.M.S.   error [Fluid] 3.5545
R.M.S.   error [Bound] 3.5642
R.M.S.   error [Core] 3.5506
R.M.S.   error [Non-F] 0.0000
[Iteration 25550] total_loss=0.0586, data_loss=0.0560, ref_loss=0.0493, physics_loss=6.5069E-02, it_time=0.00264 s total_time=56.0 min
[Iteration 25600] total_loss=0.0574, data_loss=0.0549, ref_loss=0.0496, physics_loss=6.3239E-02, it_time=0.00278 s total_time=56.1 min
[Iteration 25650] total_loss=0.0573, data_loss=0.0547, ref_loss=0.0490, physics_loss=6.3647E-02, it_time=0.00346 s total_time=56.2 min
[Iteration 25700] total_loss=0.0581, data_loss=0.0556, ref_loss=0.0492, physics_loss=6.2628E-02, it_time=0.00312 s total_time=56.3 min
[Iteration 25750] total_loss=0.0590, data_loss=0.0564, ref_loss=0.0475, physics_loss=6.4853E-02, it_time=0.00277 s total_time=56.4 min
[Iteration 25800] total_loss=0.0586, data_loss=0.0561, ref_loss=0.0497, physics_loss=6.3959E-02, it_time=0.00306 s total_time=56.6 min
[Iteration 25850] total_loss=0.0585, data_loss=0.0559, ref_loss=0.0496, physics_loss=6.5455E-02, it_time=0.00278 s total_time=56.7 min
[Iteration 25900] total_loss=0.0579, data_loss=0.0553, ref_loss=0.0485, physics_loss=6.5029E-02, it_time=0.00294 s total_time=56.8 min
[Iteration 25950] total_loss=0.0589, data_loss=0.0564, ref_loss=0.0488, physics_loss=6.4023E-02, it_time=0.003 s total_time=56.9 min
[Iteration 26000] total_loss=0.0583, data_loss=0.0557, ref_loss=0.0489, physics_loss=6.4210E-02, it_time=0.00289 s total_time=57.0 min
Total avg
Relative error [Fluid] 100.0
Relative error [Bound] 100.0
Relative error [Core] 100.0
Absolute error [Fluid] 3.5460
Absolute error [Bound] 3.5533
Absolute error [Core] 3.5425
Absolute error [Non-F] 0.0000
R.M.S.   error [Fluid] 3.5484
R.M.S.   error [Bound] 3.5574
R.M.S.   error [Core] 3.5447
R.M.S.   error [Non-F] 0.0000
[Iteration 26050] total_loss=0.0577, data_loss=0.0552, ref_loss=0.0497, physics_loss=6.3648E-02, it_time=0.00304 s total_time=57.2 min
[Iteration 26100] total_loss=0.0583, data_loss=0.0558, ref_loss=0.0487, physics_loss=6.4011E-02, it_time=0.00281 s total_time=57.3 min
[Iteration 26150] total_loss=0.0580, data_loss=0.0554, ref_loss=0.0495, physics_loss=6.4827E-02, it_time=0.00302 s total_time=57.4 min
[Iteration 26200] total_loss=0.0581, data_loss=0.0555, ref_loss=0.0488, physics_loss=6.5283E-02, it_time=0.00295 s total_time=57.5 min
[Iteration 26250] total_loss=0.0582, data_loss=0.0557, ref_loss=0.0485, physics_loss=6.2087E-02, it_time=0.00284 s total_time=57.6 min
[Iteration 26300] total_loss=0.0581, data_loss=0.0555, ref_loss=0.0489, physics_loss=6.4247E-02, it_time=0.00384 s total_time=57.7 min
[Iteration 26350] total_loss=0.0578, data_loss=0.0553, ref_loss=0.0491, physics_loss=6.2944E-02, it_time=0.00313 s total_time=57.8 min
[Iteration 26400] total_loss=0.0568, data_loss=0.0542, ref_loss=0.0477, physics_loss=6.3759E-02, it_time=0.00305 s total_time=57.9 min
[Iteration 26450] total_loss=0.0578, data_loss=0.0552, ref_loss=0.0491, physics_loss=6.4991E-02, it_time=0.003 s total_time=58.0 min
[Iteration 26500] total_loss=0.0589, data_loss=0.0563, ref_loss=0.0485, physics_loss=6.4150E-02, it_time=0.00294 s total_time=58.1 min
Total avg
Relative error [Fluid] 100.0
Relative error [Bound] 100.0
Relative error [Core] 100.0
Absolute error [Fluid] 3.5416
Absolute error [Bound] 3.5493
Absolute error [Core] 3.5380
Absolute error [Non-F] 0.0000
R.M.S.   error [Fluid] 3.5440
R.M.S.   error [Bound] 3.5534
R.M.S.   error [Core] 3.5402
R.M.S.   error [Non-F] 0.0000
[Iteration 26550] total_loss=0.0585, data_loss=0.0559, ref_loss=0.0490, physics_loss=6.5487E-02, it_time=0.00301 s total_time=58.3 min
[Iteration 26600] total_loss=0.0581, data_loss=0.0555, ref_loss=0.0484, physics_loss=6.4897E-02, it_time=0.00316 s total_time=58.4 min
[Iteration 26650] total_loss=0.0580, data_loss=0.0554, ref_loss=0.0485, physics_loss=6.5191E-02, it_time=0.00277 s total_time=58.5 min
[Iteration 26700] total_loss=0.0576, data_loss=0.0549, ref_loss=0.0486, physics_loss=6.6272E-02, it_time=0.00287 s total_time=58.6 min
[Iteration 26750] total_loss=0.0572, data_loss=0.0547, ref_loss=0.0484, physics_loss=6.0998E-02, it_time=0.00295 s total_time=58.7 min
[Iteration 26800] total_loss=0.0582, data_loss=0.0556, ref_loss=0.0481, physics_loss=6.4687E-02, it_time=0.0029 s total_time=58.8 min
[Iteration 26850] total_loss=0.0579, data_loss=0.0553, ref_loss=0.0482, physics_loss=6.3855E-02, it_time=0.00292 s total_time=58.9 min
[Iteration 26900] total_loss=0.0583, data_loss=0.0557, ref_loss=0.0488, physics_loss=6.5079E-02, it_time=0.00297 s total_time=59.0 min
[Iteration 26950] total_loss=0.0572, data_loss=0.0547, ref_loss=0.0496, physics_loss=6.4130E-02, it_time=0.00289 s total_time=59.1 min
[Iteration 27000] total_loss=0.0582, data_loss=0.0555, ref_loss=0.0493, physics_loss=6.5701E-02, it_time=0.00299 s total_time=59.2 min
Total avg
Relative error [Fluid] 100.0
Relative error [Bound] 100.0
Relative error [Core] 100.0
Absolute error [Fluid] 3.5337
Absolute error [Bound] 3.5412
Absolute error [Core] 3.5301
Absolute error [Non-F] 0.0000
R.M.S.   error [Fluid] 3.5361
R.M.S.   error [Bound] 3.5453
R.M.S.   error [Core] 3.5323
R.M.S.   error [Non-F] 0.0000
[Iteration 27050] total_loss=0.0575, data_loss=0.0550, ref_loss=0.0482, physics_loss=6.3439E-02, it_time=0.0029 s total_time=59.4 min
[Iteration 27100] total_loss=0.0580, data_loss=0.0554, ref_loss=0.0486, physics_loss=6.5276E-02, it_time=0.00293 s total_time=59.5 min
[Iteration 27150] total_loss=0.0582, data_loss=0.0556, ref_loss=0.0483, physics_loss=6.4922E-02, it_time=0.00275 s total_time=59.6 min
[Iteration 27200] total_loss=0.0582, data_loss=0.0557, ref_loss=0.0476, physics_loss=6.3400E-02, it_time=0.00339 s total_time=59.7 min
[Iteration 27250] total_loss=0.0586, data_loss=0.0560, ref_loss=0.0488, physics_loss=6.4388E-02, it_time=0.00293 s total_time=59.8 min
[Iteration 27300] total_loss=0.0575, data_loss=0.0549, ref_loss=0.0482, physics_loss=6.3936E-02, it_time=0.00292 s total_time=59.9 min
[Iteration 27350] total_loss=0.0573, data_loss=0.0547, ref_loss=0.0490, physics_loss=6.6047E-02, it_time=0.00285 s total_time=60.0 min
[Iteration 27400] total_loss=0.0585, data_loss=0.0560, ref_loss=0.0483, physics_loss=6.2110E-02, it_time=0.00283 s total_time=60.1 min
[Iteration 27450] total_loss=0.0581, data_loss=0.0555, ref_loss=0.0489, physics_loss=6.5211E-02, it_time=0.00287 s total_time=60.2 min
[Iteration 27500] total_loss=0.0582, data_loss=0.0556, ref_loss=0.0487, physics_loss=6.5142E-02, it_time=0.00313 s total_time=60.3 min
Total avg
Relative error [Fluid] 100.0
Relative error [Bound] 100.0
Relative error [Core] 100.0
Absolute error [Fluid] 3.5356
Absolute error [Bound] 3.5435
Absolute error [Core] 3.5319
Absolute error [Non-F] 0.0000
R.M.S.   error [Fluid] 3.5380
R.M.S.   error [Bound] 3.5475
R.M.S.   error [Core] 3.5342
R.M.S.   error [Non-F] 0.0000
[Iteration 27550] total_loss=0.0577, data_loss=0.0552, ref_loss=0.0481, physics_loss=6.3622E-02, it_time=0.00285 s total_time=60.4 min
[Iteration 27600] total_loss=0.0575, data_loss=0.0548, ref_loss=0.0484, physics_loss=6.5276E-02, it_time=0.00304 s total_time=60.5 min
[Iteration 27650] total_loss=0.0581, data_loss=0.0555, ref_loss=0.0477, physics_loss=6.4220E-02, it_time=0.00297 s total_time=60.6 min
[Iteration 27700] total_loss=0.0579, data_loss=0.0554, ref_loss=0.0491, physics_loss=6.2193E-02, it_time=0.00286 s total_time=60.8 min
[Iteration 27750] total_loss=0.0576, data_loss=0.0550, ref_loss=0.0485, physics_loss=6.4670E-02, it_time=0.00281 s total_time=60.9 min
[Iteration 27800] total_loss=0.0578, data_loss=0.0553, ref_loss=0.0479, physics_loss=6.1990E-02, it_time=0.00278 s total_time=61.0 min
[Iteration 27850] total_loss=0.0577, data_loss=0.0552, ref_loss=0.0488, physics_loss=6.2207E-02, it_time=0.00281 s total_time=61.1 min
[Iteration 27900] total_loss=0.0579, data_loss=0.0553, ref_loss=0.0487, physics_loss=6.4867E-02, it_time=0.00308 s total_time=61.2 min
[Iteration 27950] total_loss=0.0579, data_loss=0.0554, ref_loss=0.0487, physics_loss=6.2967E-02, it_time=0.00314 s total_time=61.3 min
[Iteration 28000] total_loss=0.0570, data_loss=0.0545, ref_loss=0.0486, physics_loss=6.3017E-02, it_time=0.00295 s total_time=61.4 min
Total avg
Relative error [Fluid] 100.0
Relative error [Bound] 100.0
Relative error [Core] 100.0
Absolute error [Fluid] 3.5416
Absolute error [Bound] 3.5492
Absolute error [Core] 3.5380
Absolute error [Non-F] 0.0000
R.M.S.   error [Fluid] 3.5440
R.M.S.   error [Bound] 3.5532
R.M.S.   error [Core] 3.5402
R.M.S.   error [Non-F] 0.0000
[Iteration 28050] total_loss=0.0568, data_loss=0.0542, ref_loss=0.0488, physics_loss=6.6177E-02, it_time=0.00296 s total_time=61.6 min
[Iteration 28100] total_loss=0.0583, data_loss=0.0557, ref_loss=0.0484, physics_loss=6.3842E-02, it_time=0.00326 s total_time=61.7 min
[Iteration 28150] total_loss=0.0577, data_loss=0.0551, ref_loss=0.0494, physics_loss=6.3796E-02, it_time=0.00299 s total_time=61.8 min
[Iteration 28200] total_loss=0.0567, data_loss=0.0543, ref_loss=0.0491, physics_loss=6.2282E-02, it_time=0.00322 s total_time=61.9 min
[Iteration 28250] total_loss=0.0570, data_loss=0.0544, ref_loss=0.0488, physics_loss=6.5041E-02, it_time=0.00301 s total_time=62.0 min
[Iteration 28300] total_loss=0.0567, data_loss=0.0541, ref_loss=0.0496, physics_loss=6.4471E-02, it_time=0.0036 s total_time=62.1 min
[Iteration 28350] total_loss=0.0575, data_loss=0.0549, ref_loss=0.0491, physics_loss=6.4845E-02, it_time=0.00276 s total_time=62.2 min
[Iteration 28400] total_loss=0.0584, data_loss=0.0558, ref_loss=0.0487, physics_loss=6.4438E-02, it_time=0.00266 s total_time=62.3 min
[Iteration 28450] total_loss=0.0574, data_loss=0.0549, ref_loss=0.0487, physics_loss=6.2847E-02, it_time=0.00287 s total_time=62.4 min
[Iteration 28500] total_loss=0.0580, data_loss=0.0554, ref_loss=0.0485, physics_loss=6.2912E-02, it_time=0.00272 s total_time=62.5 min
Total avg
Relative error [Fluid] 100.0
Relative error [Bound] 100.0
Relative error [Core] 100.0
Absolute error [Fluid] 3.5411
Absolute error [Bound] 3.5489
Absolute error [Core] 3.5373
Absolute error [Non-F] 0.0000
R.M.S.   error [Fluid] 3.5434
R.M.S.   error [Bound] 3.5529
R.M.S.   error [Core] 3.5396
R.M.S.   error [Non-F] 0.0000
[Iteration 28550] total_loss=0.0578, data_loss=0.0552, ref_loss=0.0491, physics_loss=6.4269E-02, it_time=0.00298 s total_time=62.6 min
[Iteration 28600] total_loss=0.0585, data_loss=0.0558, ref_loss=0.0481, physics_loss=6.5426E-02, it_time=0.00302 s total_time=62.7 min
[Iteration 28650] total_loss=0.0573, data_loss=0.0548, ref_loss=0.0490, physics_loss=6.3973E-02, it_time=0.00273 s total_time=62.8 min
[Iteration 28700] total_loss=0.0579, data_loss=0.0553, ref_loss=0.0496, physics_loss=6.3887E-02, it_time=0.00288 s total_time=62.9 min
[Iteration 28750] total_loss=0.0574, data_loss=0.0549, ref_loss=0.0485, physics_loss=6.3829E-02, it_time=0.00325 s total_time=63.0 min
[Iteration 28800] total_loss=0.0580, data_loss=0.0555, ref_loss=0.0487, physics_loss=6.4274E-02, it_time=0.00296 s total_time=63.2 min
[Iteration 28850] total_loss=0.0575, data_loss=0.0549, ref_loss=0.0479, physics_loss=6.4119E-02, it_time=0.003 s total_time=63.3 min
[Iteration 28900] total_loss=0.0579, data_loss=0.0553, ref_loss=0.0495, physics_loss=6.3928E-02, it_time=0.00284 s total_time=63.4 min
[Iteration 28950] total_loss=0.0583, data_loss=0.0558, ref_loss=0.0487, physics_loss=6.2232E-02, it_time=0.00288 s total_time=63.5 min
[Iteration 29000] total_loss=0.0579, data_loss=0.0553, ref_loss=0.0492, physics_loss=6.4113E-02, it_time=0.0029 s total_time=63.6 min
Total avg
Relative error [Fluid] 100.0
Relative error [Bound] 100.0
Relative error [Core] 100.0
Absolute error [Fluid] 3.5487
Absolute error [Bound] 3.5558
Absolute error [Core] 3.5452
Absolute error [Non-F] 0.0000
R.M.S.   error [Fluid] 3.5511
R.M.S.   error [Bound] 3.5599
R.M.S.   error [Core] 3.5475
R.M.S.   error [Non-F] 0.0000
[Iteration 29050] total_loss=0.0583, data_loss=0.0557, ref_loss=0.0477, physics_loss=6.4363E-02, it_time=0.0029 s total_time=63.7 min
[Iteration 29100] total_loss=0.0578, data_loss=0.0552, ref_loss=0.0475, physics_loss=6.3469E-02, it_time=0.00299 s total_time=63.8 min
[Iteration 29150] total_loss=0.0578, data_loss=0.0553, ref_loss=0.0479, physics_loss=6.3703E-02, it_time=0.00564 s total_time=63.9 min
[Iteration 29200] total_loss=0.0578, data_loss=0.0553, ref_loss=0.0490, physics_loss=6.1902E-02, it_time=0.00288 s total_time=64.1 min
[Iteration 29250] total_loss=0.0576, data_loss=0.0550, ref_loss=0.0487, physics_loss=6.3354E-02, it_time=0.00279 s total_time=64.2 min
[Iteration 29300] total_loss=0.0578, data_loss=0.0553, ref_loss=0.0488, physics_loss=6.3487E-02, it_time=0.00289 s total_time=64.3 min
[Iteration 29350] total_loss=0.0591, data_loss=0.0566, ref_loss=0.0490, physics_loss=6.2977E-02, it_time=0.00286 s total_time=64.4 min
[Iteration 29400] total_loss=0.0581, data_loss=0.0555, ref_loss=0.0482, physics_loss=6.5124E-02, it_time=0.00278 s total_time=64.5 min
[Iteration 29450] total_loss=0.0569, data_loss=0.0543, ref_loss=0.0485, physics_loss=6.4158E-02, it_time=0.00288 s total_time=64.6 min
[Iteration 29500] total_loss=0.0576, data_loss=0.0550, ref_loss=0.0495, physics_loss=6.6514E-02, it_time=0.00291 s total_time=64.7 min
Total avg
Relative error [Fluid] 100.0
Relative error [Bound] 100.0
Relative error [Core] 100.0
Absolute error [Fluid] 3.5417
Absolute error [Bound] 3.5494
Absolute error [Core] 3.5381
Absolute error [Non-F] 0.0000
R.M.S.   error [Fluid] 3.5441
R.M.S.   error [Bound] 3.5535
R.M.S.   error [Core] 3.5403
R.M.S.   error [Non-F] 0.0000
[Iteration 29550] total_loss=0.0571, data_loss=0.0545, ref_loss=0.0485, physics_loss=6.4230E-02, it_time=0.00285 s total_time=64.8 min
[Iteration 29600] total_loss=0.0582, data_loss=0.0557, ref_loss=0.0485, physics_loss=6.3390E-02, it_time=0.003 s total_time=64.9 min
[Iteration 29650] total_loss=0.0577, data_loss=0.0552, ref_loss=0.0483, physics_loss=6.2882E-02, it_time=0.00294 s total_time=65.0 min
[Iteration 29700] total_loss=0.0582, data_loss=0.0556, ref_loss=0.0488, physics_loss=6.5376E-02, it_time=0.00278 s total_time=65.1 min
[Iteration 29750] total_loss=0.0577, data_loss=0.0551, ref_loss=0.0479, physics_loss=6.4726E-02, it_time=0.00296 s total_time=65.2 min
[Iteration 29800] total_loss=0.0574, data_loss=0.0548, ref_loss=0.0483, physics_loss=6.3125E-02, it_time=0.00281 s total_time=65.4 min
[Iteration 29850] total_loss=0.0572, data_loss=0.0548, ref_loss=0.0492, physics_loss=6.1802E-02, it_time=0.00272 s total_time=65.5 min
[Iteration 29900] total_loss=0.0572, data_loss=0.0546, ref_loss=0.0487, physics_loss=6.5571E-02, it_time=0.00275 s total_time=65.6 min
[Iteration 29950] total_loss=0.0568, data_loss=0.0542, ref_loss=0.0478, physics_loss=6.4526E-02, it_time=0.00284 s total_time=65.7 min
[Iteration 30000] total_loss=0.0571, data_loss=0.0545, ref_loss=0.0489, physics_loss=6.6394E-02, it_time=0.00336 s total_time=65.8 min
Total avg
Relative error [Fluid] 100.0
Relative error [Bound] 100.0
Relative error [Core] 100.0
Absolute error [Fluid] 3.5347
Absolute error [Bound] 3.5420
Absolute error [Core] 3.5312
Absolute error [Non-F] 0.0000
R.M.S.   error [Fluid] 3.5371
R.M.S.   error [Bound] 3.5461
R.M.S.   error [Core] 3.5334
R.M.S.   error [Non-F] 0.0000
Checkpoint saved to ../models/260522_Aomodel_Healthy_4dsim_V250_n6_VanillaPINN_NOFF_2_nobound/260522_Aomodel_Healthy_4dsim_V250_n6_VanillaPINN_NOFF_2_nobound_FFN_1t_20260523-0153/checkpoints/260522_Aomodel_Healthy_4dsim_V250_n6_VanillaPINN_NOFF_2_nobound_FFN_1t_it30000.pth
[Iteration 30050] total_loss=0.0578, data_loss=0.0552, ref_loss=0.0484, physics_loss=6.3263E-02, it_time=0.00337 s total_time=65.9 min
[Iteration 30100] total_loss=0.0570, data_loss=0.0544, ref_loss=0.0489, physics_loss=6.2802E-02, it_time=0.00272 s total_time=66.0 min
[Iteration 30150] total_loss=0.0581, data_loss=0.0556, ref_loss=0.0488, physics_loss=6.2933E-02, it_time=0.003 s total_time=66.1 min
[Iteration 30200] total_loss=0.0575, data_loss=0.0549, ref_loss=0.0492, physics_loss=6.4474E-02, it_time=0.00277 s total_time=66.2 min
[Iteration 30250] total_loss=0.0574, data_loss=0.0549, ref_loss=0.0481, physics_loss=6.1995E-02, it_time=0.0028 s total_time=66.4 min
[Iteration 30300] total_loss=0.0578, data_loss=0.0552, ref_loss=0.0482, physics_loss=6.4729E-02, it_time=0.00276 s total_time=66.5 min
[Iteration 30350] total_loss=0.0575, data_loss=0.0549, ref_loss=0.0485, physics_loss=6.3636E-02, it_time=0.00285 s total_time=66.6 min
[Iteration 30400] total_loss=0.0567, data_loss=0.0542, ref_loss=0.0490, physics_loss=6.2528E-02, it_time=0.00309 s total_time=66.7 min
[Iteration 30450] total_loss=0.0580, data_loss=0.0555, ref_loss=0.0477, physics_loss=6.1701E-02, it_time=0.00267 s total_time=66.8 min
[Iteration 30500] total_loss=0.0583, data_loss=0.0557, ref_loss=0.0480, physics_loss=6.3694E-02, it_time=0.00277 s total_time=66.9 min
Total avg
Relative error [Fluid] 100.0
Relative error [Bound] 100.0
Relative error [Core] 100.0
Absolute error [Fluid] 3.5486
Absolute error [Bound] 3.5558
Absolute error [Core] 3.5450
Absolute error [Non-F] 0.0000
R.M.S.   error [Fluid] 3.5509
R.M.S.   error [Bound] 3.5599
R.M.S.   error [Core] 3.5473
R.M.S.   error [Non-F] 0.0000
[Iteration 30550] total_loss=0.0584, data_loss=0.0559, ref_loss=0.0486, physics_loss=6.3479E-02, it_time=0.00287 s total_time=67.0 min
[Iteration 30600] total_loss=0.0570, data_loss=0.0545, ref_loss=0.0475, physics_loss=6.3210E-02, it_time=0.00297 s total_time=67.1 min
[Iteration 30650] total_loss=0.0574, data_loss=0.0548, ref_loss=0.0486, physics_loss=6.4030E-02, it_time=0.00283 s total_time=67.2 min
[Iteration 30700] total_loss=0.0575, data_loss=0.0549, ref_loss=0.0491, physics_loss=6.4024E-02, it_time=0.0029 s total_time=67.3 min
[Iteration 30750] total_loss=0.0576, data_loss=0.0551, ref_loss=0.0486, physics_loss=6.2445E-02, it_time=0.00285 s total_time=67.4 min
[Iteration 30800] total_loss=0.0572, data_loss=0.0547, ref_loss=0.0481, physics_loss=6.2777E-02, it_time=0.00294 s total_time=67.6 min
[Iteration 30850] total_loss=0.0578, data_loss=0.0552, ref_loss=0.0484, physics_loss=6.2661E-02, it_time=0.00383 s total_time=67.7 min
[Iteration 30900] total_loss=0.0577, data_loss=0.0552, ref_loss=0.0479, physics_loss=6.3521E-02, it_time=0.0031 s total_time=67.8 min
[Iteration 30950] total_loss=0.0574, data_loss=0.0548, ref_loss=0.0488, physics_loss=6.4448E-02, it_time=0.00272 s total_time=67.9 min
[Iteration 31000] total_loss=0.0576, data_loss=0.0551, ref_loss=0.0486, physics_loss=6.2918E-02, it_time=0.00277 s total_time=68.0 min
Total avg
Relative error [Fluid] 100.0
Relative error [Bound] 100.0
Relative error [Core] 100.0
Absolute error [Fluid] 3.5442
Absolute error [Bound] 3.5522
Absolute error [Core] 3.5404
Absolute error [Non-F] 0.0000
R.M.S.   error [Fluid] 3.5465
R.M.S.   error [Bound] 3.5562
R.M.S.   error [Core] 3.5426
R.M.S.   error [Non-F] 0.0000
[Iteration 31050] total_loss=0.0578, data_loss=0.0553, ref_loss=0.0491, physics_loss=6.3477E-02, it_time=0.00293 s total_time=68.1 min
[Iteration 31100] total_loss=0.0574, data_loss=0.0549, ref_loss=0.0487, physics_loss=6.2779E-02, it_time=0.00277 s total_time=68.2 min
[Iteration 31150] total_loss=0.0579, data_loss=0.0554, ref_loss=0.0488, physics_loss=6.2512E-02, it_time=0.00284 s total_time=68.3 min
[Iteration 31200] total_loss=0.0578, data_loss=0.0554, ref_loss=0.0486, physics_loss=6.1993E-02, it_time=0.00273 s total_time=68.4 min
[Iteration 31250] total_loss=0.0573, data_loss=0.0548, ref_loss=0.0488, physics_loss=6.2918E-02, it_time=0.00277 s total_time=68.5 min
[Iteration 31300] total_loss=0.0576, data_loss=0.0550, ref_loss=0.0475, physics_loss=6.4008E-02, it_time=0.00284 s total_time=68.6 min
[Iteration 31350] total_loss=0.0568, data_loss=0.0543, ref_loss=0.0492, physics_loss=6.3406E-02, it_time=0.00278 s total_time=68.7 min
[Iteration 31400] total_loss=0.0577, data_loss=0.0552, ref_loss=0.0482, physics_loss=6.4030E-02, it_time=0.00295 s total_time=68.8 min
[Iteration 31450] total_loss=0.0570, data_loss=0.0544, ref_loss=0.0490, physics_loss=6.5723E-02, it_time=0.00295 s total_time=68.9 min
[Iteration 31500] total_loss=0.0580, data_loss=0.0556, ref_loss=0.0487, physics_loss=6.1450E-02, it_time=0.00286 s total_time=69.1 min
Total avg
Relative error [Fluid] 100.0
Relative error [Bound] 100.0
Relative error [Core] 100.0
Absolute error [Fluid] 3.5395
Absolute error [Bound] 3.5471
Absolute error [Core] 3.5359
Absolute error [Non-F] 0.0000
R.M.S.   error [Fluid] 3.5419
R.M.S.   error [Bound] 3.5511
R.M.S.   error [Core] 3.5382
R.M.S.   error [Non-F] 0.0000
[Iteration 31550] total_loss=0.0572, data_loss=0.0546, ref_loss=0.0485, physics_loss=6.4286E-02, it_time=0.00295 s total_time=69.2 min
[Iteration 31600] total_loss=0.0578, data_loss=0.0552, ref_loss=0.0480, physics_loss=6.4916E-02, it_time=0.00299 s total_time=69.3 min
[Iteration 31650] total_loss=0.0566, data_loss=0.0541, ref_loss=0.0479, physics_loss=6.3144E-02, it_time=0.00294 s total_time=69.4 min
[Iteration 31700] total_loss=0.0573, data_loss=0.0548, ref_loss=0.0485, physics_loss=6.3009E-02, it_time=0.00315 s total_time=69.5 min
[Iteration 31750] total_loss=0.0569, data_loss=0.0544, ref_loss=0.0485, physics_loss=6.3002E-02, it_time=0.00285 s total_time=69.6 min
[Iteration 31800] total_loss=0.0571, data_loss=0.0546, ref_loss=0.0478, physics_loss=6.2771E-02, it_time=0.00292 s total_time=69.7 min
[Iteration 31850] total_loss=0.0568, data_loss=0.0542, ref_loss=0.0487, physics_loss=6.5777E-02, it_time=0.00297 s total_time=69.8 min
[Iteration 31900] total_loss=0.0558, data_loss=0.0532, ref_loss=0.0481, physics_loss=6.4225E-02, it_time=0.00306 s total_time=69.9 min
[Iteration 31950] total_loss=0.0570, data_loss=0.0543, ref_loss=0.0473, physics_loss=6.5525E-02, it_time=0.00287 s total_time=70.0 min
[Iteration 32000] total_loss=0.0574, data_loss=0.0550, ref_loss=0.0483, physics_loss=6.1980E-02, it_time=0.0027 s total_time=70.1 min
Total avg
Relative error [Fluid] 100.0
Relative error [Bound] 100.0
Relative error [Core] 100.0
Absolute error [Fluid] 3.5484
Absolute error [Bound] 3.5554
Absolute error [Core] 3.5450
Absolute error [Non-F] 0.0000
R.M.S.   error [Fluid] 3.5507
R.M.S.   error [Bound] 3.5595
R.M.S.   error [Core] 3.5472
R.M.S.   error [Non-F] 0.0000
[Iteration 32050] total_loss=0.0574, data_loss=0.0549, ref_loss=0.0469, physics_loss=6.3472E-02, it_time=0.00269 s total_time=70.3 min
[Iteration 32100] total_loss=0.0580, data_loss=0.0555, ref_loss=0.0488, physics_loss=6.2074E-02, it_time=0.0029 s total_time=70.4 min
[Iteration 32150] total_loss=0.0576, data_loss=0.0550, ref_loss=0.0476, physics_loss=6.3445E-02, it_time=0.0028 s total_time=70.5 min
[Iteration 32200] total_loss=0.0578, data_loss=0.0553, ref_loss=0.0488, physics_loss=6.4191E-02, it_time=0.00293 s total_time=70.6 min
[Iteration 32250] total_loss=0.0569, data_loss=0.0544, ref_loss=0.0487, physics_loss=6.4291E-02, it_time=0.00278 s total_time=70.7 min
[Iteration 32300] total_loss=0.0573, data_loss=0.0548, ref_loss=0.0486, physics_loss=6.2972E-02, it_time=0.00295 s total_time=70.8 min
[Iteration 32350] total_loss=0.0572, data_loss=0.0546, ref_loss=0.0491, physics_loss=6.3702E-02, it_time=0.00274 s total_time=70.9 min
[Iteration 32400] total_loss=0.0589, data_loss=0.0563, ref_loss=0.0485, physics_loss=6.4667E-02, it_time=0.00296 s total_time=71.0 min
[Iteration 32450] total_loss=0.0576, data_loss=0.0551, ref_loss=0.0485, physics_loss=6.2583E-02, it_time=0.0027 s total_time=71.1 min
[Iteration 32500] total_loss=0.0570, data_loss=0.0545, ref_loss=0.0486, physics_loss=6.2596E-02, it_time=0.00298 s total_time=71.2 min
Total avg
Relative error [Fluid] 100.0
Relative error [Bound] 100.0
Relative error [Core] 100.0
Absolute error [Fluid] 3.5355
Absolute error [Bound] 3.5427
Absolute error [Core] 3.5320
Absolute error [Non-F] 0.0000
R.M.S.   error [Fluid] 3.5378
R.M.S.   error [Bound] 3.5467
R.M.S.   error [Core] 3.5342
R.M.S.   error [Non-F] 0.0000
[Iteration 32550] total_loss=0.0567, data_loss=0.0542, ref_loss=0.0485, physics_loss=6.2702E-02, it_time=0.00276 s total_time=71.4 min
[Iteration 32600] total_loss=0.0569, data_loss=0.0544, ref_loss=0.0489, physics_loss=6.2699E-02, it_time=0.00285 s total_time=71.5 min
[Iteration 32650] total_loss=0.0576, data_loss=0.0550, ref_loss=0.0485, physics_loss=6.4546E-02, it_time=0.00281 s total_time=71.6 min
[Iteration 32700] total_loss=0.0571, data_loss=0.0545, ref_loss=0.0475, physics_loss=6.3597E-02, it_time=0.00294 s total_time=71.7 min
[Iteration 32750] total_loss=0.0575, data_loss=0.0550, ref_loss=0.0484, physics_loss=6.2562E-02, it_time=0.00276 s total_time=71.8 min
[Iteration 32800] total_loss=0.0578, data_loss=0.0553, ref_loss=0.0486, physics_loss=6.3152E-02, it_time=0.00282 s total_time=71.9 min
[Iteration 32850] total_loss=0.0572, data_loss=0.0546, ref_loss=0.0480, physics_loss=6.3252E-02, it_time=0.00287 s total_time=72.0 min
[Iteration 32900] total_loss=0.0574, data_loss=0.0548, ref_loss=0.0479, physics_loss=6.4021E-02, it_time=0.00282 s total_time=72.1 min
[Iteration 32950] total_loss=0.0582, data_loss=0.0557, ref_loss=0.0479, physics_loss=6.1962E-02, it_time=0.00274 s total_time=72.2 min
[Iteration 33000] total_loss=0.0573, data_loss=0.0547, ref_loss=0.0481, physics_loss=6.3741E-02, it_time=0.00287 s total_time=72.3 min
Total avg
Relative error [Fluid] 100.0
Relative error [Bound] 100.0
Relative error [Core] 100.0
Absolute error [Fluid] 3.5406
Absolute error [Bound] 3.5479
Absolute error [Core] 3.5372
Absolute error [Non-F] 0.0000
R.M.S.   error [Fluid] 3.5430
R.M.S.   error [Bound] 3.5519
R.M.S.   error [Core] 3.5394
R.M.S.   error [Non-F] 0.0000
[Iteration 33050] total_loss=0.0575, data_loss=0.0550, ref_loss=0.0475, physics_loss=6.3545E-02, it_time=0.00275 s total_time=72.5 min
[Iteration 33100] total_loss=0.0567, data_loss=0.0542, ref_loss=0.0480, physics_loss=6.0947E-02, it_time=0.00335 s total_time=72.6 min
[Iteration 33150] total_loss=0.0577, data_loss=0.0551, ref_loss=0.0479, physics_loss=6.4291E-02, it_time=0.00284 s total_time=72.7 min
[Iteration 33200] total_loss=0.0573, data_loss=0.0548, ref_loss=0.0491, physics_loss=6.2775E-02, it_time=0.00317 s total_time=72.8 min
[Iteration 33250] total_loss=0.0578, data_loss=0.0553, ref_loss=0.0487, physics_loss=6.3520E-02, it_time=0.00296 s total_time=72.9 min
[Iteration 33300] total_loss=0.0577, data_loss=0.0551, ref_loss=0.0470, physics_loss=6.3824E-02, it_time=0.00288 s total_time=73.0 min
[Iteration 33350] total_loss=0.0574, data_loss=0.0549, ref_loss=0.0478, physics_loss=6.3051E-02, it_time=0.00324 s total_time=73.1 min
[Iteration 33400] total_loss=0.0577, data_loss=0.0552, ref_loss=0.0483, physics_loss=6.3287E-02, it_time=0.00276 s total_time=73.2 min
[Iteration 33450] total_loss=0.0572, data_loss=0.0547, ref_loss=0.0482, physics_loss=6.2452E-02, it_time=0.00313 s total_time=73.3 min
[Iteration 33500] total_loss=0.0574, data_loss=0.0549, ref_loss=0.0479, physics_loss=6.3360E-02, it_time=0.00306 s total_time=73.4 min
Total avg
Relative error [Fluid] 100.0
Relative error [Bound] 100.0
Relative error [Core] 100.0
Absolute error [Fluid] 3.5432
Absolute error [Bound] 3.5506
Absolute error [Core] 3.5396
Absolute error [Non-F] 0.0000
R.M.S.   error [Fluid] 3.5455
R.M.S.   error [Bound] 3.5546
R.M.S.   error [Core] 3.5419
R.M.S.   error [Non-F] 0.0000
[Iteration 33550] total_loss=0.0575, data_loss=0.0549, ref_loss=0.0477, physics_loss=6.3231E-02, it_time=0.00272 s total_time=73.6 min
[Iteration 33600] total_loss=0.0572, data_loss=0.0546, ref_loss=0.0490, physics_loss=6.4086E-02, it_time=0.00275 s total_time=73.7 min
[Iteration 33650] total_loss=0.0567, data_loss=0.0542, ref_loss=0.0489, physics_loss=6.2995E-02, it_time=0.00333 s total_time=73.8 min
[Iteration 33700] total_loss=0.0571, data_loss=0.0546, ref_loss=0.0487, physics_loss=6.2989E-02, it_time=0.00272 s total_time=73.9 min
[Iteration 33750] total_loss=0.0570, data_loss=0.0545, ref_loss=0.0478, physics_loss=6.1464E-02, it_time=0.0027 s total_time=74.0 min
[Iteration 33800] total_loss=0.0575, data_loss=0.0549, ref_loss=0.0481, physics_loss=6.3284E-02, it_time=0.00283 s total_time=74.1 min
[Iteration 33850] total_loss=0.0570, data_loss=0.0545, ref_loss=0.0483, physics_loss=6.3959E-02, it_time=0.00303 s total_time=74.2 min
[Iteration 33900] total_loss=0.0581, data_loss=0.0555, ref_loss=0.0481, physics_loss=6.3795E-02, it_time=0.0027 s total_time=74.3 min
[Iteration 33950] total_loss=0.0580, data_loss=0.0554, ref_loss=0.0474, physics_loss=6.4870E-02, it_time=0.00293 s total_time=74.4 min
[Iteration 34000] total_loss=0.0568, data_loss=0.0543, ref_loss=0.0479, physics_loss=6.3716E-02, it_time=0.00288 s total_time=74.5 min
Total avg
Relative error [Fluid] 100.0
Relative error [Bound] 100.0
Relative error [Core] 100.0
Absolute error [Fluid] 3.5410
Absolute error [Bound] 3.5483
Absolute error [Core] 3.5375
Absolute error [Non-F] 0.0000
R.M.S.   error [Fluid] 3.5433
R.M.S.   error [Bound] 3.5524
R.M.S.   error [Core] 3.5397
R.M.S.   error [Non-F] 0.0000
[Iteration 34050] total_loss=0.0576, data_loss=0.0551, ref_loss=0.0472, physics_loss=6.2449E-02, it_time=0.00271 s total_time=74.6 min
[Iteration 34100] total_loss=0.0574, data_loss=0.0549, ref_loss=0.0479, physics_loss=6.2240E-02, it_time=0.00308 s total_time=74.8 min
[Iteration 34150] total_loss=0.0578, data_loss=0.0552, ref_loss=0.0472, physics_loss=6.3497E-02, it_time=0.00282 s total_time=74.9 min
[Iteration 34200] total_loss=0.0586, data_loss=0.0561, ref_loss=0.0490, physics_loss=6.2740E-02, it_time=0.00276 s total_time=75.0 min
[Iteration 34250] total_loss=0.0575, data_loss=0.0550, ref_loss=0.0488, physics_loss=6.3375E-02, it_time=0.00272 s total_time=75.1 min
[Iteration 34300] total_loss=0.0571, data_loss=0.0546, ref_loss=0.0485, physics_loss=6.2823E-02, it_time=0.00269 s total_time=75.2 min
[Iteration 34350] total_loss=0.0579, data_loss=0.0553, ref_loss=0.0489, physics_loss=6.5171E-02, it_time=0.00274 s total_time=75.3 min
[Iteration 34400] total_loss=0.0565, data_loss=0.0539, ref_loss=0.0479, physics_loss=6.4984E-02, it_time=0.00282 s total_time=75.4 min
[Iteration 34450] total_loss=0.0578, data_loss=0.0553, ref_loss=0.0478, physics_loss=6.1960E-02, it_time=0.0031 s total_time=75.5 min
[Iteration 34500] total_loss=0.0579, data_loss=0.0554, ref_loss=0.0483, physics_loss=6.2575E-02, it_time=0.00267 s total_time=75.6 min
Total avg
Relative error [Fluid] 100.0
Relative error [Bound] 100.0
Relative error [Core] 100.0
Absolute error [Fluid] 3.5391
Absolute error [Bound] 3.5464
Absolute error [Core] 3.5356
Absolute error [Non-F] 0.0000
R.M.S.   error [Fluid] 3.5414
R.M.S.   error [Bound] 3.5504
R.M.S.   error [Core] 3.5378
R.M.S.   error [Non-F] 0.0000
[Iteration 34550] total_loss=0.0570, data_loss=0.0545, ref_loss=0.0475, physics_loss=6.4047E-02, it_time=0.00324 s total_time=75.7 min
[Iteration 34600] total_loss=0.0568, data_loss=0.0543, ref_loss=0.0482, physics_loss=6.3805E-02, it_time=0.00274 s total_time=75.8 min
[Iteration 34650] total_loss=0.0575, data_loss=0.0550, ref_loss=0.0475, physics_loss=6.2526E-02, it_time=0.00273 s total_time=75.9 min
[Iteration 34700] total_loss=0.0573, data_loss=0.0548, ref_loss=0.0477, physics_loss=6.2715E-02, it_time=0.00323 s total_time=76.1 min
[Iteration 34750] total_loss=0.0569, data_loss=0.0544, ref_loss=0.0481, physics_loss=6.3675E-02, it_time=0.00295 s total_time=76.2 min
[Iteration 34800] total_loss=0.0575, data_loss=0.0549, ref_loss=0.0471, physics_loss=6.4463E-02, it_time=0.00273 s total_time=76.3 min
[Iteration 34850] total_loss=0.0565, data_loss=0.0540, ref_loss=0.0474, physics_loss=6.3154E-02, it_time=0.00301 s total_time=76.4 min
[Iteration 34900] total_loss=0.0562, data_loss=0.0537, ref_loss=0.0484, physics_loss=6.2767E-02, it_time=0.00289 s total_time=76.5 min
[Iteration 34950] total_loss=0.0575, data_loss=0.0549, ref_loss=0.0477, physics_loss=6.4123E-02, it_time=0.00276 s total_time=76.6 min
[Iteration 35000] total_loss=0.0563, data_loss=0.0538, ref_loss=0.0483, physics_loss=6.1924E-02, it_time=0.00281 s total_time=76.7 min
Total avg
Relative error [Fluid] 100.0
Relative error [Bound] 100.0
Relative error [Core] 100.0
Absolute error [Fluid] 3.5400
Absolute error [Bound] 3.5476
Absolute error [Core] 3.5364
Absolute error [Non-F] 0.0000
R.M.S.   error [Fluid] 3.5424
R.M.S.   error [Bound] 3.5516
R.M.S.   error [Core] 3.5386
R.M.S.   error [Non-F] 0.0000
Checkpoint saved to ../models/260522_Aomodel_Healthy_4dsim_V250_n6_VanillaPINN_NOFF_2_nobound/260522_Aomodel_Healthy_4dsim_V250_n6_VanillaPINN_NOFF_2_nobound_FFN_1t_20260523-0153/checkpoints/260522_Aomodel_Healthy_4dsim_V250_n6_VanillaPINN_NOFF_2_nobound_FFN_1t_it35000.pth
[Iteration 35050] total_loss=0.0582, data_loss=0.0557, ref_loss=0.0467, physics_loss=6.2786E-02, it_time=0.00308 s total_time=76.8 min
[Iteration 35100] total_loss=0.0578, data_loss=0.0553, ref_loss=0.0479, physics_loss=6.2605E-02, it_time=0.00276 s total_time=77.0 min
[Iteration 35150] total_loss=0.0573, data_loss=0.0548, ref_loss=0.0472, physics_loss=6.2732E-02, it_time=0.00287 s total_time=77.1 min
[Iteration 35200] total_loss=0.0571, data_loss=0.0545, ref_loss=0.0473, physics_loss=6.3278E-02, it_time=0.00318 s total_time=77.2 min
[Iteration 35250] total_loss=0.0573, data_loss=0.0547, ref_loss=0.0476, physics_loss=6.4660E-02, it_time=0.00272 s total_time=77.3 min
[Iteration 35300] total_loss=0.0566, data_loss=0.0541, ref_loss=0.0474, physics_loss=6.3016E-02, it_time=0.00284 s total_time=77.4 min
[Iteration 35350] total_loss=0.0569, data_loss=0.0545, ref_loss=0.0477, physics_loss=6.1591E-02, it_time=0.00281 s total_time=77.5 min
[Iteration 35400] total_loss=0.0570, data_loss=0.0545, ref_loss=0.0485, physics_loss=6.3808E-02, it_time=0.00284 s total_time=77.6 min
[Iteration 35450] total_loss=0.0566, data_loss=0.0542, ref_loss=0.0478, physics_loss=6.1491E-02, it_time=0.00276 s total_time=77.7 min
[Iteration 35500] total_loss=0.0572, data_loss=0.0546, ref_loss=0.0476, physics_loss=6.5051E-02, it_time=0.00276 s total_time=77.8 min
Total avg
Relative error [Fluid] 100.0
Relative error [Bound] 100.0
Relative error [Core] 100.0
Absolute error [Fluid] 3.5375
Absolute error [Bound] 3.5446
Absolute error [Core] 3.5341
Absolute error [Non-F] 0.0000
R.M.S.   error [Fluid] 3.5399
R.M.S.   error [Bound] 3.5486
R.M.S.   error [Core] 3.5363
R.M.S.   error [Non-F] 0.0000
[Iteration 35550] total_loss=0.0573, data_loss=0.0548, ref_loss=0.0482, physics_loss=6.2168E-02, it_time=0.00272 s total_time=77.9 min
[Iteration 35600] total_loss=0.0578, data_loss=0.0553, ref_loss=0.0485, physics_loss=6.2582E-02, it_time=0.00272 s total_time=78.0 min
[Iteration 35650] total_loss=0.0567, data_loss=0.0542, ref_loss=0.0478, physics_loss=6.2710E-02, it_time=0.00272 s total_time=78.1 min
[Iteration 35700] total_loss=0.0572, data_loss=0.0547, ref_loss=0.0479, physics_loss=6.3443E-02, it_time=0.00318 s total_time=78.2 min
[Iteration 35750] total_loss=0.0570, data_loss=0.0544, ref_loss=0.0489, physics_loss=6.4982E-02, it_time=0.00272 s total_time=78.3 min
[Iteration 35800] total_loss=0.0576, data_loss=0.0550, ref_loss=0.0483, physics_loss=6.3612E-02, it_time=0.00272 s total_time=78.4 min
[Iteration 35850] total_loss=0.0566, data_loss=0.0541, ref_loss=0.0478, physics_loss=6.2457E-02, it_time=0.00272 s total_time=78.5 min
[Iteration 35900] total_loss=0.0570, data_loss=0.0545, ref_loss=0.0481, physics_loss=6.2882E-02, it_time=0.00289 s total_time=78.6 min
[Iteration 35950] total_loss=0.0557, data_loss=0.0532, ref_loss=0.0476, physics_loss=6.2487E-02, it_time=0.00292 s total_time=78.7 min
[Iteration 36000] total_loss=0.0574, data_loss=0.0549, ref_loss=0.0482, physics_loss=6.2463E-02, it_time=0.00306 s total_time=78.8 min
Total avg
Relative error [Fluid] 100.0
Relative error [Bound] 100.0
Relative error [Core] 100.0
Absolute error [Fluid] 3.5344
Absolute error [Bound] 3.5421
Absolute error [Core] 3.5308
Absolute error [Non-F] 0.0000
R.M.S.   error [Fluid] 3.5368
R.M.S.   error [Bound] 3.5461
R.M.S.   error [Core] 3.5330
R.M.S.   error [Non-F] 0.0000
[Iteration 36050] total_loss=0.0576, data_loss=0.0551, ref_loss=0.0480, physics_loss=6.2762E-02, it_time=0.00287 s total_time=79.0 min
[Iteration 36100] total_loss=0.0576, data_loss=0.0551, ref_loss=0.0472, physics_loss=6.2548E-02, it_time=0.00271 s total_time=79.1 min
[Iteration 36150] total_loss=0.0575, data_loss=0.0550, ref_loss=0.0487, physics_loss=6.3480E-02, it_time=0.00294 s total_time=79.2 min
[Iteration 36200] total_loss=0.0561, data_loss=0.0536, ref_loss=0.0478, physics_loss=6.2897E-02, it_time=0.00304 s total_time=79.3 min
[Iteration 36250] total_loss=0.0575, data_loss=0.0551, ref_loss=0.0481, physics_loss=6.2198E-02, it_time=0.00294 s total_time=79.4 min
[Iteration 36300] total_loss=0.0562, data_loss=0.0536, ref_loss=0.0478, physics_loss=6.4840E-02, it_time=0.00295 s total_time=79.5 min
[Iteration 36350] total_loss=0.0579, data_loss=0.0554, ref_loss=0.0476, physics_loss=6.3367E-02, it_time=0.00307 s total_time=79.6 min
[Iteration 36400] total_loss=0.0568, data_loss=0.0543, ref_loss=0.0479, physics_loss=6.2021E-02, it_time=0.00324 s total_time=79.7 min
[Iteration 36450] total_loss=0.0575, data_loss=0.0550, ref_loss=0.0483, physics_loss=6.3258E-02, it_time=0.00282 s total_time=79.8 min
[Iteration 36500] total_loss=0.0571, data_loss=0.0546, ref_loss=0.0484, physics_loss=6.3073E-02, it_time=0.00281 s total_time=79.9 min
Total avg
Relative error [Fluid] 100.0
Relative error [Bound] 100.0
Relative error [Core] 100.0
Absolute error [Fluid] 3.5449
Absolute error [Bound] 3.5523
Absolute error [Core] 3.5414
Absolute error [Non-F] 0.0000
R.M.S.   error [Fluid] 3.5473
R.M.S.   error [Bound] 3.5563
R.M.S.   error [Core] 3.5436
R.M.S.   error [Non-F] 0.0000
[Iteration 36550] total_loss=0.0568, data_loss=0.0542, ref_loss=0.0479, physics_loss=6.3883E-02, it_time=0.00284 s total_time=80.1 min
[Iteration 36600] total_loss=0.0563, data_loss=0.0538, ref_loss=0.0487, physics_loss=6.3836E-02, it_time=0.00283 s total_time=80.2 min
[Iteration 36650] total_loss=0.0573, data_loss=0.0548, ref_loss=0.0479, physics_loss=6.3381E-02, it_time=0.00317 s total_time=80.3 min
[Iteration 36700] total_loss=0.0571, data_loss=0.0546, ref_loss=0.0468, physics_loss=6.2958E-02, it_time=0.00299 s total_time=80.4 min
[Iteration 36750] total_loss=0.0568, data_loss=0.0544, ref_loss=0.0475, physics_loss=6.1267E-02, it_time=0.00296 s total_time=80.5 min
[Iteration 36800] total_loss=0.0565, data_loss=0.0539, ref_loss=0.0478, physics_loss=6.3348E-02, it_time=0.00279 s total_time=80.6 min
[Iteration 36850] total_loss=0.0566, data_loss=0.0541, ref_loss=0.0486, physics_loss=6.2490E-02, it_time=0.00297 s total_time=80.7 min
[Iteration 36900] total_loss=0.0572, data_loss=0.0547, ref_loss=0.0473, physics_loss=6.2168E-02, it_time=0.00301 s total_time=80.8 min
[Iteration 36950] total_loss=0.0570, data_loss=0.0546, ref_loss=0.0478, physics_loss=6.2170E-02, it_time=0.00304 s total_time=80.9 min
[Iteration 37000] total_loss=0.0573, data_loss=0.0548, ref_loss=0.0482, physics_loss=6.3921E-02, it_time=0.00278 s total_time=81.0 min
Total avg
Relative error [Fluid] 100.0
Relative error [Bound] 100.0
Relative error [Core] 100.0
Absolute error [Fluid] 3.5415
Absolute error [Bound] 3.5492
Absolute error [Core] 3.5379
Absolute error [Non-F] 0.0000
R.M.S.   error [Fluid] 3.5439
R.M.S.   error [Bound] 3.5531
R.M.S.   error [Core] 3.5401
R.M.S.   error [Non-F] 0.0000
[Iteration 37050] total_loss=0.0570, data_loss=0.0546, ref_loss=0.0484, physics_loss=6.1312E-02, it_time=0.00313 s total_time=81.2 min
[Iteration 37100] total_loss=0.0575, data_loss=0.0549, ref_loss=0.0485, physics_loss=6.3202E-02, it_time=0.00321 s total_time=81.3 min
[Iteration 37150] total_loss=0.0572, data_loss=0.0546, ref_loss=0.0474, physics_loss=6.3740E-02, it_time=0.00293 s total_time=81.4 min
[Iteration 37200] total_loss=0.0575, data_loss=0.0550, ref_loss=0.0478, physics_loss=6.2893E-02, it_time=0.00301 s total_time=81.5 min
[Iteration 37250] total_loss=0.0565, data_loss=0.0541, ref_loss=0.0475, physics_loss=6.1618E-02, it_time=0.00286 s total_time=81.6 min
[Iteration 37300] total_loss=0.0567, data_loss=0.0542, ref_loss=0.0484, physics_loss=6.2596E-02, it_time=0.00287 s total_time=81.7 min
[Iteration 37350] total_loss=0.0572, data_loss=0.0547, ref_loss=0.0485, physics_loss=6.2980E-02, it_time=0.00336 s total_time=81.8 min
[Iteration 37400] total_loss=0.0568, data_loss=0.0543, ref_loss=0.0475, physics_loss=6.2617E-02, it_time=0.00273 s total_time=81.9 min
[Iteration 37450] total_loss=0.0565, data_loss=0.0540, ref_loss=0.0470, physics_loss=6.2200E-02, it_time=0.00335 s total_time=82.0 min
[Iteration 37500] total_loss=0.0578, data_loss=0.0552, ref_loss=0.0481, physics_loss=6.4240E-02, it_time=0.00273 s total_time=82.1 min
Total avg
Relative error [Fluid] 100.0
Relative error [Bound] 100.0
Relative error [Core] 100.0
Absolute error [Fluid] 3.5339
Absolute error [Bound] 3.5413
Absolute error [Core] 3.5303
Absolute error [Non-F] 0.0000
R.M.S.   error [Fluid] 3.5362
R.M.S.   error [Bound] 3.5453
R.M.S.   error [Core] 3.5325
R.M.S.   error [Non-F] 0.0000
[Iteration 37550] total_loss=0.0570, data_loss=0.0545, ref_loss=0.0477, physics_loss=6.3444E-02, it_time=0.00285 s total_time=82.3 min
[Iteration 37600] total_loss=0.0567, data_loss=0.0542, ref_loss=0.0472, physics_loss=6.2944E-02, it_time=0.00284 s total_time=82.4 min
[Iteration 37650] total_loss=0.0569, data_loss=0.0543, ref_loss=0.0473, physics_loss=6.3431E-02, it_time=0.00272 s total_time=82.5 min
[Iteration 37700] total_loss=0.0575, data_loss=0.0550, ref_loss=0.0469, physics_loss=6.3687E-02, it_time=0.00273 s total_time=82.6 min
[Iteration 37750] total_loss=0.0571, data_loss=0.0546, ref_loss=0.0468, physics_loss=6.2628E-02, it_time=0.00282 s total_time=82.7 min
[Iteration 37800] total_loss=0.0569, data_loss=0.0544, ref_loss=0.0487, physics_loss=6.3640E-02, it_time=0.00284 s total_time=82.8 min
[Iteration 37850] total_loss=0.0576, data_loss=0.0551, ref_loss=0.0476, physics_loss=6.2210E-02, it_time=0.003 s total_time=82.9 min
[Iteration 37900] total_loss=0.0568, data_loss=0.0542, ref_loss=0.0477, physics_loss=6.3157E-02, it_time=0.00283 s total_time=83.0 min
[Iteration 37950] total_loss=0.0565, data_loss=0.0540, ref_loss=0.0475, physics_loss=6.2986E-02, it_time=0.00292 s total_time=83.1 min
[Iteration 38000] total_loss=0.0580, data_loss=0.0555, ref_loss=0.0468, physics_loss=6.3490E-02, it_time=0.00284 s total_time=83.2 min
Total avg
Relative error [Fluid] 100.0
Relative error [Bound] 100.0
Relative error [Core] 100.0
Absolute error [Fluid] 3.5392
Absolute error [Bound] 3.5467
Absolute error [Core] 3.5357
Absolute error [Non-F] 0.0000
R.M.S.   error [Fluid] 3.5416
R.M.S.   error [Bound] 3.5507
R.M.S.   error [Core] 3.5379
R.M.S.   error [Non-F] 0.0000
[Iteration 38050] total_loss=0.0582, data_loss=0.0557, ref_loss=0.0482, physics_loss=6.1683E-02, it_time=0.00289 s total_time=83.4 min
[Iteration 38100] total_loss=0.0574, data_loss=0.0549, ref_loss=0.0476, physics_loss=6.2215E-02, it_time=0.00309 s total_time=83.5 min
[Iteration 38150] total_loss=0.0573, data_loss=0.0547, ref_loss=0.0482, physics_loss=6.3523E-02, it_time=0.00307 s total_time=83.6 min
[Iteration 38200] total_loss=0.0573, data_loss=0.0547, ref_loss=0.0477, physics_loss=6.3520E-02, it_time=0.00291 s total_time=83.7 min
[Iteration 38250] total_loss=0.0567, data_loss=0.0543, ref_loss=0.0479, physics_loss=6.1893E-02, it_time=0.00295 s total_time=83.8 min
[Iteration 38300] total_loss=0.0574, data_loss=0.0548, ref_loss=0.0483, physics_loss=6.3471E-02, it_time=0.00295 s total_time=83.9 min
[Iteration 38350] total_loss=0.0573, data_loss=0.0548, ref_loss=0.0484, physics_loss=6.1891E-02, it_time=0.00272 s total_time=84.0 min
[Iteration 38400] total_loss=0.0569, data_loss=0.0544, ref_loss=0.0467, physics_loss=6.2887E-02, it_time=0.00279 s total_time=84.1 min
[Iteration 38450] total_loss=0.0566, data_loss=0.0541, ref_loss=0.0468, physics_loss=6.2925E-02, it_time=0.00311 s total_time=84.2 min
[Iteration 38500] total_loss=0.0569, data_loss=0.0543, ref_loss=0.0478, physics_loss=6.5013E-02, it_time=0.00314 s total_time=84.3 min
Total avg
Relative error [Fluid] 100.0
Relative error [Bound] 100.0
Relative error [Core] 100.0
Absolute error [Fluid] 3.5447
Absolute error [Bound] 3.5521
Absolute error [Core] 3.5412
Absolute error [Non-F] 0.0000
R.M.S.   error [Fluid] 3.5471
R.M.S.   error [Bound] 3.5561
R.M.S.   error [Core] 3.5434
R.M.S.   error [Non-F] 0.0000
[Iteration 38550] total_loss=0.0574, data_loss=0.0548, ref_loss=0.0475, physics_loss=6.4821E-02, it_time=0.00296 s total_time=84.4 min
[Iteration 38600] total_loss=0.0567, data_loss=0.0542, ref_loss=0.0473, physics_loss=6.3176E-02, it_time=0.00288 s total_time=84.6 min
[Iteration 38650] total_loss=0.0570, data_loss=0.0544, ref_loss=0.0480, physics_loss=6.4900E-02, it_time=0.00279 s total_time=84.7 min
[Iteration 38700] total_loss=0.0578, data_loss=0.0553, ref_loss=0.0480, physics_loss=6.3267E-02, it_time=0.00276 s total_time=84.8 min
[Iteration 38750] total_loss=0.0572, data_loss=0.0547, ref_loss=0.0476, physics_loss=6.2220E-02, it_time=0.00275 s total_time=84.9 min
[Iteration 38800] total_loss=0.0564, data_loss=0.0539, ref_loss=0.0471, physics_loss=6.2250E-02, it_time=0.00337 s total_time=85.0 min
[Iteration 38850] total_loss=0.0570, data_loss=0.0545, ref_loss=0.0477, physics_loss=6.1416E-02, it_time=0.00308 s total_time=85.1 min
[Iteration 38900] total_loss=0.0568, data_loss=0.0544, ref_loss=0.0467, physics_loss=6.1234E-02, it_time=0.00299 s total_time=85.2 min
[Iteration 38950] total_loss=0.0570, data_loss=0.0545, ref_loss=0.0484, physics_loss=6.1851E-02, it_time=0.00298 s total_time=85.3 min
[Iteration 39000] total_loss=0.0570, data_loss=0.0545, ref_loss=0.0479, physics_loss=6.2987E-02, it_time=0.00315 s total_time=85.4 min
Total avg
Relative error [Fluid] 100.0
Relative error [Bound] 100.0
Relative error [Core] 100.0
Absolute error [Fluid] 3.5320
Absolute error [Bound] 3.5397
Absolute error [Core] 3.5283
Absolute error [Non-F] 0.0000
R.M.S.   error [Fluid] 3.5343
R.M.S.   error [Bound] 3.5437
R.M.S.   error [Core] 3.5305
R.M.S.   error [Non-F] 0.0000
[Iteration 39050] total_loss=0.0573, data_loss=0.0547, ref_loss=0.0481, physics_loss=6.3483E-02, it_time=0.00272 s total_time=85.6 min
[Iteration 39100] total_loss=0.0568, data_loss=0.0543, ref_loss=0.0475, physics_loss=6.3712E-02, it_time=0.003 s total_time=85.7 min
[Iteration 39150] total_loss=0.0568, data_loss=0.0543, ref_loss=0.0477, physics_loss=6.2193E-02, it_time=0.00278 s total_time=85.8 min
[Iteration 39200] total_loss=0.0582, data_loss=0.0557, ref_loss=0.0474, physics_loss=6.3587E-02, it_time=0.0028 s total_time=85.9 min
[Iteration 39250] total_loss=0.0564, data_loss=0.0538, ref_loss=0.0475, physics_loss=6.4363E-02, it_time=0.00292 s total_time=86.0 min
[Iteration 39300] total_loss=0.0569, data_loss=0.0544, ref_loss=0.0479, physics_loss=6.2546E-02, it_time=0.00296 s total_time=86.1 min
[Iteration 39350] total_loss=0.0564, data_loss=0.0539, ref_loss=0.0479, physics_loss=6.1915E-02, it_time=0.0029 s total_time=86.2 min
[Iteration 39400] total_loss=0.0573, data_loss=0.0548, ref_loss=0.0477, physics_loss=6.2303E-02, it_time=0.00272 s total_time=86.3 min
[Iteration 39450] total_loss=0.0572, data_loss=0.0547, ref_loss=0.0479, physics_loss=6.2917E-02, it_time=0.00294 s total_time=86.4 min
[Iteration 39500] total_loss=0.0564, data_loss=0.0538, ref_loss=0.0479, physics_loss=6.3662E-02, it_time=0.00283 s total_time=86.5 min
Total avg
Relative error [Fluid] 100.0
Relative error [Bound] 100.0
Relative error [Core] 100.0
Absolute error [Fluid] 3.5407
Absolute error [Bound] 3.5481
Absolute error [Core] 3.5371
Absolute error [Non-F] 0.0000
R.M.S.   error [Fluid] 3.5430
R.M.S.   error [Bound] 3.5522
R.M.S.   error [Core] 3.5393
R.M.S.   error [Non-F] 0.0000
[Iteration 39550] total_loss=0.0575, data_loss=0.0550, ref_loss=0.0481, physics_loss=6.3546E-02, it_time=0.00297 s total_time=86.6 min
[Iteration 39600] total_loss=0.0568, data_loss=0.0543, ref_loss=0.0478, physics_loss=6.3466E-02, it_time=0.00276 s total_time=86.7 min
[Iteration 39650] total_loss=0.0565, data_loss=0.0541, ref_loss=0.0478, physics_loss=6.0932E-02, it_time=0.00306 s total_time=86.9 min
[Iteration 39700] total_loss=0.0563, data_loss=0.0538, ref_loss=0.0480, physics_loss=6.2340E-02, it_time=0.0028 s total_time=87.0 min
[Iteration 39750] total_loss=0.0565, data_loss=0.0540, ref_loss=0.0470, physics_loss=6.4056E-02, it_time=0.00278 s total_time=87.1 min
[Iteration 39800] total_loss=0.0566, data_loss=0.0541, ref_loss=0.0475, physics_loss=6.2646E-02, it_time=0.00272 s total_time=87.2 min
[Iteration 39850] total_loss=0.0570, data_loss=0.0544, ref_loss=0.0478, physics_loss=6.3195E-02, it_time=0.00289 s total_time=87.3 min
[Iteration 39900] total_loss=0.0566, data_loss=0.0540, ref_loss=0.0475, physics_loss=6.3436E-02, it_time=0.0029 s total_time=87.4 min
[Iteration 39950] total_loss=0.0575, data_loss=0.0550, ref_loss=0.0469, physics_loss=6.1842E-02, it_time=0.00276 s total_time=87.5 min
[Iteration 40000] total_loss=0.0575, data_loss=0.0549, ref_loss=0.0475, physics_loss=6.3080E-02, it_time=0.00285 s total_time=87.6 min
Total avg
Relative error [Fluid] 100.0
Relative error [Bound] 100.0
Relative error [Core] 100.0
Absolute error [Fluid] 3.5362
Absolute error [Bound] 3.5435
Absolute error [Core] 3.5327
Absolute error [Non-F] 0.0000
R.M.S.   error [Fluid] 3.5386
R.M.S.   error [Bound] 3.5474
R.M.S.   error [Core] 3.5350
R.M.S.   error [Non-F] 0.0000
Checkpoint saved to ../models/260522_Aomodel_Healthy_4dsim_V250_n6_VanillaPINN_NOFF_2_nobound/260522_Aomodel_Healthy_4dsim_V250_n6_VanillaPINN_NOFF_2_nobound_FFN_1t_20260523-0153/checkpoints/260522_Aomodel_Healthy_4dsim_V250_n6_VanillaPINN_NOFF_2_nobound_FFN_1t_it40000.pth
[Iteration 40050] total_loss=0.0571, data_loss=0.0545, ref_loss=0.0477, physics_loss=6.3767E-02, it_time=0.00277 s total_time=87.8 min
[Iteration 40100] total_loss=0.0572, data_loss=0.0547, ref_loss=0.0485, physics_loss=6.1721E-02, it_time=0.00286 s total_time=87.9 min
[Iteration 40150] total_loss=0.0568, data_loss=0.0543, ref_loss=0.0477, physics_loss=6.3645E-02, it_time=0.00321 s total_time=88.0 min
[Iteration 40200] total_loss=0.0574, data_loss=0.0549, ref_loss=0.0482, physics_loss=6.2621E-02, it_time=0.00283 s total_time=88.1 min
[Iteration 40250] total_loss=0.0569, data_loss=0.0544, ref_loss=0.0479, physics_loss=6.1989E-02, it_time=0.00297 s total_time=88.2 min
[Iteration 40300] total_loss=0.0570, data_loss=0.0545, ref_loss=0.0485, physics_loss=6.2629E-02, it_time=0.00276 s total_time=88.3 min
[Iteration 40350] total_loss=0.0576, data_loss=0.0551, ref_loss=0.0478, physics_loss=6.3461E-02, it_time=0.00287 s total_time=88.4 min
[Iteration 40400] total_loss=0.0565, data_loss=0.0541, ref_loss=0.0470, physics_loss=6.2195E-02, it_time=0.00273 s total_time=88.5 min
[Iteration 40450] total_loss=0.0569, data_loss=0.0544, ref_loss=0.0472, physics_loss=6.1917E-02, it_time=0.00285 s total_time=88.6 min
[Iteration 40500] total_loss=0.0562, data_loss=0.0537, ref_loss=0.0476, physics_loss=6.2746E-02, it_time=0.00287 s total_time=88.7 min
Total avg
Relative error [Fluid] 100.0
Relative error [Bound] 100.0
Relative error [Core] 100.0
Absolute error [Fluid] 3.5445
Absolute error [Bound] 3.5525
Absolute error [Core] 3.5408
Absolute error [Non-F] 0.0000
R.M.S.   error [Fluid] 3.5469
R.M.S.   error [Bound] 3.5565
R.M.S.   error [Core] 3.5430
R.M.S.   error [Non-F] 0.0000
[Iteration 40550] total_loss=0.0574, data_loss=0.0549, ref_loss=0.0481, physics_loss=6.1663E-02, it_time=0.00279 s total_time=88.8 min
[Iteration 40600] total_loss=0.0569, data_loss=0.0544, ref_loss=0.0482, physics_loss=6.3172E-02, it_time=0.00295 s total_time=88.9 min
[Iteration 40650] total_loss=0.0555, data_loss=0.0529, ref_loss=0.0481, physics_loss=6.3961E-02, it_time=0.00301 s total_time=89.1 min
[Iteration 40700] total_loss=0.0572, data_loss=0.0547, ref_loss=0.0478, physics_loss=6.2269E-02, it_time=0.00288 s total_time=89.2 min
[Iteration 40750] total_loss=0.0568, data_loss=0.0543, ref_loss=0.0473, physics_loss=6.1053E-02, it_time=0.00302 s total_time=89.3 min
[Iteration 40800] total_loss=0.0565, data_loss=0.0540, ref_loss=0.0474, physics_loss=6.1428E-02, it_time=0.00303 s total_time=89.4 min
[Iteration 40850] total_loss=0.0570, data_loss=0.0544, ref_loss=0.0475, physics_loss=6.4368E-02, it_time=0.00282 s total_time=89.5 min
[Iteration 40900] total_loss=0.0567, data_loss=0.0542, ref_loss=0.0472, physics_loss=6.2684E-02, it_time=0.00274 s total_time=89.6 min
[Iteration 40950] total_loss=0.0576, data_loss=0.0552, ref_loss=0.0479, physics_loss=6.2237E-02, it_time=0.00312 s total_time=89.7 min
[Iteration 41000] total_loss=0.0570, data_loss=0.0545, ref_loss=0.0470, physics_loss=6.2237E-02, it_time=0.00285 s total_time=89.8 min
Total avg
Relative error [Fluid] 100.0
Relative error [Bound] 100.0
Relative error [Core] 100.0
Absolute error [Fluid] 3.5442
Absolute error [Bound] 3.5515
Absolute error [Core] 3.5407
Absolute error [Non-F] 0.0000
R.M.S.   error [Fluid] 3.5466
R.M.S.   error [Bound] 3.5555
R.M.S.   error [Core] 3.5429
R.M.S.   error [Non-F] 0.0000
[Iteration 41050] total_loss=0.0569, data_loss=0.0544, ref_loss=0.0478, physics_loss=6.3337E-02, it_time=0.00274 s total_time=90.0 min
[Iteration 41100] total_loss=0.0565, data_loss=0.0539, ref_loss=0.0475, physics_loss=6.3959E-02, it_time=0.00275 s total_time=90.1 min
[Iteration 41150] total_loss=0.0565, data_loss=0.0539, ref_loss=0.0476, physics_loss=6.4269E-02, it_time=0.00277 s total_time=90.2 min
[Iteration 41200] total_loss=0.0573, data_loss=0.0548, ref_loss=0.0481, physics_loss=6.2571E-02, it_time=0.00295 s total_time=90.3 min
[Iteration 41250] total_loss=0.0562, data_loss=0.0536, ref_loss=0.0473, physics_loss=6.3586E-02, it_time=0.00294 s total_time=90.4 min
[Iteration 41300] total_loss=0.0571, data_loss=0.0546, ref_loss=0.0476, physics_loss=6.1937E-02, it_time=0.00293 s total_time=90.5 min
[Iteration 41350] total_loss=0.0561, data_loss=0.0536, ref_loss=0.0471, physics_loss=6.2273E-02, it_time=0.00286 s total_time=90.6 min
[Iteration 41400] total_loss=0.0569, data_loss=0.0544, ref_loss=0.0484, physics_loss=6.1828E-02, it_time=0.00279 s total_time=90.7 min
[Iteration 41450] total_loss=0.0557, data_loss=0.0532, ref_loss=0.0470, physics_loss=6.2296E-02, it_time=0.00264 s total_time=90.8 min
[Iteration 41500] total_loss=0.0568, data_loss=0.0542, ref_loss=0.0475, physics_loss=6.3677E-02, it_time=0.00281 s total_time=90.9 min
Total avg
Relative error [Fluid] 100.0
Relative error [Bound] 100.0
Relative error [Core] 100.0
Absolute error [Fluid] 3.5420
Absolute error [Bound] 3.5495
Absolute error [Core] 3.5384
Absolute error [Non-F] 0.0000
R.M.S.   error [Fluid] 3.5444
R.M.S.   error [Bound] 3.5535
R.M.S.   error [Core] 3.5406
R.M.S.   error [Non-F] 0.0000
[Iteration 41550] total_loss=0.0565, data_loss=0.0540, ref_loss=0.0475, physics_loss=6.3213E-02, it_time=0.00271 s total_time=91.0 min
[Iteration 41600] total_loss=0.0567, data_loss=0.0542, ref_loss=0.0482, physics_loss=6.2555E-02, it_time=0.0028 s total_time=91.1 min
[Iteration 41650] total_loss=0.0567, data_loss=0.0542, ref_loss=0.0480, physics_loss=6.2576E-02, it_time=0.00263 s total_time=91.2 min
[Iteration 41700] total_loss=0.0571, data_loss=0.0546, ref_loss=0.0470, physics_loss=6.2780E-02, it_time=0.00298 s total_time=91.4 min
[Iteration 41750] total_loss=0.0572, data_loss=0.0547, ref_loss=0.0461, physics_loss=6.2511E-02, it_time=0.00266 s total_time=91.5 min
[Iteration 41800] total_loss=0.0569, data_loss=0.0544, ref_loss=0.0480, physics_loss=6.3816E-02, it_time=0.00288 s total_time=91.6 min
[Iteration 41850] total_loss=0.0565, data_loss=0.0539, ref_loss=0.0483, physics_loss=6.4273E-02, it_time=0.00343 s total_time=91.7 min
[Iteration 41900] total_loss=0.0572, data_loss=0.0547, ref_loss=0.0472, physics_loss=6.2582E-02, it_time=0.00272 s total_time=91.8 min
[Iteration 41950] total_loss=0.0571, data_loss=0.0546, ref_loss=0.0476, physics_loss=6.1898E-02, it_time=0.00288 s total_time=91.9 min
[Iteration 42000] total_loss=0.0560, data_loss=0.0535, ref_loss=0.0469, physics_loss=6.3397E-02, it_time=0.00311 s total_time=92.0 min
Total avg
Relative error [Fluid] 100.0
Relative error [Bound] 100.0
Relative error [Core] 100.0
Absolute error [Fluid] 3.5393
Absolute error [Bound] 3.5469
Absolute error [Core] 3.5356
Absolute error [Non-F] 0.0000
R.M.S.   error [Fluid] 3.5416
R.M.S.   error [Bound] 3.5509
R.M.S.   error [Core] 3.5378
R.M.S.   error [Non-F] 0.0000
[Iteration 42050] total_loss=0.0570, data_loss=0.0544, ref_loss=0.0469, physics_loss=6.4613E-02, it_time=0.00276 s total_time=92.1 min
[Iteration 42100] total_loss=0.0568, data_loss=0.0542, ref_loss=0.0479, physics_loss=6.4862E-02, it_time=0.00269 s total_time=92.2 min
[Iteration 42150] total_loss=0.0576, data_loss=0.0551, ref_loss=0.0483, physics_loss=6.2632E-02, it_time=0.00298 s total_time=92.3 min
[Iteration 42200] total_loss=0.0572, data_loss=0.0547, ref_loss=0.0468, physics_loss=6.1748E-02, it_time=0.0032 s total_time=92.4 min
[Iteration 42250] total_loss=0.0568, data_loss=0.0543, ref_loss=0.0480, physics_loss=6.2359E-02, it_time=0.00272 s total_time=92.6 min
[Iteration 42300] total_loss=0.0564, data_loss=0.0539, ref_loss=0.0470, physics_loss=6.2196E-02, it_time=0.00277 s total_time=92.7 min
[Iteration 42350] total_loss=0.0572, data_loss=0.0548, ref_loss=0.0476, physics_loss=6.2080E-02, it_time=0.00339 s total_time=92.8 min
[Iteration 42400] total_loss=0.0567, data_loss=0.0543, ref_loss=0.0469, physics_loss=6.1686E-02, it_time=0.00281 s total_time=92.9 min
[Iteration 42450] total_loss=0.0568, data_loss=0.0543, ref_loss=0.0487, physics_loss=6.3865E-02, it_time=0.0028 s total_time=93.0 min
[Iteration 42500] total_loss=0.0562, data_loss=0.0537, ref_loss=0.0479, physics_loss=6.2139E-02, it_time=0.00285 s total_time=93.1 min
Total avg
Relative error [Fluid] 100.0
Relative error [Bound] 100.0
Relative error [Core] 100.0
Absolute error [Fluid] 3.5387
Absolute error [Bound] 3.5460
Absolute error [Core] 3.5353
Absolute error [Non-F] 0.0000
R.M.S.   error [Fluid] 3.5411
R.M.S.   error [Bound] 3.5500
R.M.S.   error [Core] 3.5375
R.M.S.   error [Non-F] 0.0000
[Iteration 42550] total_loss=0.0564, data_loss=0.0539, ref_loss=0.0471, physics_loss=6.2220E-02, it_time=0.00303 s total_time=93.2 min
[Iteration 42600] total_loss=0.0574, data_loss=0.0548, ref_loss=0.0469, physics_loss=6.4433E-02, it_time=0.00298 s total_time=93.3 min
[Iteration 42650] total_loss=0.0575, data_loss=0.0551, ref_loss=0.0465, physics_loss=6.1494E-02, it_time=0.00442 s total_time=93.4 min
[Iteration 42700] total_loss=0.0572, data_loss=0.0546, ref_loss=0.0473, physics_loss=6.3225E-02, it_time=0.00288 s total_time=93.5 min
[Iteration 42750] total_loss=0.0567, data_loss=0.0542, ref_loss=0.0477, physics_loss=6.2786E-02, it_time=0.00282 s total_time=93.7 min
[Iteration 42800] total_loss=0.0570, data_loss=0.0544, ref_loss=0.0479, physics_loss=6.2815E-02, it_time=0.0029 s total_time=93.8 min
[Iteration 42850] total_loss=0.0564, data_loss=0.0539, ref_loss=0.0474, physics_loss=6.2077E-02, it_time=0.00301 s total_time=93.9 min
[Iteration 42900] total_loss=0.0576, data_loss=0.0551, ref_loss=0.0465, physics_loss=6.2978E-02, it_time=0.00289 s total_time=94.0 min
[Iteration 42950] total_loss=0.0571, data_loss=0.0547, ref_loss=0.0474, physics_loss=6.1485E-02, it_time=0.0027 s total_time=94.1 min
[Iteration 43000] total_loss=0.0559, data_loss=0.0534, ref_loss=0.0476, physics_loss=6.1297E-02, it_time=0.00277 s total_time=94.2 min
Total avg
Relative error [Fluid] 100.0
Relative error [Bound] 100.0
Relative error [Core] 100.0
Absolute error [Fluid] 3.5435
Absolute error [Bound] 3.5513
Absolute error [Core] 3.5398
Absolute error [Non-F] 0.0000
R.M.S.   error [Fluid] 3.5458
R.M.S.   error [Bound] 3.5553
R.M.S.   error [Core] 3.5420
R.M.S.   error [Non-F] 0.0000
[Iteration 43050] total_loss=0.0572, data_loss=0.0546, ref_loss=0.0479, physics_loss=6.4208E-02, it_time=0.00284 s total_time=94.3 min
[Iteration 43100] total_loss=0.0564, data_loss=0.0539, ref_loss=0.0479, physics_loss=6.2759E-02, it_time=0.00279 s total_time=94.4 min
[Iteration 43150] total_loss=0.0567, data_loss=0.0541, ref_loss=0.0480, physics_loss=6.3727E-02, it_time=0.00282 s total_time=94.5 min
[Iteration 43200] total_loss=0.0569, data_loss=0.0544, ref_loss=0.0474, physics_loss=6.2140E-02, it_time=0.00278 s total_time=94.6 min
[Iteration 43250] total_loss=0.0576, data_loss=0.0551, ref_loss=0.0477, physics_loss=6.3912E-02, it_time=0.00287 s total_time=94.7 min
[Iteration 43300] total_loss=0.0564, data_loss=0.0539, ref_loss=0.0479, physics_loss=6.3317E-02, it_time=0.00313 s total_time=94.8 min
[Iteration 43350] total_loss=0.0565, data_loss=0.0540, ref_loss=0.0471, physics_loss=6.2443E-02, it_time=0.00286 s total_time=94.9 min
[Iteration 43400] total_loss=0.0573, data_loss=0.0547, ref_loss=0.0478, physics_loss=6.3008E-02, it_time=0.00276 s total_time=95.0 min
[Iteration 43450] total_loss=0.0556, data_loss=0.0531, ref_loss=0.0469, physics_loss=6.2031E-02, it_time=0.00273 s total_time=95.1 min
[Iteration 43500] total_loss=0.0573, data_loss=0.0549, ref_loss=0.0475, physics_loss=6.2107E-02, it_time=0.00273 s total_time=95.2 min
Total avg
Relative error [Fluid] 100.0
Relative error [Bound] 100.0
Relative error [Core] 100.0
Absolute error [Fluid] 3.5350
Absolute error [Bound] 3.5429
Absolute error [Core] 3.5313
Absolute error [Non-F] 0.0000
R.M.S.   error [Fluid] 3.5374
R.M.S.   error [Bound] 3.5469
R.M.S.   error [Core] 3.5335
R.M.S.   error [Non-F] 0.0000
[Iteration 43550] total_loss=0.0574, data_loss=0.0549, ref_loss=0.0468, physics_loss=6.2885E-02, it_time=0.00275 s total_time=95.4 min
[Iteration 43600] total_loss=0.0570, data_loss=0.0545, ref_loss=0.0468, physics_loss=6.3845E-02, it_time=0.00286 s total_time=95.5 min
[Iteration 43650] total_loss=0.0558, data_loss=0.0532, ref_loss=0.0481, physics_loss=6.3686E-02, it_time=0.00282 s total_time=95.6 min
[Iteration 43700] total_loss=0.0554, data_loss=0.0528, ref_loss=0.0474, physics_loss=6.3162E-02, it_time=0.00284 s total_time=95.7 min
[Iteration 43750] total_loss=0.0574, data_loss=0.0549, ref_loss=0.0463, physics_loss=6.1078E-02, it_time=0.00265 s total_time=95.8 min
[Iteration 43800] total_loss=0.0556, data_loss=0.0531, ref_loss=0.0475, physics_loss=6.3660E-02, it_time=0.00267 s total_time=95.9 min
[Iteration 43850] total_loss=0.0570, data_loss=0.0545, ref_loss=0.0485, physics_loss=6.2445E-02, it_time=0.00299 s total_time=96.0 min
[Iteration 43900] total_loss=0.0570, data_loss=0.0546, ref_loss=0.0473, physics_loss=6.2284E-02, it_time=0.0029 s total_time=96.1 min
[Iteration 43950] total_loss=0.0570, data_loss=0.0545, ref_loss=0.0476, physics_loss=6.3086E-02, it_time=0.00315 s total_time=96.2 min
[Iteration 44000] total_loss=0.0574, data_loss=0.0549, ref_loss=0.0471, physics_loss=6.2177E-02, it_time=0.00273 s total_time=96.3 min
Total avg
Relative error [Fluid] 100.0
Relative error [Bound] 100.0
Relative error [Core] 100.0
Absolute error [Fluid] 3.5388
Absolute error [Bound] 3.5463
Absolute error [Core] 3.5352
Absolute error [Non-F] 0.0000
R.M.S.   error [Fluid] 3.5412
R.M.S.   error [Bound] 3.5503
R.M.S.   error [Core] 3.5374
R.M.S.   error [Non-F] 0.0000
[Iteration 44050] total_loss=0.0575, data_loss=0.0550, ref_loss=0.0486, physics_loss=6.2610E-02, it_time=0.00289 s total_time=96.5 min
[Iteration 44100] total_loss=0.0569, data_loss=0.0544, ref_loss=0.0472, physics_loss=6.3847E-02, it_time=0.00278 s total_time=96.6 min
[Iteration 44150] total_loss=0.0569, data_loss=0.0544, ref_loss=0.0478, physics_loss=6.0656E-02, it_time=0.00307 s total_time=96.7 min
[Iteration 44200] total_loss=0.0564, data_loss=0.0539, ref_loss=0.0473, physics_loss=6.1531E-02, it_time=0.00278 s total_time=96.8 min
[Iteration 44250] total_loss=0.0561, data_loss=0.0537, ref_loss=0.0472, physics_loss=6.1552E-02, it_time=0.00278 s total_time=96.9 min
[Iteration 44300] total_loss=0.0568, data_loss=0.0543, ref_loss=0.0474, physics_loss=6.2358E-02, it_time=0.00277 s total_time=97.0 min
[Iteration 44350] total_loss=0.0563, data_loss=0.0538, ref_loss=0.0472, physics_loss=6.2987E-02, it_time=0.00367 s total_time=97.1 min
[Iteration 44400] total_loss=0.0569, data_loss=0.0544, ref_loss=0.0481, physics_loss=6.1412E-02, it_time=0.0029 s total_time=97.2 min
[Iteration 44450] total_loss=0.0575, data_loss=0.0550, ref_loss=0.0465, physics_loss=6.2419E-02, it_time=0.00286 s total_time=97.3 min
[Iteration 44500] total_loss=0.0564, data_loss=0.0539, ref_loss=0.0473, physics_loss=6.1784E-02, it_time=0.00308 s total_time=97.4 min
Total avg
Relative error [Fluid] 100.0
Relative error [Bound] 100.0
Relative error [Core] 100.0
Absolute error [Fluid] 3.5375
Absolute error [Bound] 3.5446
Absolute error [Core] 3.5341
Absolute error [Non-F] 0.0000
R.M.S.   error [Fluid] 3.5398
R.M.S.   error [Bound] 3.5486
R.M.S.   error [Core] 3.5363
R.M.S.   error [Non-F] 0.0000
[Iteration 44550] total_loss=0.0570, data_loss=0.0545, ref_loss=0.0475, physics_loss=6.2625E-02, it_time=0.00307 s total_time=97.6 min
[Iteration 44600] total_loss=0.0570, data_loss=0.0545, ref_loss=0.0470, physics_loss=6.1960E-02, it_time=0.00283 s total_time=97.7 min
[Iteration 44650] total_loss=0.0569, data_loss=0.0545, ref_loss=0.0477, physics_loss=6.1078E-02, it_time=0.00273 s total_time=97.8 min
[Iteration 44700] total_loss=0.0572, data_loss=0.0547, ref_loss=0.0479, physics_loss=6.3780E-02, it_time=0.00298 s total_time=97.9 min
[Iteration 44750] total_loss=0.0580, data_loss=0.0555, ref_loss=0.0469, physics_loss=6.3286E-02, it_time=0.00278 s total_time=98.0 min
[Iteration 44800] total_loss=0.0566, data_loss=0.0540, ref_loss=0.0475, physics_loss=6.3271E-02, it_time=0.00275 s total_time=98.1 min
[Iteration 44850] total_loss=0.0567, data_loss=0.0543, ref_loss=0.0470, physics_loss=6.1582E-02, it_time=0.00293 s total_time=98.2 min
[Iteration 44900] total_loss=0.0560, data_loss=0.0535, ref_loss=0.0472, physics_loss=6.3105E-02, it_time=0.00283 s total_time=98.3 min
[Iteration 44950] total_loss=0.0570, data_loss=0.0546, ref_loss=0.0478, physics_loss=6.1628E-02, it_time=0.00277 s total_time=98.4 min
[Iteration 45000] total_loss=0.0555, data_loss=0.0530, ref_loss=0.0479, physics_loss=6.1795E-02, it_time=0.0029 s total_time=98.5 min
Total avg
Relative error [Fluid] 100.0
Relative error [Bound] 100.0
Relative error [Core] 100.0
Absolute error [Fluid] 3.5378
Absolute error [Bound] 3.5447
Absolute error [Core] 3.5344
Absolute error [Non-F] 0.0000
R.M.S.   error [Fluid] 3.5401
R.M.S.   error [Bound] 3.5487
R.M.S.   error [Core] 3.5366
R.M.S.   error [Non-F] 0.0000
Checkpoint saved to ../models/260522_Aomodel_Healthy_4dsim_V250_n6_VanillaPINN_NOFF_2_nobound/260522_Aomodel_Healthy_4dsim_V250_n6_VanillaPINN_NOFF_2_nobound_FFN_1t_20260523-0153/checkpoints/260522_Aomodel_Healthy_4dsim_V250_n6_VanillaPINN_NOFF_2_nobound_FFN_1t_it45000.pth
[Iteration 45050] total_loss=0.0556, data_loss=0.0531, ref_loss=0.0472, physics_loss=6.3130E-02, it_time=0.00282 s total_time=98.7 min
[Iteration 45100] total_loss=0.0553, data_loss=0.0528, ref_loss=0.0479, physics_loss=6.2587E-02, it_time=0.00266 s total_time=98.8 min
[Iteration 45150] total_loss=0.0565, data_loss=0.0540, ref_loss=0.0471, physics_loss=6.1983E-02, it_time=0.00286 s total_time=98.9 min
[Iteration 45200] total_loss=0.0573, data_loss=0.0548, ref_loss=0.0470, physics_loss=6.2184E-02, it_time=0.00282 s total_time=99.0 min
[Iteration 45250] total_loss=0.0574, data_loss=0.0549, ref_loss=0.0461, physics_loss=6.3823E-02, it_time=0.0029 s total_time=99.1 min
[Iteration 45300] total_loss=0.0570, data_loss=0.0545, ref_loss=0.0475, physics_loss=6.2353E-02, it_time=0.00318 s total_time=99.2 min
[Iteration 45350] total_loss=0.0566, data_loss=0.0541, ref_loss=0.0476, physics_loss=6.1285E-02, it_time=0.00282 s total_time=99.3 min
[Iteration 45400] total_loss=0.0560, data_loss=0.0535, ref_loss=0.0466, physics_loss=6.3500E-02, it_time=0.00299 s total_time=99.4 min
[Iteration 45450] total_loss=0.0562, data_loss=0.0538, ref_loss=0.0484, physics_loss=6.1300E-02, it_time=0.00306 s total_time=99.5 min
[Iteration 45500] total_loss=0.0572, data_loss=0.0546, ref_loss=0.0472, physics_loss=6.3838E-02, it_time=0.00413 s total_time=99.6 min
Total avg
Relative error [Fluid] 100.0
Relative error [Bound] 100.0
Relative error [Core] 100.0
Absolute error [Fluid] 3.5433
Absolute error [Bound] 3.5499
Absolute error [Core] 3.5401
Absolute error [Non-F] 0.0000
R.M.S.   error [Fluid] 3.5457
R.M.S.   error [Bound] 3.5539
R.M.S.   error [Core] 3.5423
R.M.S.   error [Non-F] 0.0000
[Iteration 45550] total_loss=0.0567, data_loss=0.0542, ref_loss=0.0474, physics_loss=6.3261E-02, it_time=0.00273 s total_time=99.8 min
[Iteration 45600] total_loss=0.0563, data_loss=0.0538, ref_loss=0.0473, physics_loss=6.3314E-02, it_time=0.00288 s total_time=99.9 min
[Iteration 45650] total_loss=0.0569, data_loss=0.0544, ref_loss=0.0476, physics_loss=6.1344E-02, it_time=0.00283 s total_time=100.0 min
[Iteration 45700] total_loss=0.0559, data_loss=0.0534, ref_loss=0.0464, physics_loss=6.3634E-02, it_time=0.00289 s total_time=100.1 min
[Iteration 45750] total_loss=0.0572, data_loss=0.0547, ref_loss=0.0472, physics_loss=6.2271E-02, it_time=0.00267 s total_time=100.2 min
[Iteration 45800] total_loss=0.0566, data_loss=0.0541, ref_loss=0.0463, physics_loss=6.2505E-02, it_time=0.00276 s total_time=100.3 min
[Iteration 45850] total_loss=0.0572, data_loss=0.0547, ref_loss=0.0478, physics_loss=6.2543E-02, it_time=0.00275 s total_time=100.4 min
[Iteration 45900] total_loss=0.0564, data_loss=0.0539, ref_loss=0.0468, physics_loss=6.1765E-02, it_time=0.00287 s total_time=100.5 min
[Iteration 45950] total_loss=0.0571, data_loss=0.0546, ref_loss=0.0473, physics_loss=6.3307E-02, it_time=0.00278 s total_time=100.6 min
[Iteration 46000] total_loss=0.0564, data_loss=0.0539, ref_loss=0.0473, physics_loss=6.3549E-02, it_time=0.00278 s total_time=100.7 min
Total avg
Relative error [Fluid] 100.0
Relative error [Bound] 100.0
Relative error [Core] 100.0
Absolute error [Fluid] 3.5415
Absolute error [Bound] 3.5487
Absolute error [Core] 3.5381
Absolute error [Non-F] 0.0000
R.M.S.   error [Fluid] 3.5439
R.M.S.   error [Bound] 3.5526
R.M.S.   error [Core] 3.5403
R.M.S.   error [Non-F] 0.0000
[Iteration 46050] total_loss=0.0560, data_loss=0.0536, ref_loss=0.0461, physics_loss=6.0858E-02, it_time=0.00289 s total_time=100.8 min
[Iteration 46100] total_loss=0.0577, data_loss=0.0552, ref_loss=0.0473, physics_loss=6.2882E-02, it_time=0.00291 s total_time=101.0 min
[Iteration 46150] total_loss=0.0558, data_loss=0.0532, ref_loss=0.0462, physics_loss=6.3753E-02, it_time=0.00294 s total_time=101.1 min
[Iteration 46200] total_loss=0.0563, data_loss=0.0539, ref_loss=0.0479, physics_loss=6.0657E-02, it_time=0.00307 s total_time=101.2 min
[Iteration 46250] total_loss=0.0577, data_loss=0.0552, ref_loss=0.0472, physics_loss=6.2394E-02, it_time=0.00312 s total_time=101.3 min
[Iteration 46300] total_loss=0.0567, data_loss=0.0542, ref_loss=0.0468, physics_loss=6.2021E-02, it_time=0.00289 s total_time=101.4 min
[Iteration 46350] total_loss=0.0551, data_loss=0.0525, ref_loss=0.0475, physics_loss=6.2933E-02, it_time=0.00288 s total_time=101.5 min
[Iteration 46400] total_loss=0.0563, data_loss=0.0538, ref_loss=0.0473, physics_loss=6.2348E-02, it_time=0.00399 s total_time=101.6 min
[Iteration 46450] total_loss=0.0569, data_loss=0.0544, ref_loss=0.0475, physics_loss=6.3078E-02, it_time=0.00286 s total_time=101.7 min
[Iteration 46500] total_loss=0.0568, data_loss=0.0543, ref_loss=0.0469, physics_loss=6.2794E-02, it_time=0.00272 s total_time=101.8 min
Total avg
Relative error [Fluid] 100.0
Relative error [Bound] 100.0
Relative error [Core] 100.0
Absolute error [Fluid] 3.5381
Absolute error [Bound] 3.5453
Absolute error [Core] 3.5346
Absolute error [Non-F] 0.0000
R.M.S.   error [Fluid] 3.5404
R.M.S.   error [Bound] 3.5492
R.M.S.   error [Core] 3.5368
R.M.S.   error [Non-F] 0.0000
[Iteration 46550] total_loss=0.0570, data_loss=0.0545, ref_loss=0.0476, physics_loss=6.3798E-02, it_time=0.00347 s total_time=101.9 min
[Iteration 46600] total_loss=0.0566, data_loss=0.0540, ref_loss=0.0475, physics_loss=6.4708E-02, it_time=0.00295 s total_time=102.0 min
[Iteration 46650] total_loss=0.0570, data_loss=0.0545, ref_loss=0.0473, physics_loss=6.2055E-02, it_time=0.00274 s total_time=102.2 min
[Iteration 46700] total_loss=0.0574, data_loss=0.0549, ref_loss=0.0469, physics_loss=6.2583E-02, it_time=0.00294 s total_time=102.3 min
[Iteration 46750] total_loss=0.0568, data_loss=0.0543, ref_loss=0.0473, physics_loss=6.2093E-02, it_time=0.00281 s total_time=102.4 min
[Iteration 46800] total_loss=0.0567, data_loss=0.0541, ref_loss=0.0470, physics_loss=6.4276E-02, it_time=0.00286 s total_time=102.5 min
[Iteration 46850] total_loss=0.0567, data_loss=0.0542, ref_loss=0.0483, physics_loss=6.2103E-02, it_time=0.00277 s total_time=102.6 min
[Iteration 46900] total_loss=0.0565, data_loss=0.0539, ref_loss=0.0478, physics_loss=6.4204E-02, it_time=0.00277 s total_time=102.7 min
[Iteration 46950] total_loss=0.0560, data_loss=0.0535, ref_loss=0.0474, physics_loss=6.3515E-02, it_time=0.00301 s total_time=102.8 min
[Iteration 47000] total_loss=0.0569, data_loss=0.0544, ref_loss=0.0476, physics_loss=6.3247E-02, it_time=0.00276 s total_time=102.9 min
Total avg
Relative error [Fluid] 100.0
Relative error [Bound] 100.0
Relative error [Core] 100.0
Absolute error [Fluid] 3.5383
Absolute error [Bound] 3.5460
Absolute error [Core] 3.5347
Absolute error [Non-F] 0.0000
R.M.S.   error [Fluid] 3.5407
R.M.S.   error [Bound] 3.5500
R.M.S.   error [Core] 3.5369
R.M.S.   error [Non-F] 0.0000
[Iteration 47050] total_loss=0.0561, data_loss=0.0536, ref_loss=0.0467, physics_loss=6.3803E-02, it_time=0.00299 s total_time=103.0 min
[Iteration 47100] total_loss=0.0566, data_loss=0.0542, ref_loss=0.0468, physics_loss=6.1521E-02, it_time=0.00276 s total_time=103.1 min
[Iteration 47150] total_loss=0.0566, data_loss=0.0542, ref_loss=0.0469, physics_loss=6.1560E-02, it_time=0.00305 s total_time=103.2 min
[Iteration 47200] total_loss=0.0569, data_loss=0.0544, ref_loss=0.0468, physics_loss=6.2881E-02, it_time=0.00287 s total_time=103.3 min
[Iteration 47250] total_loss=0.0568, data_loss=0.0543, ref_loss=0.0469, physics_loss=6.2254E-02, it_time=0.00284 s total_time=103.4 min
[Iteration 47300] total_loss=0.0564, data_loss=0.0539, ref_loss=0.0472, physics_loss=6.3394E-02, it_time=0.00286 s total_time=103.5 min
[Iteration 47350] total_loss=0.0568, data_loss=0.0542, ref_loss=0.0473, physics_loss=6.3774E-02, it_time=0.00282 s total_time=103.6 min
[Iteration 47400] total_loss=0.0573, data_loss=0.0549, ref_loss=0.0469, physics_loss=6.1086E-02, it_time=0.00271 s total_time=103.7 min
[Iteration 47450] total_loss=0.0553, data_loss=0.0528, ref_loss=0.0465, physics_loss=6.2774E-02, it_time=0.00317 s total_time=103.8 min
[Iteration 47500] total_loss=0.0565, data_loss=0.0541, ref_loss=0.0478, physics_loss=6.1095E-02, it_time=0.00288 s total_time=104.0 min
Total avg
Relative error [Fluid] 100.0
Relative error [Bound] 100.0
Relative error [Core] 100.0
Absolute error [Fluid] 3.5441
Absolute error [Bound] 3.5511
Absolute error [Core] 3.5407
Absolute error [Non-F] 0.0000
R.M.S.   error [Fluid] 3.5464
R.M.S.   error [Bound] 3.5550
R.M.S.   error [Core] 3.5429
R.M.S.   error [Non-F] 0.0000
[Iteration 47550] total_loss=0.0571, data_loss=0.0546, ref_loss=0.0476, physics_loss=6.2911E-02, it_time=0.00266 s total_time=104.1 min
[Iteration 47600] total_loss=0.0563, data_loss=0.0538, ref_loss=0.0470, physics_loss=6.0674E-02, it_time=0.00305 s total_time=104.2 min
[Iteration 47650] total_loss=0.0572, data_loss=0.0546, ref_loss=0.0469, physics_loss=6.3838E-02, it_time=0.00296 s total_time=104.3 min
[Iteration 47700] total_loss=0.0564, data_loss=0.0539, ref_loss=0.0479, physics_loss=6.1362E-02, it_time=0.00292 s total_time=104.4 min
[Iteration 47750] total_loss=0.0568, data_loss=0.0543, ref_loss=0.0474, physics_loss=6.2921E-02, it_time=0.00284 s total_time=104.5 min
[Iteration 47800] total_loss=0.0563, data_loss=0.0538, ref_loss=0.0476, physics_loss=6.3739E-02, it_time=0.00272 s total_time=104.6 min
[Iteration 47850] total_loss=0.0559, data_loss=0.0534, ref_loss=0.0468, physics_loss=6.3449E-02, it_time=0.00306 s total_time=104.7 min
[Iteration 47900] total_loss=0.0562, data_loss=0.0537, ref_loss=0.0473, physics_loss=6.2073E-02, it_time=0.00271 s total_time=104.8 min
[Iteration 47950] total_loss=0.0573, data_loss=0.0548, ref_loss=0.0478, physics_loss=6.2567E-02, it_time=0.00271 s total_time=104.9 min
[Iteration 48000] total_loss=0.0567, data_loss=0.0542, ref_loss=0.0474, physics_loss=6.1752E-02, it_time=0.00273 s total_time=105.0 min
Total avg
Relative error [Fluid] 100.0
Relative error [Bound] 100.0
Relative error [Core] 100.0
Absolute error [Fluid] 3.5362
Absolute error [Bound] 3.5433
Absolute error [Core] 3.5328
Absolute error [Non-F] 0.0000
R.M.S.   error [Fluid] 3.5385
R.M.S.   error [Bound] 3.5473
R.M.S.   error [Core] 3.5350
R.M.S.   error [Non-F] 0.0000
[Iteration 48050] total_loss=0.0563, data_loss=0.0538, ref_loss=0.0474, physics_loss=6.2552E-02, it_time=0.00272 s total_time=105.1 min
[Iteration 48100] total_loss=0.0556, data_loss=0.0532, ref_loss=0.0476, physics_loss=6.1586E-02, it_time=0.00279 s total_time=105.2 min
[Iteration 48150] total_loss=0.0563, data_loss=0.0538, ref_loss=0.0472, physics_loss=6.1847E-02, it_time=0.00296 s total_time=105.3 min
[Iteration 48200] total_loss=0.0562, data_loss=0.0538, ref_loss=0.0474, physics_loss=6.0116E-02, it_time=0.00272 s total_time=105.5 min
[Iteration 48250] total_loss=0.0564, data_loss=0.0539, ref_loss=0.0470, physics_loss=6.1609E-02, it_time=0.00271 s total_time=105.6 min
[Iteration 48300] total_loss=0.0567, data_loss=0.0542, ref_loss=0.0472, physics_loss=6.3928E-02, it_time=0.00272 s total_time=105.6 min
[Iteration 48350] total_loss=0.0563, data_loss=0.0538, ref_loss=0.0471, physics_loss=6.2778E-02, it_time=0.00309 s total_time=105.8 min
[Iteration 48400] total_loss=0.0560, data_loss=0.0535, ref_loss=0.0466, physics_loss=6.2292E-02, it_time=0.00267 s total_time=105.9 min
[Iteration 48450] total_loss=0.0568, data_loss=0.0543, ref_loss=0.0477, physics_loss=6.2439E-02, it_time=0.00289 s total_time=106.0 min
[Iteration 48500] total_loss=0.0562, data_loss=0.0536, ref_loss=0.0479, physics_loss=6.3099E-02, it_time=0.00289 s total_time=106.1 min
Total avg
Relative error [Fluid] 100.0
Relative error [Bound] 100.0
Relative error [Core] 100.0
Absolute error [Fluid] 3.5419
Absolute error [Bound] 3.5491
Absolute error [Core] 3.5384
Absolute error [Non-F] 0.0000
R.M.S.   error [Fluid] 3.5442
R.M.S.   error [Bound] 3.5531
R.M.S.   error [Core] 3.5406
R.M.S.   error [Non-F] 0.0000
[Iteration 48550] total_loss=0.0556, data_loss=0.0531, ref_loss=0.0473, physics_loss=6.2840E-02, it_time=0.00288 s total_time=106.2 min
[Iteration 48600] total_loss=0.0568, data_loss=0.0543, ref_loss=0.0466, physics_loss=6.2536E-02, it_time=0.00276 s total_time=106.3 min
[Iteration 48650] total_loss=0.0563, data_loss=0.0538, ref_loss=0.0474, physics_loss=6.2150E-02, it_time=0.00268 s total_time=106.4 min
[Iteration 48700] total_loss=0.0570, data_loss=0.0545, ref_loss=0.0473, physics_loss=6.2779E-02, it_time=0.00298 s total_time=106.5 min
[Iteration 48750] total_loss=0.0568, data_loss=0.0543, ref_loss=0.0476, physics_loss=6.3935E-02, it_time=0.00302 s total_time=106.6 min
[Iteration 48800] total_loss=0.0565, data_loss=0.0540, ref_loss=0.0473, physics_loss=6.3435E-02, it_time=0.00312 s total_time=106.7 min
[Iteration 48850] total_loss=0.0569, data_loss=0.0544, ref_loss=0.0471, physics_loss=6.1756E-02, it_time=0.0028 s total_time=106.8 min
[Iteration 48900] total_loss=0.0569, data_loss=0.0544, ref_loss=0.0469, physics_loss=6.2586E-02, it_time=0.00284 s total_time=106.9 min
[Iteration 48950] total_loss=0.0570, data_loss=0.0545, ref_loss=0.0472, physics_loss=6.2477E-02, it_time=0.0028 s total_time=107.0 min
[Iteration 49000] total_loss=0.0558, data_loss=0.0533, ref_loss=0.0475, physics_loss=6.3310E-02, it_time=0.00319 s total_time=107.1 min
Total avg
Relative error [Fluid] 100.0
Relative error [Bound] 100.0
Relative error [Core] 100.0
Absolute error [Fluid] 3.5399
Absolute error [Bound] 3.5472
Absolute error [Core] 3.5364
Absolute error [Non-F] 0.0000
R.M.S.   error [Fluid] 3.5422
R.M.S.   error [Bound] 3.5512
R.M.S.   error [Core] 3.5386
R.M.S.   error [Non-F] 0.0000
[Iteration 49050] total_loss=0.0568, data_loss=0.0544, ref_loss=0.0473, physics_loss=6.1149E-02, it_time=0.00283 s total_time=107.3 min
[Iteration 49100] total_loss=0.0567, data_loss=0.0543, ref_loss=0.0470, physics_loss=6.1717E-02, it_time=0.00272 s total_time=107.4 min
[Iteration 49150] total_loss=0.0568, data_loss=0.0544, ref_loss=0.0476, physics_loss=6.1643E-02, it_time=0.00265 s total_time=107.5 min
[Iteration 49200] total_loss=0.0562, data_loss=0.0538, ref_loss=0.0477, physics_loss=6.1331E-02, it_time=0.00308 s total_time=107.6 min
[Iteration 49250] total_loss=0.0568, data_loss=0.0542, ref_loss=0.0476, physics_loss=6.3246E-02, it_time=0.00285 s total_time=107.7 min
[Iteration 49300] total_loss=0.0568, data_loss=0.0542, ref_loss=0.0470, physics_loss=6.3069E-02, it_time=0.00277 s total_time=107.8 min
[Iteration 49350] total_loss=0.0568, data_loss=0.0543, ref_loss=0.0466, physics_loss=6.2189E-02, it_time=0.00287 s total_time=107.9 min
[Iteration 49400] total_loss=0.0559, data_loss=0.0534, ref_loss=0.0470, physics_loss=6.2190E-02, it_time=0.00312 s total_time=108.0 min
[Iteration 49450] total_loss=0.0566, data_loss=0.0541, ref_loss=0.0478, physics_loss=6.2242E-02, it_time=0.00282 s total_time=108.1 min
[Iteration 49500] total_loss=0.0575, data_loss=0.0550, ref_loss=0.0473, physics_loss=6.1877E-02, it_time=0.00289 s total_time=108.2 min
Total avg
Relative error [Fluid] 100.0
Relative error [Bound] 100.0
Relative error [Core] 100.0
Absolute error [Fluid] 3.5353
Absolute error [Bound] 3.5426
Absolute error [Core] 3.5318
Absolute error [Non-F] 0.0000
R.M.S.   error [Fluid] 3.5376
R.M.S.   error [Bound] 3.5466
R.M.S.   error [Core] 3.5340
R.M.S.   error [Non-F] 0.0000
[Iteration 49550] total_loss=0.0558, data_loss=0.0532, ref_loss=0.0469, physics_loss=6.3308E-02, it_time=0.00338 s total_time=108.4 min
[Iteration 49600] total_loss=0.0567, data_loss=0.0542, ref_loss=0.0472, physics_loss=6.1961E-02, it_time=0.00291 s total_time=108.5 min
[Iteration 49650] total_loss=0.0572, data_loss=0.0546, ref_loss=0.0480, physics_loss=6.4465E-02, it_time=0.00296 s total_time=108.6 min
[Iteration 49700] total_loss=0.0569, data_loss=0.0544, ref_loss=0.0473, physics_loss=6.2645E-02, it_time=0.00305 s total_time=108.7 min
[Iteration 49750] total_loss=0.0566, data_loss=0.0540, ref_loss=0.0475, physics_loss=6.3116E-02, it_time=0.00302 s total_time=108.8 min
[Iteration 49800] total_loss=0.0563, data_loss=0.0538, ref_loss=0.0480, physics_loss=6.3308E-02, it_time=0.00276 s total_time=108.9 min
[Iteration 49850] total_loss=0.0561, data_loss=0.0536, ref_loss=0.0467, physics_loss=6.2989E-02, it_time=0.00321 s total_time=109.0 min
[Iteration 49900] total_loss=0.0569, data_loss=0.0544, ref_loss=0.0477, physics_loss=6.3125E-02, it_time=0.00309 s total_time=109.1 min
[Iteration 49950] total_loss=0.0569, data_loss=0.0545, ref_loss=0.0470, physics_loss=6.2197E-02, it_time=0.00321 s total_time=109.2 min
[Iteration 50000] total_loss=0.0572, data_loss=0.0547, ref_loss=0.0466, physics_loss=6.1953E-02, it_time=0.00275 s total_time=109.3 min
Total avg
Relative error [Fluid] 100.0
Relative error [Bound] 100.0
Relative error [Core] 100.0
Absolute error [Fluid] 3.5366
Absolute error [Bound] 3.5442
Absolute error [Core] 3.5330
Absolute error [Non-F] 0.0000
R.M.S.   error [Fluid] 3.5389
R.M.S.   error [Bound] 3.5481
R.M.S.   error [Core] 3.5352
R.M.S.   error [Non-F] 0.0000
Checkpoint saved to ../models/260522_Aomodel_Healthy_4dsim_V250_n6_VanillaPINN_NOFF_2_nobound/260522_Aomodel_Healthy_4dsim_V250_n6_VanillaPINN_NOFF_2_nobound_FFN_1t_20260523-0153/checkpoints/260522_Aomodel_Healthy_4dsim_V250_n6_VanillaPINN_NOFF_2_nobound_FFN_1t_it50000.pth
Final model saved to ../models/260522_Aomodel_Healthy_4dsim_V250_n6_VanillaPINN_NOFF_2_nobound/260522_Aomodel_Healthy_4dsim_V250_n6_VanillaPINN_NOFF_2_nobound_FFN_1t_20260523-0153/260522_Aomodel_Healthy_4dsim_V250_n6_VanillaPINN_NOFF_2_nobound_FFN_1t_final.pth
