Starting script
fourier_scale 0.4
Copying source code to model directory...
Loaded resolution from file: 0.002, 0.002, 0.002, 0.01874
VNRMSE [Noisy]: 0.090428
Directional error [Noisy]: 0.020334
Divergence [Noisy]: 0.052247
Total avg
Relative error [Fluid] 71.5
Relative error [Bound] 78.5
Relative error [Core] 68.6
Absolute error [Fluid] 0.6530
Absolute error [Bound] 0.6020
Absolute error [Core] 0.6731
Absolute error [Non-F] 0.0000
R.M.S.   error [Fluid] 0.7299
R.M.S.   error [Bound] 0.6712
R.M.S.   error [Core] 0.7520
R.M.S.   error [Non-F] 0.0000
[Iteration 10] total_loss=0.3103, data_loss=0.3062, ref_loss=0.2655, physics_loss=1.2772E-03, it_time=0.00831 s total_time=0.0 min
[Iteration 20] total_loss=0.2349, data_loss=0.2319, ref_loss=0.2731, physics_loss=1.8403E-03, it_time=0.00814 s total_time=0.1 min
[Iteration 30] total_loss=0.2089, data_loss=0.2069, ref_loss=0.2120, physics_loss=1.2299E-03, it_time=0.00808 s total_time=0.1 min
[Iteration 40] total_loss=0.1741, data_loss=0.1723, ref_loss=0.1714, physics_loss=1.1837E-03, it_time=0.00808 s total_time=0.1 min
[Iteration 50] total_loss=0.1534, data_loss=0.1517, ref_loss=0.1380, physics_loss=1.0539E-03, it_time=0.00809 s total_time=0.1 min
[Iteration 60] total_loss=0.1259, data_loss=0.1244, ref_loss=0.1195, physics_loss=7.0350E-04, it_time=0.00806 s total_time=0.1 min
[Iteration 70] total_loss=0.1112, data_loss=0.1099, ref_loss=0.1144, physics_loss=6.8824E-04, it_time=0.00808 s total_time=0.1 min
[Iteration 80] total_loss=0.0993, data_loss=0.0978, ref_loss=0.1042, physics_loss=7.3712E-04, it_time=0.00808 s total_time=0.1 min
[Iteration 90] total_loss=0.1054, data_loss=0.1041, ref_loss=0.1292, physics_loss=6.1980E-04, it_time=0.00859 s total_time=0.1 min
[Iteration 100] total_loss=0.0916, data_loss=0.0903, ref_loss=0.0957, physics_loss=7.4045E-04, it_time=0.00806 s total_time=0.1 min
[Iteration 110] total_loss=0.0829, data_loss=0.0817, ref_loss=0.0915, physics_loss=6.0240E-04, it_time=0.00807 s total_time=0.1 min
[Iteration 120] total_loss=0.0828, data_loss=0.0815, ref_loss=0.0903, physics_loss=7.9080E-04, it_time=0.00809 s total_time=0.1 min
[Iteration 130] total_loss=0.0767, data_loss=0.0755, ref_loss=0.0785, physics_loss=6.8852E-04, it_time=0.00805 s total_time=0.1 min
[Iteration 140] total_loss=0.0668, data_loss=0.0656, ref_loss=0.0745, physics_loss=6.8409E-04, it_time=0.01109 s total_time=0.2 min
[Iteration 150] total_loss=0.0758, data_loss=0.0744, ref_loss=0.0840, physics_loss=7.2277E-04, it_time=0.00859 s total_time=0.2 min
[Iteration 160] total_loss=0.0650, data_loss=0.0638, ref_loss=0.0680, physics_loss=7.6102E-04, it_time=0.00859 s total_time=0.2 min
[Iteration 170] total_loss=0.0566, data_loss=0.0555, ref_loss=0.0643, physics_loss=5.3121E-04, it_time=0.00808 s total_time=0.2 min
[Iteration 180] total_loss=0.0537, data_loss=0.0528, ref_loss=0.0670, physics_loss=4.1468E-04, it_time=0.00805 s total_time=0.2 min
[Iteration 190] total_loss=0.0538, data_loss=0.0529, ref_loss=0.0678, physics_loss=3.9364E-04, it_time=0.00808 s total_time=0.2 min
[Iteration 200] total_loss=0.0512, data_loss=0.0503, ref_loss=0.0619, physics_loss=3.7326E-04, it_time=0.00806 s total_time=0.2 min
[Iteration 210] total_loss=0.0539, data_loss=0.0530, ref_loss=0.0634, physics_loss=3.4453E-04, it_time=0.00806 s total_time=0.2 min
[Iteration 220] total_loss=0.0489, data_loss=0.0481, ref_loss=0.0598, physics_loss=3.3326E-04, it_time=0.00807 s total_time=0.2 min
[Iteration 230] total_loss=0.0477, data_loss=0.0469, ref_loss=0.0588, physics_loss=3.0148E-04, it_time=0.00861 s total_time=0.2 min
[Iteration 240] total_loss=0.0467, data_loss=0.0459, ref_loss=0.0561, physics_loss=2.9910E-04, it_time=0.00867 s total_time=0.2 min
[Iteration 250] total_loss=0.0474, data_loss=0.0466, ref_loss=0.0607, physics_loss=3.2951E-04, it_time=0.00853 s total_time=0.3 min
Total avg
Relative error [Fluid] 30.5
Relative error [Bound] 51.8
Relative error [Core] 22.0
Absolute error [Fluid] 0.2233
Absolute error [Bound] 0.3467
Absolute error [Core] 0.1742
Absolute error [Non-F] 0.0000
R.M.S.   error [Fluid] 0.2808
R.M.S.   error [Bound] 0.4014
R.M.S.   error [Core] 0.2148
R.M.S.   error [Non-F] 0.0000
[Iteration 260] total_loss=0.0422, data_loss=0.0415, ref_loss=0.0508, physics_loss=2.5714E-04, it_time=0.00949 s total_time=0.3 min
[Iteration 270] total_loss=0.0502, data_loss=0.0494, ref_loss=0.0585, physics_loss=3.9315E-04, it_time=0.00805 s total_time=0.3 min
[Iteration 280] total_loss=0.0429, data_loss=0.0422, ref_loss=0.0524, physics_loss=2.8834E-04, it_time=0.00852 s total_time=0.3 min
[Iteration 290] total_loss=0.0408, data_loss=0.0401, ref_loss=0.0502, physics_loss=2.8432E-04, it_time=0.00855 s total_time=0.3 min
[Iteration 300] total_loss=0.0380, data_loss=0.0373, ref_loss=0.0488, physics_loss=2.5832E-04, it_time=0.00799 s total_time=0.3 min
[Iteration 310] total_loss=0.0566, data_loss=0.0556, ref_loss=0.0569, physics_loss=4.4386E-04, it_time=0.00805 s total_time=0.3 min
[Iteration 320] total_loss=0.0434, data_loss=0.0426, ref_loss=0.0533, physics_loss=3.4242E-04, it_time=0.0086 s total_time=0.3 min
[Iteration 330] total_loss=0.0381, data_loss=0.0373, ref_loss=0.0449, physics_loss=2.9318E-04, it_time=0.00808 s total_time=0.3 min
[Iteration 340] total_loss=0.0360, data_loss=0.0353, ref_loss=0.0451, physics_loss=2.8891E-04, it_time=0.00808 s total_time=0.4 min
[Iteration 350] total_loss=0.0348, data_loss=0.0341, ref_loss=0.0436, physics_loss=2.8625E-04, it_time=0.00863 s total_time=0.4 min
[Iteration 360] total_loss=0.0553, data_loss=0.0545, ref_loss=0.0481, physics_loss=4.7383E-04, it_time=0.00805 s total_time=0.4 min
[Iteration 370] total_loss=0.0389, data_loss=0.0381, ref_loss=0.0522, physics_loss=3.5621E-04, it_time=0.00806 s total_time=0.4 min
[Iteration 380] total_loss=0.0366, data_loss=0.0359, ref_loss=0.0449, physics_loss=3.2575E-04, it_time=0.00806 s total_time=0.4 min
[Iteration 390] total_loss=0.0337, data_loss=0.0329, ref_loss=0.0424, physics_loss=3.0372E-04, it_time=0.00855 s total_time=0.4 min
[Iteration 400] total_loss=0.0320, data_loss=0.0313, ref_loss=0.0415, physics_loss=3.1991E-04, it_time=0.00856 s total_time=0.4 min
[Iteration 410] total_loss=0.0314, data_loss=0.0306, ref_loss=0.0411, physics_loss=3.3388E-04, it_time=0.00859 s total_time=0.4 min
[Iteration 420] total_loss=0.0452, data_loss=0.0440, ref_loss=0.0597, physics_loss=7.7451E-04, it_time=0.00855 s total_time=0.4 min
[Iteration 430] total_loss=0.0351, data_loss=0.0343, ref_loss=0.0443, physics_loss=3.8438E-04, it_time=0.00805 s total_time=0.4 min
[Iteration 440] total_loss=0.0327, data_loss=0.0319, ref_loss=0.0399, physics_loss=3.3423E-04, it_time=0.00805 s total_time=0.4 min
[Iteration 450] total_loss=0.0305, data_loss=0.0297, ref_loss=0.0406, physics_loss=3.3156E-04, it_time=0.00804 s total_time=0.4 min
[Iteration 460] total_loss=0.0295, data_loss=0.0287, ref_loss=0.0386, physics_loss=3.5894E-04, it_time=0.00805 s total_time=0.5 min
[Iteration 470] total_loss=0.0288, data_loss=0.0280, ref_loss=0.0376, physics_loss=3.6999E-04, it_time=0.01153 s total_time=0.5 min
[Iteration 480] total_loss=0.0285, data_loss=0.0277, ref_loss=0.0363, physics_loss=3.6420E-04, it_time=0.00808 s total_time=0.5 min
[Iteration 490] total_loss=0.0332, data_loss=0.0324, ref_loss=0.0475, physics_loss=4.0305E-04, it_time=0.00806 s total_time=0.5 min
[Iteration 500] total_loss=0.0310, data_loss=0.0303, ref_loss=0.0350, physics_loss=3.5682E-04, it_time=0.00853 s total_time=0.5 min
Total avg
Relative error [Fluid] 23.7
Relative error [Bound] 43.2
Relative error [Core] 15.9
Absolute error [Fluid] 0.1636
Absolute error [Bound] 0.2623
Absolute error [Core] 0.1244
Absolute error [Non-F] 0.0000
R.M.S.   error [Fluid] 0.2125
R.M.S.   error [Bound] 0.3164
R.M.S.   error [Core] 0.1526
R.M.S.   error [Non-F] 0.0000
Checkpoint saved to ../models/250202_Aomodel_n2_4dsim/FFN_1t_4dsim_20250213-1047/checkpoints/FFN_1t_4dsim_it500.pth
[Iteration 510] total_loss=0.0284, data_loss=0.0276, ref_loss=0.0381, physics_loss=3.5913E-04, it_time=0.00805 s total_time=0.5 min
[Iteration 520] total_loss=0.0271, data_loss=0.0263, ref_loss=0.0351, physics_loss=3.5656E-04, it_time=0.00804 s total_time=0.5 min
[Iteration 530] total_loss=0.0275, data_loss=0.0267, ref_loss=0.0361, physics_loss=3.5576E-04, it_time=0.01054 s total_time=0.5 min
[Iteration 540] total_loss=0.0340, data_loss=0.0332, ref_loss=0.0383, physics_loss=3.8744E-04, it_time=0.00805 s total_time=0.6 min
[Iteration 550] total_loss=0.0327, data_loss=0.0318, ref_loss=0.0364, physics_loss=4.6025E-04, it_time=0.00828 s total_time=0.6 min
[Iteration 560] total_loss=0.0280, data_loss=0.0273, ref_loss=0.0356, physics_loss=3.5680E-04, it_time=0.00807 s total_time=0.6 min
[Iteration 570] total_loss=0.0252, data_loss=0.0245, ref_loss=0.0349, physics_loss=3.2810E-04, it_time=0.00859 s total_time=0.6 min
[Iteration 580] total_loss=0.0244, data_loss=0.0237, ref_loss=0.0325, physics_loss=3.4437E-04, it_time=0.00805 s total_time=0.6 min
[Iteration 590] total_loss=0.0238, data_loss=0.0230, ref_loss=0.0328, physics_loss=3.5791E-04, it_time=0.00805 s total_time=0.6 min
[Iteration 600] total_loss=0.0234, data_loss=0.0226, ref_loss=0.0318, physics_loss=3.5185E-04, it_time=0.00854 s total_time=0.6 min
[Iteration 610] total_loss=0.0271, data_loss=0.0262, ref_loss=0.0463, physics_loss=5.2341E-04, it_time=0.00802 s total_time=0.6 min
[Iteration 620] total_loss=0.0270, data_loss=0.0263, ref_loss=0.0313, physics_loss=3.4567E-04, it_time=0.00806 s total_time=0.6 min
[Iteration 630] total_loss=0.0244, data_loss=0.0236, ref_loss=0.0325, physics_loss=3.2955E-04, it_time=0.00806 s total_time=0.6 min
[Iteration 640] total_loss=0.0225, data_loss=0.0218, ref_loss=0.0321, physics_loss=3.1947E-04, it_time=0.00805 s total_time=0.6 min
[Iteration 650] total_loss=0.0224, data_loss=0.0217, ref_loss=0.0297, physics_loss=3.3540E-04, it_time=0.01041 s total_time=0.6 min
[Iteration 660] total_loss=0.0220, data_loss=0.0212, ref_loss=0.0306, physics_loss=3.3545E-04, it_time=0.00805 s total_time=0.7 min
[Iteration 670] total_loss=0.0247, data_loss=0.0238, ref_loss=0.0334, physics_loss=4.7043E-04, it_time=0.00804 s total_time=0.7 min
[Iteration 680] total_loss=0.0223, data_loss=0.0215, ref_loss=0.0325, physics_loss=3.6928E-04, it_time=0.00852 s total_time=0.7 min
[Iteration 690] total_loss=0.0209, data_loss=0.0202, ref_loss=0.0307, physics_loss=3.3510E-04, it_time=0.00859 s total_time=0.7 min
[Iteration 700] total_loss=0.0263, data_loss=0.0254, ref_loss=0.0423, physics_loss=4.3746E-04, it_time=0.00807 s total_time=0.7 min
[Iteration 710] total_loss=0.0223, data_loss=0.0215, ref_loss=0.0346, physics_loss=3.5931E-04, it_time=0.00807 s total_time=0.7 min
[Iteration 720] total_loss=0.0206, data_loss=0.0198, ref_loss=0.0287, physics_loss=2.9940E-04, it_time=0.00806 s total_time=0.7 min
[Iteration 730] total_loss=0.0211, data_loss=0.0204, ref_loss=0.0283, physics_loss=2.9409E-04, it_time=0.00805 s total_time=0.7 min
[Iteration 740] total_loss=0.0196, data_loss=0.0189, ref_loss=0.0295, physics_loss=3.0562E-04, it_time=0.00806 s total_time=0.7 min
[Iteration 750] total_loss=0.0204, data_loss=0.0198, ref_loss=0.0280, physics_loss=2.6604E-04, it_time=0.00857 s total_time=0.7 min
Total avg
Relative error [Fluid] 21.2
Relative error [Bound] 40.1
Relative error [Core] 13.6
Absolute error [Fluid] 0.1445
Absolute error [Bound] 0.2291
Absolute error [Core] 0.1109
Absolute error [Non-F] 0.0000
R.M.S.   error [Fluid] 0.1902
R.M.S.   error [Bound] 0.2856
R.M.S.   error [Core] 0.1346
R.M.S.   error [Non-F] 0.0000
[Iteration 760] total_loss=0.0198, data_loss=0.0191, ref_loss=0.0313, physics_loss=3.0446E-04, it_time=0.00862 s total_time=0.8 min
[Iteration 770] total_loss=0.0198, data_loss=0.0190, ref_loss=0.0316, physics_loss=3.0713E-04, it_time=0.00865 s total_time=0.8 min
[Iteration 780] total_loss=0.0219, data_loss=0.0212, ref_loss=0.0249, physics_loss=3.2855E-04, it_time=0.0086 s total_time=0.8 min
[Iteration 790] total_loss=0.0184, data_loss=0.0177, ref_loss=0.0265, physics_loss=2.6753E-04, it_time=0.00806 s total_time=0.8 min
[Iteration 800] total_loss=0.0180, data_loss=0.0173, ref_loss=0.0280, physics_loss=2.8227E-04, it_time=0.00804 s total_time=0.8 min
[Iteration 810] total_loss=0.0222, data_loss=0.0215, ref_loss=0.0286, physics_loss=3.6148E-04, it_time=0.0117 s total_time=0.8 min
[Iteration 820] total_loss=0.0196, data_loss=0.0189, ref_loss=0.0258, physics_loss=3.1337E-04, it_time=0.00804 s total_time=0.8 min
[Iteration 830] total_loss=0.0179, data_loss=0.0172, ref_loss=0.0277, physics_loss=2.5951E-04, it_time=0.00806 s total_time=0.8 min
[Iteration 840] total_loss=0.0196, data_loss=0.0188, ref_loss=0.0340, physics_loss=3.4399E-04, it_time=0.00804 s total_time=0.8 min
[Iteration 850] total_loss=0.0189, data_loss=0.0183, ref_loss=0.0249, physics_loss=2.4678E-04, it_time=0.01045 s total_time=0.8 min
[Iteration 860] total_loss=0.0173, data_loss=0.0166, ref_loss=0.0246, physics_loss=2.6406E-04, it_time=0.00808 s total_time=0.9 min
[Iteration 870] total_loss=0.0187, data_loss=0.0180, ref_loss=0.0297, physics_loss=2.9435E-04, it_time=0.00857 s total_time=0.9 min
[Iteration 880] total_loss=0.0180, data_loss=0.0174, ref_loss=0.0253, physics_loss=2.3800E-04, it_time=0.01103 s total_time=0.9 min
[Iteration 890] total_loss=0.0165, data_loss=0.0158, ref_loss=0.0251, physics_loss=2.5385E-04, it_time=0.00962 s total_time=0.9 min
[Iteration 900] total_loss=0.0175, data_loss=0.0168, ref_loss=0.0272, physics_loss=2.9781E-04, it_time=0.0081 s total_time=0.9 min
[Iteration 910] total_loss=0.0180, data_loss=0.0173, ref_loss=0.0289, physics_loss=2.8538E-04, it_time=0.00812 s total_time=0.9 min
[Iteration 920] total_loss=0.0178, data_loss=0.0172, ref_loss=0.0251, physics_loss=2.3633E-04, it_time=0.00858 s total_time=0.9 min
[Iteration 930] total_loss=0.0163, data_loss=0.0156, ref_loss=0.0255, physics_loss=2.6354E-04, it_time=0.0087 s total_time=0.9 min
[Iteration 940] total_loss=0.0166, data_loss=0.0160, ref_loss=0.0226, physics_loss=2.4906E-04, it_time=0.00805 s total_time=0.9 min
[Iteration 950] total_loss=0.0189, data_loss=0.0183, ref_loss=0.0271, physics_loss=2.3476E-04, it_time=0.00804 s total_time=0.9 min
[Iteration 960] total_loss=0.0161, data_loss=0.0154, ref_loss=0.0231, physics_loss=2.4176E-04, it_time=0.00858 s total_time=0.9 min
[Iteration 970] total_loss=0.0176, data_loss=0.0169, ref_loss=0.0218, physics_loss=2.6006E-04, it_time=0.00804 s total_time=0.9 min
[Iteration 980] total_loss=0.0169, data_loss=0.0163, ref_loss=0.0224, physics_loss=2.7797E-04, it_time=0.00806 s total_time=1.0 min
[Iteration 990] total_loss=0.0155, data_loss=0.0149, ref_loss=0.0238, physics_loss=2.4254E-04, it_time=0.00806 s total_time=1.0 min
[Iteration 1000] total_loss=0.0166, data_loss=0.0159, ref_loss=0.0286, physics_loss=2.6154E-04, it_time=0.01049 s total_time=1.0 min
Total avg
Relative error [Fluid] 20.4
Relative error [Bound] 40.1
Relative error [Core] 12.6
Absolute error [Fluid] 0.1467
Absolute error [Bound] 0.2348
Absolute error [Core] 0.1116
Absolute error [Non-F] 0.0000
R.M.S.   error [Fluid] 0.1917
R.M.S.   error [Bound] 0.2819
R.M.S.   error [Core] 0.1405
R.M.S.   error [Non-F] 0.0000
Checkpoint saved to ../models/250202_Aomodel_n2_4dsim/FFN_1t_4dsim_20250213-1047/checkpoints/FFN_1t_4dsim_it1000.pth
[Iteration 1010] total_loss=0.0179, data_loss=0.0173, ref_loss=0.0252, physics_loss=2.3016E-04, it_time=0.00806 s total_time=1.0 min
[Iteration 1020] total_loss=0.0156, data_loss=0.0150, ref_loss=0.0248, physics_loss=2.2606E-04, it_time=0.00806 s total_time=1.0 min
[Iteration 1030] total_loss=0.0152, data_loss=0.0145, ref_loss=0.0214, physics_loss=2.3133E-04, it_time=0.00808 s total_time=1.0 min
[Iteration 1040] total_loss=0.0145, data_loss=0.0139, ref_loss=0.0232, physics_loss=2.2387E-04, it_time=0.00803 s total_time=1.0 min
[Iteration 1050] total_loss=0.0142, data_loss=0.0136, ref_loss=0.0236, physics_loss=2.2836E-04, it_time=0.00809 s total_time=1.0 min
[Iteration 1060] total_loss=0.0140, data_loss=0.0133, ref_loss=0.0230, physics_loss=2.2560E-04, it_time=0.00808 s total_time=1.1 min
[Iteration 1070] total_loss=0.0138, data_loss=0.0132, ref_loss=0.0228, physics_loss=2.2658E-04, it_time=0.00829 s total_time=1.1 min
[Iteration 1080] total_loss=0.0137, data_loss=0.0130, ref_loss=0.0228, physics_loss=2.2933E-04, it_time=0.00807 s total_time=1.1 min
[Iteration 1090] total_loss=0.0136, data_loss=0.0130, ref_loss=0.0230, physics_loss=2.3644E-04, it_time=0.00807 s total_time=1.1 min
[Iteration 1100] total_loss=0.0156, data_loss=0.0150, ref_loss=0.0236, physics_loss=2.7468E-04, it_time=0.00806 s total_time=1.1 min
[Iteration 1110] total_loss=0.0150, data_loss=0.0144, ref_loss=0.0242, physics_loss=2.5992E-04, it_time=0.00859 s total_time=1.1 min
[Iteration 1120] total_loss=0.0143, data_loss=0.0137, ref_loss=0.0229, physics_loss=2.0525E-04, it_time=0.00805 s total_time=1.1 min
[Iteration 1130] total_loss=0.0139, data_loss=0.0133, ref_loss=0.0232, physics_loss=2.1545E-04, it_time=0.00821 s total_time=1.1 min
[Iteration 1140] total_loss=0.0134, data_loss=0.0128, ref_loss=0.0227, physics_loss=2.2131E-04, it_time=0.00805 s total_time=1.1 min
[Iteration 1150] total_loss=0.0132, data_loss=0.0126, ref_loss=0.0224, physics_loss=2.1774E-04, it_time=0.00804 s total_time=1.1 min
[Iteration 1160] total_loss=0.0131, data_loss=0.0125, ref_loss=0.0227, physics_loss=2.3454E-04, it_time=0.00804 s total_time=1.1 min
[Iteration 1170] total_loss=0.0130, data_loss=0.0124, ref_loss=0.0225, physics_loss=2.3004E-04, it_time=0.00832 s total_time=1.1 min
[Iteration 1180] total_loss=0.0133, data_loss=0.0127, ref_loss=0.0221, physics_loss=2.2059E-04, it_time=0.00805 s total_time=1.2 min
[Iteration 1190] total_loss=0.0132, data_loss=0.0126, ref_loss=0.0232, physics_loss=2.4824E-04, it_time=0.00987 s total_time=1.2 min
[Iteration 1200] total_loss=0.0140, data_loss=0.0134, ref_loss=0.0218, physics_loss=2.3211E-04, it_time=0.00809 s total_time=1.2 min
[Iteration 1210] total_loss=0.0129, data_loss=0.0123, ref_loss=0.0211, physics_loss=2.1668E-04, it_time=0.00806 s total_time=1.2 min
[Iteration 1220] total_loss=0.0126, data_loss=0.0120, ref_loss=0.0228, physics_loss=2.2195E-04, it_time=0.00806 s total_time=1.2 min
[Iteration 1230] total_loss=0.0136, data_loss=0.0130, ref_loss=0.0235, physics_loss=2.5550E-04, it_time=0.00806 s total_time=1.2 min
[Iteration 1240] total_loss=0.0140, data_loss=0.0134, ref_loss=0.0242, physics_loss=2.2123E-04, it_time=0.00804 s total_time=1.2 min
[Iteration 1250] total_loss=0.0132, data_loss=0.0126, ref_loss=0.0206, physics_loss=2.1868E-04, it_time=0.01103 s total_time=1.2 min
Total avg
Relative error [Fluid] 17.7
Relative error [Bound] 36.9
Relative error [Core] 10.0
Absolute error [Fluid] 0.1163
Absolute error [Bound] 0.2011
Absolute error [Core] 0.0826
Absolute error [Non-F] 0.0000
R.M.S.   error [Fluid] 0.1628
R.M.S.   error [Bound] 0.2537
R.M.S.   error [Core] 0.1070
R.M.S.   error [Non-F] 0.0000
[Iteration 1260] total_loss=0.0130, data_loss=0.0123, ref_loss=0.0241, physics_loss=2.6659E-04, it_time=0.00808 s total_time=1.2 min
[Iteration 1270] total_loss=0.0127, data_loss=0.0121, ref_loss=0.0212, physics_loss=2.2593E-04, it_time=0.00877 s total_time=1.3 min
[Iteration 1280] total_loss=0.0125, data_loss=0.0118, ref_loss=0.0235, physics_loss=2.3920E-04, it_time=0.00805 s total_time=1.3 min
[Iteration 1290] total_loss=0.0141, data_loss=0.0134, ref_loss=0.0209, physics_loss=2.5946E-04, it_time=0.00808 s total_time=1.3 min
[Iteration 1300] total_loss=0.0126, data_loss=0.0120, ref_loss=0.0220, physics_loss=2.1583E-04, it_time=0.00805 s total_time=1.3 min
[Iteration 1310] total_loss=0.0120, data_loss=0.0114, ref_loss=0.0221, physics_loss=2.2717E-04, it_time=0.00838 s total_time=1.3 min
[Iteration 1320] total_loss=0.0125, data_loss=0.0118, ref_loss=0.0219, physics_loss=2.4227E-04, it_time=0.00806 s total_time=1.3 min
[Iteration 1330] total_loss=0.0121, data_loss=0.0115, ref_loss=0.0242, physics_loss=2.2845E-04, it_time=0.00857 s total_time=1.3 min
[Iteration 1340] total_loss=0.0131, data_loss=0.0125, ref_loss=0.0251, physics_loss=2.1897E-04, it_time=0.00807 s total_time=1.3 min
[Iteration 1350] total_loss=0.0121, data_loss=0.0115, ref_loss=0.0220, physics_loss=2.2791E-04, it_time=0.00806 s total_time=1.3 min
[Iteration 1360] total_loss=0.0119, data_loss=0.0113, ref_loss=0.0216, physics_loss=2.0571E-04, it_time=0.0105 s total_time=1.3 min
[Iteration 1370] total_loss=0.0135, data_loss=0.0129, ref_loss=0.0240, physics_loss=2.6785E-04, it_time=0.00808 s total_time=1.3 min
[Iteration 1380] total_loss=0.0125, data_loss=0.0119, ref_loss=0.0211, physics_loss=2.2070E-04, it_time=0.00862 s total_time=1.4 min
[Iteration 1390] total_loss=0.0118, data_loss=0.0112, ref_loss=0.0212, physics_loss=2.2907E-04, it_time=0.00818 s total_time=1.4 min
[Iteration 1400] total_loss=0.0120, data_loss=0.0114, ref_loss=0.0206, physics_loss=2.3596E-04, it_time=0.00809 s total_time=1.4 min
[Iteration 1410] total_loss=0.0117, data_loss=0.0110, ref_loss=0.0224, physics_loss=2.3769E-04, it_time=0.00809 s total_time=1.4 min
[Iteration 1420] total_loss=0.0132, data_loss=0.0125, ref_loss=0.0199, physics_loss=2.6693E-04, it_time=0.00808 s total_time=1.4 min
[Iteration 1430] total_loss=0.0117, data_loss=0.0111, ref_loss=0.0251, physics_loss=2.3000E-04, it_time=0.00805 s total_time=1.4 min
[Iteration 1440] total_loss=0.0114, data_loss=0.0108, ref_loss=0.0231, physics_loss=2.2136E-04, it_time=0.00806 s total_time=1.4 min
[Iteration 1450] total_loss=0.0132, data_loss=0.0126, ref_loss=0.0247, physics_loss=2.1908E-04, it_time=0.00806 s total_time=1.4 min
[Iteration 1460] total_loss=0.0124, data_loss=0.0118, ref_loss=0.0266, physics_loss=2.4782E-04, it_time=0.00809 s total_time=1.4 min
[Iteration 1470] total_loss=0.0119, data_loss=0.0113, ref_loss=0.0229, physics_loss=2.1910E-04, it_time=0.00989 s total_time=1.4 min
[Iteration 1480] total_loss=0.0114, data_loss=0.0107, ref_loss=0.0245, physics_loss=2.4537E-04, it_time=0.00807 s total_time=1.4 min
[Iteration 1490] total_loss=0.0120, data_loss=0.0114, ref_loss=0.0257, physics_loss=2.1972E-04, it_time=0.0081 s total_time=1.4 min
[Iteration 1500] total_loss=0.0111, data_loss=0.0104, ref_loss=0.0239, physics_loss=2.3291E-04, it_time=0.0081 s total_time=1.5 min
Total avg
Relative error [Fluid] 18.4
Relative error [Bound] 38.0
Relative error [Core] 10.5
Absolute error [Fluid] 0.1262
Absolute error [Bound] 0.2147
Absolute error [Core] 0.0910
Absolute error [Non-F] 0.0000
R.M.S.   error [Fluid] 0.1757
R.M.S.   error [Bound] 0.2716
R.M.S.   error [Core] 0.1176
R.M.S.   error [Non-F] 0.0000
Checkpoint saved to ../models/250202_Aomodel_n2_4dsim/FFN_1t_4dsim_20250213-1047/checkpoints/FFN_1t_4dsim_it1500.pth
[Iteration 1510] total_loss=0.0117, data_loss=0.0111, ref_loss=0.0208, physics_loss=2.1727E-04, it_time=0.00806 s total_time=1.5 min
[Iteration 1520] total_loss=0.0109, data_loss=0.0103, ref_loss=0.0246, physics_loss=2.2121E-04, it_time=0.00805 s total_time=1.5 min
[Iteration 1530] total_loss=0.0109, data_loss=0.0103, ref_loss=0.0227, physics_loss=2.1130E-04, it_time=0.00807 s total_time=1.5 min
[Iteration 1540] total_loss=0.0107, data_loss=0.0101, ref_loss=0.0220, physics_loss=2.1056E-04, it_time=0.00814 s total_time=1.5 min
[Iteration 1550] total_loss=0.0114, data_loss=0.0109, ref_loss=0.0270, physics_loss=2.2390E-04, it_time=0.00856 s total_time=1.5 min
[Iteration 1560] total_loss=0.0107, data_loss=0.0101, ref_loss=0.0200, physics_loss=2.1035E-04, it_time=0.00859 s total_time=1.5 min
[Iteration 1570] total_loss=0.0112, data_loss=0.0107, ref_loss=0.0240, physics_loss=2.0004E-04, it_time=0.00809 s total_time=1.5 min
[Iteration 1580] total_loss=0.0103, data_loss=0.0097, ref_loss=0.0216, physics_loss=2.1365E-04, it_time=0.00808 s total_time=1.6 min
[Iteration 1590] total_loss=0.0112, data_loss=0.0106, ref_loss=0.0257, physics_loss=2.3507E-04, it_time=0.0086 s total_time=1.6 min
[Iteration 1600] total_loss=0.0106, data_loss=0.0100, ref_loss=0.0241, physics_loss=2.2749E-04, it_time=0.00817 s total_time=1.6 min
[Iteration 1610] total_loss=0.0101, data_loss=0.0095, ref_loss=0.0214, physics_loss=2.0253E-04, it_time=0.00862 s total_time=1.6 min
[Iteration 1620] total_loss=0.0117, data_loss=0.0111, ref_loss=0.0182, physics_loss=2.1297E-04, it_time=0.00861 s total_time=1.6 min
[Iteration 1630] total_loss=0.0107, data_loss=0.0100, ref_loss=0.0230, physics_loss=2.4280E-04, it_time=0.00825 s total_time=1.6 min
[Iteration 1640] total_loss=0.0102, data_loss=0.0096, ref_loss=0.0223, physics_loss=2.2775E-04, it_time=0.00808 s total_time=1.6 min
[Iteration 1650] total_loss=0.0113, data_loss=0.0106, ref_loss=0.0217, physics_loss=2.2936E-04, it_time=0.00806 s total_time=1.6 min
[Iteration 1660] total_loss=0.0113, data_loss=0.0107, ref_loss=0.0254, physics_loss=2.4213E-04, it_time=0.00805 s total_time=1.6 min
[Iteration 1670] total_loss=0.0106, data_loss=0.0100, ref_loss=0.0212, physics_loss=2.0244E-04, it_time=0.00807 s total_time=1.6 min
[Iteration 1680] total_loss=0.0105, data_loss=0.0099, ref_loss=0.0256, physics_loss=2.2576E-04, it_time=0.00857 s total_time=1.6 min
[Iteration 1690] total_loss=0.0107, data_loss=0.0101, ref_loss=0.0227, physics_loss=1.9654E-04, it_time=0.00856 s total_time=1.6 min
[Iteration 1700] total_loss=0.0109, data_loss=0.0102, ref_loss=0.0207, physics_loss=2.2174E-04, it_time=0.00807 s total_time=1.7 min
[Iteration 1710] total_loss=0.0105, data_loss=0.0099, ref_loss=0.0243, physics_loss=2.0399E-04, it_time=0.00864 s total_time=1.7 min
[Iteration 1720] total_loss=0.0099, data_loss=0.0093, ref_loss=0.0245, physics_loss=2.3249E-04, it_time=0.00807 s total_time=1.7 min
[Iteration 1730] total_loss=0.0116, data_loss=0.0110, ref_loss=0.0244, physics_loss=2.4043E-04, it_time=0.00923 s total_time=1.7 min
[Iteration 1740] total_loss=0.0102, data_loss=0.0096, ref_loss=0.0248, physics_loss=2.4260E-04, it_time=0.0086 s total_time=1.7 min
[Iteration 1750] total_loss=0.0102, data_loss=0.0095, ref_loss=0.0251, physics_loss=2.4027E-04, it_time=0.00805 s total_time=1.7 min
Total avg
Relative error [Fluid] 18.5
Relative error [Bound] 38.3
Relative error [Core] 10.6
Absolute error [Fluid] 0.1292
Absolute error [Bound] 0.2204
Absolute error [Core] 0.0929
Absolute error [Non-F] 0.0000
R.M.S.   error [Fluid] 0.1804
R.M.S.   error [Bound] 0.2805
R.M.S.   error [Core] 0.1191
R.M.S.   error [Non-F] 0.0000
[Iteration 1760] total_loss=0.0112, data_loss=0.0106, ref_loss=0.0249, physics_loss=2.2682E-04, it_time=0.00864 s total_time=1.7 min
[Iteration 1770] total_loss=0.0095, data_loss=0.0090, ref_loss=0.0238, physics_loss=1.9682E-04, it_time=0.00806 s total_time=1.7 min
[Iteration 1780] total_loss=0.0105, data_loss=0.0099, ref_loss=0.0205, physics_loss=2.0570E-04, it_time=0.00807 s total_time=1.7 min
[Iteration 1790] total_loss=0.0096, data_loss=0.0091, ref_loss=0.0219, physics_loss=1.8131E-04, it_time=0.01115 s total_time=1.8 min
[Iteration 1800] total_loss=0.0104, data_loss=0.0098, ref_loss=0.0268, physics_loss=2.5342E-04, it_time=0.00806 s total_time=1.8 min
[Iteration 1810] total_loss=0.0103, data_loss=0.0097, ref_loss=0.0193, physics_loss=1.9582E-04, it_time=0.00806 s total_time=1.8 min
[Iteration 1820] total_loss=0.0102, data_loss=0.0096, ref_loss=0.0256, physics_loss=2.5248E-04, it_time=0.00867 s total_time=1.8 min
[Iteration 1830] total_loss=0.0121, data_loss=0.0114, ref_loss=0.0262, physics_loss=2.7103E-04, it_time=0.00806 s total_time=1.8 min
[Iteration 1840] total_loss=0.0103, data_loss=0.0097, ref_loss=0.0248, physics_loss=2.3797E-04, it_time=0.00858 s total_time=1.8 min
[Iteration 1850] total_loss=0.0094, data_loss=0.0088, ref_loss=0.0209, physics_loss=1.8035E-04, it_time=0.00805 s total_time=1.8 min
[Iteration 1860] total_loss=0.0097, data_loss=0.0091, ref_loss=0.0218, physics_loss=1.9823E-04, it_time=0.00803 s total_time=1.8 min
[Iteration 1870] total_loss=0.0103, data_loss=0.0097, ref_loss=0.0188, physics_loss=1.8177E-04, it_time=0.00859 s total_time=1.8 min
[Iteration 1880] total_loss=0.0092, data_loss=0.0086, ref_loss=0.0245, physics_loss=2.0648E-04, it_time=0.00863 s total_time=1.8 min
[Iteration 1890] total_loss=0.0106, data_loss=0.0100, ref_loss=0.0264, physics_loss=2.0619E-04, it_time=0.00808 s total_time=1.8 min
[Iteration 1900] total_loss=0.0088, data_loss=0.0083, ref_loss=0.0209, physics_loss=1.9147E-04, it_time=0.00809 s total_time=1.9 min
[Iteration 1910] total_loss=0.0087, data_loss=0.0082, ref_loss=0.0225, physics_loss=1.8196E-04, it_time=0.00805 s total_time=1.9 min
[Iteration 1920] total_loss=0.0093, data_loss=0.0087, ref_loss=0.0248, physics_loss=1.9465E-04, it_time=0.00807 s total_time=1.9 min
[Iteration 1930] total_loss=0.0121, data_loss=0.0114, ref_loss=0.0206, physics_loss=2.5005E-04, it_time=0.00805 s total_time=1.9 min
[Iteration 1940] total_loss=0.0137, data_loss=0.0131, ref_loss=0.0264, physics_loss=2.5876E-04, it_time=0.00806 s total_time=1.9 min
[Iteration 1950] total_loss=0.0099, data_loss=0.0092, ref_loss=0.0242, physics_loss=2.4678E-04, it_time=0.00805 s total_time=1.9 min
[Iteration 1960] total_loss=0.0090, data_loss=0.0084, ref_loss=0.0229, physics_loss=2.0588E-04, it_time=0.00805 s total_time=1.9 min
[Iteration 1970] total_loss=0.0084, data_loss=0.0078, ref_loss=0.0239, physics_loss=1.8870E-04, it_time=0.00804 s total_time=1.9 min
[Iteration 1980] total_loss=0.0082, data_loss=0.0077, ref_loss=0.0220, physics_loss=1.7918E-04, it_time=0.00805 s total_time=1.9 min
[Iteration 1990] total_loss=0.0093, data_loss=0.0088, ref_loss=0.0200, physics_loss=1.7812E-04, it_time=0.00806 s total_time=1.9 min
[Iteration 2000] total_loss=0.0093, data_loss=0.0087, ref_loss=0.0247, physics_loss=2.0895E-04, it_time=0.00864 s total_time=1.9 min
Total avg
Relative error [Fluid] 17.9
Relative error [Bound] 38.0
Relative error [Core] 9.9
Absolute error [Fluid] 0.1240
Absolute error [Bound] 0.2188
Absolute error [Core] 0.0863
Absolute error [Non-F] 0.0000
R.M.S.   error [Fluid] 0.1792
R.M.S.   error [Bound] 0.2851
R.M.S.   error [Core] 0.1121
R.M.S.   error [Non-F] 0.0000
Checkpoint saved to ../models/250202_Aomodel_n2_4dsim/FFN_1t_4dsim_20250213-1047/checkpoints/FFN_1t_4dsim_it2000.pth
[Iteration 2010] total_loss=0.0083, data_loss=0.0077, ref_loss=0.0219, physics_loss=1.7257E-04, it_time=0.00855 s total_time=2.0 min
[Iteration 2020] total_loss=0.0077, data_loss=0.0071, ref_loss=0.0213, physics_loss=1.7838E-04, it_time=0.00806 s total_time=2.0 min
[Iteration 2030] total_loss=0.0081, data_loss=0.0075, ref_loss=0.0242, physics_loss=2.0109E-04, it_time=0.00804 s total_time=2.0 min
[Iteration 2040] total_loss=0.0090, data_loss=0.0084, ref_loss=0.0232, physics_loss=2.1511E-04, it_time=0.00806 s total_time=2.0 min
[Iteration 2050] total_loss=0.0080, data_loss=0.0074, ref_loss=0.0222, physics_loss=1.8971E-04, it_time=0.00805 s total_time=2.0 min
[Iteration 2060] total_loss=0.0078, data_loss=0.0073, ref_loss=0.0226, physics_loss=1.7264E-04, it_time=0.00805 s total_time=2.0 min
[Iteration 2070] total_loss=0.0076, data_loss=0.0071, ref_loss=0.0230, physics_loss=1.8046E-04, it_time=0.00806 s total_time=2.0 min
[Iteration 2080] total_loss=0.0075, data_loss=0.0070, ref_loss=0.0219, physics_loss=1.7646E-04, it_time=0.00805 s total_time=2.0 min
[Iteration 2090] total_loss=0.0074, data_loss=0.0068, ref_loss=0.0224, physics_loss=1.8112E-04, it_time=0.00806 s total_time=2.0 min
[Iteration 2100] total_loss=0.0073, data_loss=0.0067, ref_loss=0.0225, physics_loss=1.7702E-04, it_time=0.00808 s total_time=2.0 min
[Iteration 2110] total_loss=0.0072, data_loss=0.0066, ref_loss=0.0226, physics_loss=1.8333E-04, it_time=0.00807 s total_time=2.1 min
[Iteration 2120] total_loss=0.0071, data_loss=0.0066, ref_loss=0.0225, physics_loss=1.8166E-04, it_time=0.00807 s total_time=2.1 min
[Iteration 2130] total_loss=0.0072, data_loss=0.0067, ref_loss=0.0226, physics_loss=1.8077E-04, it_time=0.00858 s total_time=2.1 min
[Iteration 2140] total_loss=0.0070, data_loss=0.0065, ref_loss=0.0226, physics_loss=1.8337E-04, it_time=0.00807 s total_time=2.1 min
[Iteration 2150] total_loss=0.0072, data_loss=0.0066, ref_loss=0.0225, physics_loss=1.8994E-04, it_time=0.00808 s total_time=2.1 min
[Iteration 2160] total_loss=0.0070, data_loss=0.0064, ref_loss=0.0229, physics_loss=1.8139E-04, it_time=0.00808 s total_time=2.1 min
[Iteration 2170] total_loss=0.0071, data_loss=0.0066, ref_loss=0.0220, physics_loss=1.8093E-04, it_time=0.00807 s total_time=2.1 min
[Iteration 2180] total_loss=0.0073, data_loss=0.0067, ref_loss=0.0233, physics_loss=1.9857E-04, it_time=0.00804 s total_time=2.1 min
[Iteration 2190] total_loss=0.0071, data_loss=0.0065, ref_loss=0.0220, physics_loss=1.7754E-04, it_time=0.00805 s total_time=2.1 min
[Iteration 2200] total_loss=0.0079, data_loss=0.0074, ref_loss=0.0224, physics_loss=1.8312E-04, it_time=0.01046 s total_time=2.1 min
[Iteration 2210] total_loss=0.0082, data_loss=0.0076, ref_loss=0.0225, physics_loss=2.0586E-04, it_time=0.00804 s total_time=2.1 min
[Iteration 2220] total_loss=0.0087, data_loss=0.0081, ref_loss=0.0217, physics_loss=2.4234E-04, it_time=0.00806 s total_time=2.2 min
[Iteration 2230] total_loss=0.0097, data_loss=0.0091, ref_loss=0.0229, physics_loss=2.3301E-04, it_time=0.00806 s total_time=2.2 min
[Iteration 2240] total_loss=0.0080, data_loss=0.0074, ref_loss=0.0250, physics_loss=2.3349E-04, it_time=0.00805 s total_time=2.2 min
[Iteration 2250] total_loss=0.0073, data_loss=0.0067, ref_loss=0.0234, physics_loss=1.9882E-04, it_time=0.00806 s total_time=2.2 min
Total avg
Relative error [Fluid] 17.2
Relative error [Bound] 37.2
Relative error [Core] 9.2
Absolute error [Fluid] 0.1169
Absolute error [Bound] 0.2117
Absolute error [Core] 0.0791
Absolute error [Non-F] 0.0000
R.M.S.   error [Fluid] 0.1745
R.M.S.   error [Bound] 0.2812
R.M.S.   error [Core] 0.1053
R.M.S.   error [Non-F] 0.0000
[Iteration 2260] total_loss=0.0077, data_loss=0.0071, ref_loss=0.0209, physics_loss=1.8294E-04, it_time=0.00804 s total_time=2.2 min
[Iteration 2270] total_loss=0.0071, data_loss=0.0066, ref_loss=0.0247, physics_loss=1.7130E-04, it_time=0.00804 s total_time=2.2 min
[Iteration 2280] total_loss=0.0080, data_loss=0.0074, ref_loss=0.0241, physics_loss=2.0109E-04, it_time=0.00807 s total_time=2.2 min
[Iteration 2290] total_loss=0.0101, data_loss=0.0093, ref_loss=0.0267, physics_loss=3.6408E-04, it_time=0.00805 s total_time=2.2 min
[Iteration 2300] total_loss=0.0081, data_loss=0.0075, ref_loss=0.0246, physics_loss=2.2430E-04, it_time=0.00807 s total_time=2.2 min
[Iteration 2310] total_loss=0.0075, data_loss=0.0069, ref_loss=0.0225, physics_loss=2.0786E-04, it_time=0.00806 s total_time=2.3 min
[Iteration 2320] total_loss=0.0070, data_loss=0.0064, ref_loss=0.0225, physics_loss=1.7800E-04, it_time=0.00808 s total_time=2.3 min
[Iteration 2330] total_loss=0.0070, data_loss=0.0064, ref_loss=0.0226, physics_loss=1.7414E-04, it_time=0.00804 s total_time=2.3 min
[Iteration 2340] total_loss=0.0070, data_loss=0.0064, ref_loss=0.0212, physics_loss=1.6525E-04, it_time=0.00804 s total_time=2.3 min
[Iteration 2350] total_loss=0.0067, data_loss=0.0062, ref_loss=0.0218, physics_loss=1.6087E-04, it_time=0.00805 s total_time=2.3 min
[Iteration 2360] total_loss=0.0065, data_loss=0.0060, ref_loss=0.0239, physics_loss=1.7168E-04, it_time=0.01044 s total_time=2.3 min
[Iteration 2370] total_loss=0.0072, data_loss=0.0066, ref_loss=0.0254, physics_loss=1.8069E-04, it_time=0.00807 s total_time=2.3 min
[Iteration 2380] total_loss=0.0070, data_loss=0.0064, ref_loss=0.0247, physics_loss=1.9015E-04, it_time=0.00808 s total_time=2.3 min
[Iteration 2390] total_loss=0.0075, data_loss=0.0069, ref_loss=0.0223, physics_loss=1.9506E-04, it_time=0.00805 s total_time=2.3 min
[Iteration 2400] total_loss=0.0075, data_loss=0.0070, ref_loss=0.0240, physics_loss=2.0613E-04, it_time=0.00851 s total_time=2.3 min
[Iteration 2410] total_loss=0.0078, data_loss=0.0072, ref_loss=0.0233, physics_loss=2.0072E-04, it_time=0.00848 s total_time=2.3 min
[Iteration 2420] total_loss=0.0072, data_loss=0.0067, ref_loss=0.0239, physics_loss=1.8844E-04, it_time=0.00807 s total_time=2.3 min
[Iteration 2430] total_loss=0.0074, data_loss=0.0069, ref_loss=0.0257, physics_loss=1.7168E-04, it_time=0.00807 s total_time=2.4 min
[Iteration 2440] total_loss=0.0071, data_loss=0.0066, ref_loss=0.0220, physics_loss=1.7694E-04, it_time=0.00806 s total_time=2.4 min
[Iteration 2450] total_loss=0.0076, data_loss=0.0071, ref_loss=0.0240, physics_loss=1.7663E-04, it_time=0.00805 s total_time=2.4 min
[Iteration 2460] total_loss=0.0082, data_loss=0.0076, ref_loss=0.0220, physics_loss=2.1578E-04, it_time=0.00806 s total_time=2.4 min
[Iteration 2470] total_loss=0.0074, data_loss=0.0068, ref_loss=0.0221, physics_loss=1.9697E-04, it_time=0.00808 s total_time=2.4 min
[Iteration 2480] total_loss=0.0074, data_loss=0.0068, ref_loss=0.0217, physics_loss=1.7266E-04, it_time=0.00811 s total_time=2.4 min
[Iteration 2490] total_loss=0.0070, data_loss=0.0064, ref_loss=0.0263, physics_loss=1.7504E-04, it_time=0.00818 s total_time=2.4 min
[Iteration 2500] total_loss=0.0077, data_loss=0.0071, ref_loss=0.0199, physics_loss=1.7092E-04, it_time=0.0086 s total_time=2.4 min
Total avg
Relative error [Fluid] 16.3
Relative error [Bound] 35.9
Relative error [Core] 8.5
Absolute error [Fluid] 0.1076
Absolute error [Bound] 0.1963
Absolute error [Core] 0.0723
Absolute error [Non-F] 0.0000
R.M.S.   error [Fluid] 0.1604
R.M.S.   error [Bound] 0.2594
R.M.S.   error [Core] 0.0960
R.M.S.   error [Non-F] 0.0000
Checkpoint saved to ../models/250202_Aomodel_n2_4dsim/FFN_1t_4dsim_20250213-1047/checkpoints/FFN_1t_4dsim_it2500.pth
[Iteration 2510] total_loss=0.0069, data_loss=0.0064, ref_loss=0.0212, physics_loss=1.5789E-04, it_time=0.00808 s total_time=2.4 min
[Iteration 2520] total_loss=0.0071, data_loss=0.0066, ref_loss=0.0220, physics_loss=1.8851E-04, it_time=0.00848 s total_time=2.5 min
[Iteration 2530] total_loss=0.0066, data_loss=0.0060, ref_loss=0.0238, physics_loss=1.7282E-04, it_time=0.00811 s total_time=2.5 min
[Iteration 2540] total_loss=0.0073, data_loss=0.0067, ref_loss=0.0241, physics_loss=2.0546E-04, it_time=0.00808 s total_time=2.5 min
[Iteration 2550] total_loss=0.0069, data_loss=0.0063, ref_loss=0.0261, physics_loss=1.7137E-04, it_time=0.00807 s total_time=2.5 min
[Iteration 2560] total_loss=0.0068, data_loss=0.0063, ref_loss=0.0218, physics_loss=1.6746E-04, it_time=0.01052 s total_time=2.5 min
[Iteration 2570] total_loss=0.0067, data_loss=0.0062, ref_loss=0.0222, physics_loss=1.5488E-04, it_time=0.00806 s total_time=2.5 min
[Iteration 2580] total_loss=0.0063, data_loss=0.0057, ref_loss=0.0233, physics_loss=1.7296E-04, it_time=0.00807 s total_time=2.5 min
[Iteration 2590] total_loss=0.0071, data_loss=0.0065, ref_loss=0.0231, physics_loss=1.7159E-04, it_time=0.00805 s total_time=2.5 min
[Iteration 2600] total_loss=0.0084, data_loss=0.0079, ref_loss=0.0245, physics_loss=1.6701E-04, it_time=0.00807 s total_time=2.5 min
[Iteration 2610] total_loss=0.0070, data_loss=0.0064, ref_loss=0.0225, physics_loss=1.9072E-04, it_time=0.00806 s total_time=2.5 min
[Iteration 2620] total_loss=0.0074, data_loss=0.0068, ref_loss=0.0259, physics_loss=1.9222E-04, it_time=0.00806 s total_time=2.5 min
[Iteration 2630] total_loss=0.0066, data_loss=0.0060, ref_loss=0.0227, physics_loss=1.9154E-04, it_time=0.00862 s total_time=2.5 min
[Iteration 2640] total_loss=0.0073, data_loss=0.0067, ref_loss=0.0213, physics_loss=1.6929E-04, it_time=0.00859 s total_time=2.6 min
[Iteration 2650] total_loss=0.0070, data_loss=0.0064, ref_loss=0.0251, physics_loss=2.0629E-04, it_time=0.00805 s total_time=2.6 min
[Iteration 2660] total_loss=0.0071, data_loss=0.0065, ref_loss=0.0217, physics_loss=1.6195E-04, it_time=0.00806 s total_time=2.6 min
[Iteration 2670] total_loss=0.0063, data_loss=0.0057, ref_loss=0.0266, physics_loss=1.6822E-04, it_time=0.00805 s total_time=2.6 min
[Iteration 2680] total_loss=0.0078, data_loss=0.0072, ref_loss=0.0245, physics_loss=2.3822E-04, it_time=0.00806 s total_time=2.6 min
[Iteration 2690] total_loss=0.0064, data_loss=0.0058, ref_loss=0.0244, physics_loss=1.7693E-04, it_time=0.00805 s total_time=2.6 min
[Iteration 2700] total_loss=0.0062, data_loss=0.0057, ref_loss=0.0244, physics_loss=1.5899E-04, it_time=0.00827 s total_time=2.6 min
[Iteration 2710] total_loss=0.0058, data_loss=0.0053, ref_loss=0.0233, physics_loss=1.5670E-04, it_time=0.00806 s total_time=2.6 min
[Iteration 2720] total_loss=0.0070, data_loss=0.0064, ref_loss=0.0223, physics_loss=1.7143E-04, it_time=0.00804 s total_time=2.6 min
[Iteration 2730] total_loss=0.0069, data_loss=0.0063, ref_loss=0.0247, physics_loss=1.7119E-04, it_time=0.00801 s total_time=2.6 min
[Iteration 2740] total_loss=0.0076, data_loss=0.0070, ref_loss=0.0203, physics_loss=1.8741E-04, it_time=0.00856 s total_time=2.6 min
[Iteration 2750] total_loss=0.0095, data_loss=0.0089, ref_loss=0.0262, physics_loss=2.0048E-04, it_time=0.00805 s total_time=2.7 min
Total avg
Relative error [Fluid] 17.9
Relative error [Bound] 38.7
Relative error [Core] 9.7
Absolute error [Fluid] 0.1229
Absolute error [Bound] 0.2267
Absolute error [Core] 0.0816
Absolute error [Non-F] 0.0000
R.M.S.   error [Fluid] 0.1857
R.M.S.   error [Bound] 0.3074
R.M.S.   error [Core] 0.1032
R.M.S.   error [Non-F] 0.0000
[Iteration 2760] total_loss=0.0081, data_loss=0.0075, ref_loss=0.0216, physics_loss=1.7649E-04, it_time=0.00998 s total_time=2.7 min
[Iteration 2770] total_loss=0.0067, data_loss=0.0062, ref_loss=0.0221, physics_loss=1.8925E-04, it_time=0.00805 s total_time=2.7 min
[Iteration 2780] total_loss=0.0062, data_loss=0.0057, ref_loss=0.0225, physics_loss=1.6233E-04, it_time=0.00804 s total_time=2.7 min
[Iteration 2790] total_loss=0.0057, data_loss=0.0052, ref_loss=0.0234, physics_loss=1.5163E-04, it_time=0.0086 s total_time=2.7 min
[Iteration 2800] total_loss=0.0061, data_loss=0.0055, ref_loss=0.0243, physics_loss=1.6668E-04, it_time=0.00806 s total_time=2.7 min
[Iteration 2810] total_loss=0.0060, data_loss=0.0055, ref_loss=0.0256, physics_loss=1.6637E-04, it_time=0.00821 s total_time=2.7 min
[Iteration 2820] total_loss=0.0057, data_loss=0.0052, ref_loss=0.0234, physics_loss=1.5535E-04, it_time=0.0081 s total_time=2.7 min
[Iteration 2830] total_loss=0.0070, data_loss=0.0064, ref_loss=0.0222, physics_loss=1.5749E-04, it_time=0.00806 s total_time=2.7 min
[Iteration 2840] total_loss=0.0067, data_loss=0.0061, ref_loss=0.0249, physics_loss=1.7776E-04, it_time=0.00824 s total_time=2.8 min
[Iteration 2850] total_loss=0.0074, data_loss=0.0068, ref_loss=0.0262, physics_loss=2.0347E-04, it_time=0.00807 s total_time=2.8 min
[Iteration 2860] total_loss=0.0062, data_loss=0.0056, ref_loss=0.0230, physics_loss=1.5898E-04, it_time=0.00806 s total_time=2.8 min
[Iteration 2870] total_loss=0.0061, data_loss=0.0055, ref_loss=0.0276, physics_loss=1.6441E-04, it_time=0.00806 s total_time=2.8 min
[Iteration 2880] total_loss=0.0057, data_loss=0.0051, ref_loss=0.0219, physics_loss=1.5006E-04, it_time=0.00859 s total_time=2.8 min
[Iteration 2890] total_loss=0.0064, data_loss=0.0058, ref_loss=0.0254, physics_loss=1.7002E-04, it_time=0.00856 s total_time=2.8 min
[Iteration 2900] total_loss=0.0067, data_loss=0.0061, ref_loss=0.0265, physics_loss=1.5941E-04, it_time=0.00807 s total_time=2.8 min
[Iteration 2910] total_loss=0.0064, data_loss=0.0059, ref_loss=0.0232, physics_loss=1.6079E-04, it_time=0.00806 s total_time=2.8 min
[Iteration 2920] total_loss=0.0058, data_loss=0.0053, ref_loss=0.0225, physics_loss=1.6513E-04, it_time=0.00808 s total_time=2.8 min
[Iteration 2930] total_loss=0.0058, data_loss=0.0053, ref_loss=0.0257, physics_loss=1.6059E-04, it_time=0.00855 s total_time=2.8 min
[Iteration 2940] total_loss=0.0060, data_loss=0.0055, ref_loss=0.0240, physics_loss=1.5102E-04, it_time=0.00806 s total_time=2.8 min
[Iteration 2950] total_loss=0.0057, data_loss=0.0051, ref_loss=0.0215, physics_loss=1.6147E-04, it_time=0.00859 s total_time=2.8 min
[Iteration 2960] total_loss=0.0058, data_loss=0.0052, ref_loss=0.0263, physics_loss=1.5801E-04, it_time=0.00825 s total_time=2.9 min
[Iteration 2970] total_loss=0.0071, data_loss=0.0065, ref_loss=0.0261, physics_loss=1.9932E-04, it_time=0.00808 s total_time=2.9 min
[Iteration 2980] total_loss=0.0059, data_loss=0.0054, ref_loss=0.0248, physics_loss=1.7922E-04, it_time=0.00806 s total_time=2.9 min
[Iteration 2990] total_loss=0.0061, data_loss=0.0055, ref_loss=0.0241, physics_loss=1.6290E-04, it_time=0.00854 s total_time=2.9 min
[Iteration 3000] total_loss=0.0072, data_loss=0.0066, ref_loss=0.0223, physics_loss=2.1146E-04, it_time=0.008 s total_time=2.9 min
Total avg
Relative error [Fluid] 17.0
Relative error [Bound] 36.7
Relative error [Core] 9.1
Absolute error [Fluid] 0.1130
Absolute error [Bound] 0.2068
Absolute error [Core] 0.0757
Absolute error [Non-F] 0.0000
R.M.S.   error [Fluid] 0.1708
R.M.S.   error [Bound] 0.2809
R.M.S.   error [Core] 0.0968
R.M.S.   error [Non-F] 0.0000
Checkpoint saved to ../models/250202_Aomodel_n2_4dsim/FFN_1t_4dsim_20250213-1047/checkpoints/FFN_1t_4dsim_it3000.pth
[Iteration 3010] total_loss=0.0054, data_loss=0.0049, ref_loss=0.0247, physics_loss=1.6352E-04, it_time=0.00809 s total_time=2.9 min
[Iteration 3020] total_loss=0.0051, data_loss=0.0045, ref_loss=0.0235, physics_loss=1.4997E-04, it_time=0.01156 s total_time=2.9 min
[Iteration 3030] total_loss=0.0049, data_loss=0.0044, ref_loss=0.0245, physics_loss=1.4149E-04, it_time=0.00804 s total_time=2.9 min
[Iteration 3040] total_loss=0.0048, data_loss=0.0043, ref_loss=0.0240, physics_loss=1.4261E-04, it_time=0.00806 s total_time=3.0 min
[Iteration 3050] total_loss=0.0048, data_loss=0.0042, ref_loss=0.0241, physics_loss=1.4115E-04, it_time=0.00857 s total_time=3.0 min
[Iteration 3060] total_loss=0.0047, data_loss=0.0042, ref_loss=0.0241, physics_loss=1.4299E-04, it_time=0.00805 s total_time=3.0 min
[Iteration 3070] total_loss=0.0047, data_loss=0.0042, ref_loss=0.0242, physics_loss=1.4375E-04, it_time=0.00858 s total_time=3.0 min
[Iteration 3080] total_loss=0.0047, data_loss=0.0042, ref_loss=0.0242, physics_loss=1.4435E-04, it_time=0.00807 s total_time=3.0 min
[Iteration 3090] total_loss=0.0046, data_loss=0.0041, ref_loss=0.0243, physics_loss=1.4499E-04, it_time=0.01004 s total_time=3.0 min
[Iteration 3100] total_loss=0.0046, data_loss=0.0041, ref_loss=0.0243, physics_loss=1.4540E-04, it_time=0.00806 s total_time=3.0 min
[Iteration 3110] total_loss=0.0046, data_loss=0.0041, ref_loss=0.0243, physics_loss=1.4575E-04, it_time=0.01105 s total_time=3.0 min
[Iteration 3120] total_loss=0.0046, data_loss=0.0041, ref_loss=0.0243, physics_loss=1.4599E-04, it_time=0.00806 s total_time=3.0 min
[Iteration 3130] total_loss=0.0046, data_loss=0.0040, ref_loss=0.0244, physics_loss=1.4618E-04, it_time=0.00807 s total_time=3.0 min
[Iteration 3140] total_loss=0.0045, data_loss=0.0040, ref_loss=0.0243, physics_loss=1.4610E-04, it_time=0.00858 s total_time=3.0 min
[Iteration 3150] total_loss=0.0047, data_loss=0.0042, ref_loss=0.0233, physics_loss=1.4235E-04, it_time=0.00805 s total_time=3.0 min
[Iteration 3160] total_loss=0.0046, data_loss=0.0041, ref_loss=0.0253, physics_loss=1.4994E-04, it_time=0.00975 s total_time=3.1 min
[Iteration 3170] total_loss=0.0046, data_loss=0.0040, ref_loss=0.0236, physics_loss=1.4211E-04, it_time=0.00806 s total_time=3.1 min
[Iteration 3180] total_loss=0.0046, data_loss=0.0041, ref_loss=0.0255, physics_loss=1.5208E-04, it_time=0.00856 s total_time=3.1 min
[Iteration 3190] total_loss=0.0048, data_loss=0.0043, ref_loss=0.0230, physics_loss=1.4055E-04, it_time=0.00809 s total_time=3.1 min
[Iteration 3200] total_loss=0.0048, data_loss=0.0043, ref_loss=0.0257, physics_loss=1.5389E-04, it_time=0.00806 s total_time=3.1 min
[Iteration 3210] total_loss=0.0048, data_loss=0.0043, ref_loss=0.0234, physics_loss=1.5835E-04, it_time=0.00809 s total_time=3.1 min
[Iteration 3220] total_loss=0.0050, data_loss=0.0044, ref_loss=0.0250, physics_loss=1.6237E-04, it_time=0.01017 s total_time=3.1 min
[Iteration 3230] total_loss=0.0047, data_loss=0.0041, ref_loss=0.0230, physics_loss=1.4932E-04, it_time=0.00806 s total_time=3.1 min
[Iteration 3240] total_loss=0.0046, data_loss=0.0040, ref_loss=0.0252, physics_loss=1.4026E-04, it_time=0.00807 s total_time=3.1 min
[Iteration 3250] total_loss=0.0045, data_loss=0.0039, ref_loss=0.0229, physics_loss=1.4933E-04, it_time=0.00806 s total_time=3.1 min
Total avg
Relative error [Fluid] 16.6
Relative error [Bound] 37.1
Relative error [Core] 8.5
Absolute error [Fluid] 0.1124
Absolute error [Bound] 0.2120
Absolute error [Core] 0.0727
Absolute error [Non-F] 0.0000
R.M.S.   error [Fluid] 0.1730
R.M.S.   error [Bound] 0.2857
R.M.S.   error [Core] 0.0968
R.M.S.   error [Non-F] 0.0000
[Iteration 3260] total_loss=0.0050, data_loss=0.0044, ref_loss=0.0232, physics_loss=1.4650E-04, it_time=0.00805 s total_time=3.2 min
[Iteration 3270] total_loss=0.0048, data_loss=0.0043, ref_loss=0.0258, physics_loss=1.4210E-04, it_time=0.0086 s total_time=3.2 min
[Iteration 3280] total_loss=0.0046, data_loss=0.0041, ref_loss=0.0240, physics_loss=1.5049E-04, it_time=0.00805 s total_time=3.2 min
[Iteration 3290] total_loss=0.0046, data_loss=0.0040, ref_loss=0.0255, physics_loss=1.4792E-04, it_time=0.00805 s total_time=3.2 min
[Iteration 3300] total_loss=0.0053, data_loss=0.0047, ref_loss=0.0254, physics_loss=1.5869E-04, it_time=0.00807 s total_time=3.2 min
[Iteration 3310] total_loss=0.0050, data_loss=0.0045, ref_loss=0.0259, physics_loss=1.6219E-04, it_time=0.00859 s total_time=3.2 min
[Iteration 3320] total_loss=0.0049, data_loss=0.0043, ref_loss=0.0232, physics_loss=1.4616E-04, it_time=0.01052 s total_time=3.2 min
[Iteration 3330] total_loss=0.0066, data_loss=0.0061, ref_loss=0.0236, physics_loss=1.8505E-04, it_time=0.00805 s total_time=3.2 min
[Iteration 3340] total_loss=0.0064, data_loss=0.0058, ref_loss=0.0270, physics_loss=1.6863E-04, it_time=0.0085 s total_time=3.2 min
[Iteration 3350] total_loss=0.0064, data_loss=0.0059, ref_loss=0.0254, physics_loss=1.5812E-04, it_time=0.00855 s total_time=3.2 min
[Iteration 3360] total_loss=0.0053, data_loss=0.0047, ref_loss=0.0262, physics_loss=1.4657E-04, it_time=0.00805 s total_time=3.2 min
[Iteration 3370] total_loss=0.0054, data_loss=0.0049, ref_loss=0.0258, physics_loss=1.6085E-04, it_time=0.00807 s total_time=3.3 min
[Iteration 3380] total_loss=0.0054, data_loss=0.0048, ref_loss=0.0261, physics_loss=1.6865E-04, it_time=0.01046 s total_time=3.3 min
[Iteration 3390] total_loss=0.0052, data_loss=0.0047, ref_loss=0.0261, physics_loss=1.6779E-04, it_time=0.00812 s total_time=3.3 min
[Iteration 3400] total_loss=0.0048, data_loss=0.0042, ref_loss=0.0247, physics_loss=1.4943E-04, it_time=0.00805 s total_time=3.3 min
[Iteration 3410] total_loss=0.0045, data_loss=0.0040, ref_loss=0.0237, physics_loss=1.3210E-04, it_time=0.00805 s total_time=3.3 min
[Iteration 3420] total_loss=0.0043, data_loss=0.0038, ref_loss=0.0256, physics_loss=1.3172E-04, it_time=0.00826 s total_time=3.3 min
[Iteration 3430] total_loss=0.0042, data_loss=0.0037, ref_loss=0.0248, physics_loss=1.3147E-04, it_time=0.00831 s total_time=3.3 min
[Iteration 3440] total_loss=0.0042, data_loss=0.0037, ref_loss=0.0244, physics_loss=1.3807E-04, it_time=0.00808 s total_time=3.3 min
[Iteration 3450] total_loss=0.0042, data_loss=0.0037, ref_loss=0.0256, physics_loss=1.3374E-04, it_time=0.00991 s total_time=3.3 min
[Iteration 3460] total_loss=0.0048, data_loss=0.0042, ref_loss=0.0221, physics_loss=1.3025E-04, it_time=0.00805 s total_time=3.3 min
[Iteration 3470] total_loss=0.0046, data_loss=0.0041, ref_loss=0.0269, physics_loss=1.4528E-04, it_time=0.00804 s total_time=3.3 min
[Iteration 3480] total_loss=0.0042, data_loss=0.0037, ref_loss=0.0239, physics_loss=1.3424E-04, it_time=0.01093 s total_time=3.4 min
[Iteration 3490] total_loss=0.0052, data_loss=0.0047, ref_loss=0.0235, physics_loss=1.4908E-04, it_time=0.00857 s total_time=3.4 min
[Iteration 3500] total_loss=0.0050, data_loss=0.0045, ref_loss=0.0234, physics_loss=1.4755E-04, it_time=0.00809 s total_time=3.4 min
Total avg
Relative error [Fluid] 16.9
Relative error [Bound] 37.6
Relative error [Core] 8.7
Absolute error [Fluid] 0.1131
Absolute error [Bound] 0.2148
Absolute error [Core] 0.0726
Absolute error [Non-F] 0.0000
R.M.S.   error [Fluid] 0.1752
R.M.S.   error [Bound] 0.2922
R.M.S.   error [Core] 0.0946
R.M.S.   error [Non-F] 0.0000
Checkpoint saved to ../models/250202_Aomodel_n2_4dsim/FFN_1t_4dsim_20250213-1047/checkpoints/FFN_1t_4dsim_it3500.pth
[Iteration 3510] total_loss=0.0045, data_loss=0.0040, ref_loss=0.0256, physics_loss=1.3607E-04, it_time=0.00859 s total_time=3.4 min
[Iteration 3520] total_loss=0.0048, data_loss=0.0043, ref_loss=0.0261, physics_loss=1.6146E-04, it_time=0.00859 s total_time=3.4 min
[Iteration 3530] total_loss=0.0044, data_loss=0.0039, ref_loss=0.0229, physics_loss=1.3657E-04, it_time=0.00805 s total_time=3.4 min
[Iteration 3540] total_loss=0.0043, data_loss=0.0038, ref_loss=0.0268, physics_loss=1.3737E-04, it_time=0.00855 s total_time=3.4 min
[Iteration 3550] total_loss=0.0043, data_loss=0.0038, ref_loss=0.0236, physics_loss=1.2555E-04, it_time=0.00832 s total_time=3.4 min
[Iteration 3560] total_loss=0.0050, data_loss=0.0045, ref_loss=0.0280, physics_loss=1.4034E-04, it_time=0.00803 s total_time=3.4 min
[Iteration 3570] total_loss=0.0063, data_loss=0.0058, ref_loss=0.0217, physics_loss=1.8460E-04, it_time=0.00807 s total_time=3.5 min
[Iteration 3580] total_loss=0.0047, data_loss=0.0041, ref_loss=0.0246, physics_loss=1.5644E-04, it_time=0.00859 s total_time=3.5 min
[Iteration 3590] total_loss=0.0058, data_loss=0.0053, ref_loss=0.0244, physics_loss=1.5718E-04, it_time=0.00801 s total_time=3.5 min
[Iteration 3600] total_loss=0.0050, data_loss=0.0045, ref_loss=0.0235, physics_loss=1.5002E-04, it_time=0.00865 s total_time=3.5 min
[Iteration 3610] total_loss=0.0047, data_loss=0.0042, ref_loss=0.0264, physics_loss=1.4653E-04, it_time=0.00857 s total_time=3.5 min
[Iteration 3620] total_loss=0.0047, data_loss=0.0042, ref_loss=0.0233, physics_loss=1.3187E-04, it_time=0.00802 s total_time=3.5 min
[Iteration 3630] total_loss=0.0053, data_loss=0.0048, ref_loss=0.0243, physics_loss=1.4495E-04, it_time=0.01048 s total_time=3.5 min
[Iteration 3640] total_loss=0.0053, data_loss=0.0048, ref_loss=0.0251, physics_loss=1.6580E-04, it_time=0.00806 s total_time=3.5 min
[Iteration 3650] total_loss=0.0051, data_loss=0.0045, ref_loss=0.0256, physics_loss=1.7472E-04, it_time=0.00807 s total_time=3.5 min
[Iteration 3660] total_loss=0.0047, data_loss=0.0042, ref_loss=0.0268, physics_loss=1.5184E-04, it_time=0.01068 s total_time=3.5 min
[Iteration 3670] total_loss=0.0045, data_loss=0.0040, ref_loss=0.0248, physics_loss=1.3329E-04, it_time=0.00809 s total_time=3.5 min
[Iteration 3680] total_loss=0.0045, data_loss=0.0040, ref_loss=0.0241, physics_loss=1.2387E-04, it_time=0.00856 s total_time=3.6 min
[Iteration 3690] total_loss=0.0049, data_loss=0.0044, ref_loss=0.0265, physics_loss=1.2369E-04, it_time=0.00865 s total_time=3.6 min
[Iteration 3700] total_loss=0.0051, data_loss=0.0045, ref_loss=0.0244, physics_loss=1.5195E-04, it_time=0.01046 s total_time=3.6 min
[Iteration 3710] total_loss=0.0044, data_loss=0.0039, ref_loss=0.0251, physics_loss=1.3107E-04, it_time=0.0083 s total_time=3.6 min
[Iteration 3720] total_loss=0.0041, data_loss=0.0036, ref_loss=0.0263, physics_loss=1.3027E-04, it_time=0.00805 s total_time=3.6 min
[Iteration 3730] total_loss=0.0053, data_loss=0.0048, ref_loss=0.0225, physics_loss=1.2483E-04, it_time=0.00861 s total_time=3.6 min
[Iteration 3740] total_loss=0.0051, data_loss=0.0045, ref_loss=0.0248, physics_loss=1.7022E-04, it_time=0.00867 s total_time=3.6 min
[Iteration 3750] total_loss=0.0046, data_loss=0.0041, ref_loss=0.0254, physics_loss=1.3964E-04, it_time=0.00808 s total_time=3.6 min
Total avg
Relative error [Fluid] 17.1
Relative error [Bound] 37.8
Relative error [Core] 8.9
Absolute error [Fluid] 0.1187
Absolute error [Bound] 0.2219
Absolute error [Core] 0.0776
Absolute error [Non-F] 0.0000
R.M.S.   error [Fluid] 0.1827
R.M.S.   error [Bound] 0.3019
R.M.S.   error [Core] 0.1020
R.M.S.   error [Non-F] 0.0000
[Iteration 3760] total_loss=0.0043, data_loss=0.0038, ref_loss=0.0241, physics_loss=1.2823E-04, it_time=0.00806 s total_time=3.6 min
[Iteration 3770] total_loss=0.0040, data_loss=0.0035, ref_loss=0.0255, physics_loss=1.2578E-04, it_time=0.01184 s total_time=3.7 min
[Iteration 3780] total_loss=0.0040, data_loss=0.0035, ref_loss=0.0234, physics_loss=1.1468E-04, it_time=0.00807 s total_time=3.7 min
[Iteration 3790] total_loss=0.0047, data_loss=0.0042, ref_loss=0.0282, physics_loss=1.2721E-04, it_time=0.00806 s total_time=3.7 min
[Iteration 3800] total_loss=0.0041, data_loss=0.0036, ref_loss=0.0232, physics_loss=1.2695E-04, it_time=0.00805 s total_time=3.7 min
[Iteration 3810] total_loss=0.0041, data_loss=0.0037, ref_loss=0.0254, physics_loss=1.2302E-04, it_time=0.00819 s total_time=3.7 min
[Iteration 3820] total_loss=0.0042, data_loss=0.0036, ref_loss=0.0256, physics_loss=1.2447E-04, it_time=0.0109 s total_time=3.7 min
[Iteration 3830] total_loss=0.0040, data_loss=0.0035, ref_loss=0.0253, physics_loss=1.2962E-04, it_time=0.00855 s total_time=3.7 min
[Iteration 3840] total_loss=0.0047, data_loss=0.0042, ref_loss=0.0259, physics_loss=1.4340E-04, it_time=0.00862 s total_time=3.7 min
[Iteration 3850] total_loss=0.0047, data_loss=0.0042, ref_loss=0.0238, physics_loss=1.5934E-04, it_time=0.00807 s total_time=3.7 min
[Iteration 3860] total_loss=0.0041, data_loss=0.0036, ref_loss=0.0253, physics_loss=1.3134E-04, it_time=0.00808 s total_time=3.7 min
[Iteration 3870] total_loss=0.0041, data_loss=0.0036, ref_loss=0.0251, physics_loss=1.2821E-04, it_time=0.00804 s total_time=3.7 min
[Iteration 3880] total_loss=0.0038, data_loss=0.0033, ref_loss=0.0253, physics_loss=1.2804E-04, it_time=0.00805 s total_time=3.8 min
[Iteration 3890] total_loss=0.0045, data_loss=0.0040, ref_loss=0.0231, physics_loss=1.1563E-04, it_time=0.00803 s total_time=3.8 min
[Iteration 3900] total_loss=0.0055, data_loss=0.0050, ref_loss=0.0272, physics_loss=1.3029E-04, it_time=0.00855 s total_time=3.8 min
[Iteration 3910] total_loss=0.0048, data_loss=0.0042, ref_loss=0.0226, physics_loss=1.3330E-04, it_time=0.00806 s total_time=3.8 min
[Iteration 3920] total_loss=0.0046, data_loss=0.0041, ref_loss=0.0225, physics_loss=1.3058E-04, it_time=0.00806 s total_time=3.8 min
[Iteration 3930] total_loss=0.0046, data_loss=0.0041, ref_loss=0.0252, physics_loss=1.1648E-04, it_time=0.00864 s total_time=3.8 min
[Iteration 3940] total_loss=0.0039, data_loss=0.0035, ref_loss=0.0240, physics_loss=1.1386E-04, it_time=0.01144 s total_time=3.8 min
[Iteration 3950] total_loss=0.0041, data_loss=0.0036, ref_loss=0.0262, physics_loss=1.2510E-04, it_time=0.0086 s total_time=3.8 min
[Iteration 3960] total_loss=0.0042, data_loss=0.0037, ref_loss=0.0236, physics_loss=1.3777E-04, it_time=0.00806 s total_time=3.8 min
[Iteration 3970] total_loss=0.0044, data_loss=0.0039, ref_loss=0.0291, physics_loss=1.2147E-04, it_time=0.00867 s total_time=3.8 min
[Iteration 3980] total_loss=0.0045, data_loss=0.0039, ref_loss=0.0243, physics_loss=1.3254E-04, it_time=0.00806 s total_time=3.8 min
[Iteration 3990] total_loss=0.0039, data_loss=0.0034, ref_loss=0.0245, physics_loss=1.2139E-04, it_time=0.00808 s total_time=3.8 min
[Iteration 4000] total_loss=0.0043, data_loss=0.0038, ref_loss=0.0225, physics_loss=1.1943E-04, it_time=0.00806 s total_time=3.9 min
Total avg
Relative error [Fluid] 16.5
Relative error [Bound] 36.8
Relative error [Core] 8.5
Absolute error [Fluid] 0.1098
Absolute error [Bound] 0.2087
Absolute error [Core] 0.0705
Absolute error [Non-F] 0.0000
R.M.S.   error [Fluid] 0.1719
R.M.S.   error [Bound] 0.2862
R.M.S.   error [Core] 0.0934
R.M.S.   error [Non-F] 0.0000
Checkpoint saved to ../models/250202_Aomodel_n2_4dsim/FFN_1t_4dsim_20250213-1047/checkpoints/FFN_1t_4dsim_it4000.pth
[Iteration 4010] total_loss=0.0038, data_loss=0.0033, ref_loss=0.0262, physics_loss=1.2383E-04, it_time=0.00862 s total_time=3.9 min
[Iteration 4020] total_loss=0.0035, data_loss=0.0030, ref_loss=0.0250, physics_loss=1.1690E-04, it_time=0.00849 s total_time=3.9 min
[Iteration 4030] total_loss=0.0034, data_loss=0.0030, ref_loss=0.0259, physics_loss=1.1492E-04, it_time=0.0087 s total_time=3.9 min
[Iteration 4040] total_loss=0.0034, data_loss=0.0029, ref_loss=0.0253, physics_loss=1.1552E-04, it_time=0.00805 s total_time=3.9 min
[Iteration 4050] total_loss=0.0034, data_loss=0.0029, ref_loss=0.0253, physics_loss=1.1638E-04, it_time=0.00858 s total_time=3.9 min
[Iteration 4060] total_loss=0.0033, data_loss=0.0029, ref_loss=0.0255, physics_loss=1.1625E-04, it_time=0.00859 s total_time=3.9 min
[Iteration 4070] total_loss=0.0033, data_loss=0.0028, ref_loss=0.0256, physics_loss=1.1718E-04, it_time=0.00856 s total_time=3.9 min
[Iteration 4080] total_loss=0.0033, data_loss=0.0028, ref_loss=0.0256, physics_loss=1.1726E-04, it_time=0.00806 s total_time=4.0 min
[Iteration 4090] total_loss=0.0033, data_loss=0.0028, ref_loss=0.0256, physics_loss=1.1776E-04, it_time=0.00806 s total_time=4.0 min
[Iteration 4100] total_loss=0.0033, data_loss=0.0028, ref_loss=0.0257, physics_loss=1.1790E-04, it_time=0.00842 s total_time=4.0 min
[Iteration 4110] total_loss=0.0033, data_loss=0.0028, ref_loss=0.0257, physics_loss=1.1809E-04, it_time=0.00808 s total_time=4.0 min
[Iteration 4120] total_loss=0.0033, data_loss=0.0028, ref_loss=0.0257, physics_loss=1.1823E-04, it_time=0.00806 s total_time=4.0 min
[Iteration 4130] total_loss=0.0033, data_loss=0.0028, ref_loss=0.0257, physics_loss=1.1829E-04, it_time=0.00811 s total_time=4.0 min
[Iteration 4140] total_loss=0.0033, data_loss=0.0028, ref_loss=0.0259, physics_loss=1.1839E-04, it_time=0.00805 s total_time=4.0 min
[Iteration 4150] total_loss=0.0034, data_loss=0.0029, ref_loss=0.0265, physics_loss=1.1890E-04, it_time=0.00806 s total_time=4.0 min
[Iteration 4160] total_loss=0.0033, data_loss=0.0028, ref_loss=0.0252, physics_loss=1.1671E-04, it_time=0.00809 s total_time=4.0 min
[Iteration 4170] total_loss=0.0032, data_loss=0.0027, ref_loss=0.0252, physics_loss=1.1822E-04, it_time=0.00983 s total_time=4.0 min
[Iteration 4180] total_loss=0.0034, data_loss=0.0029, ref_loss=0.0271, physics_loss=1.1942E-04, it_time=0.00807 s total_time=4.0 min
[Iteration 4190] total_loss=0.0032, data_loss=0.0027, ref_loss=0.0266, physics_loss=1.1521E-04, it_time=0.0086 s total_time=4.0 min
[Iteration 4200] total_loss=0.0035, data_loss=0.0030, ref_loss=0.0253, physics_loss=1.1325E-04, it_time=0.00806 s total_time=4.1 min
[Iteration 4210] total_loss=0.0036, data_loss=0.0031, ref_loss=0.0245, physics_loss=1.1453E-04, it_time=0.00807 s total_time=4.1 min
[Iteration 4220] total_loss=0.0035, data_loss=0.0030, ref_loss=0.0242, physics_loss=1.1614E-04, it_time=0.00806 s total_time=4.1 min
[Iteration 4230] total_loss=0.0034, data_loss=0.0029, ref_loss=0.0239, physics_loss=1.1801E-04, it_time=0.00856 s total_time=4.1 min
[Iteration 4240] total_loss=0.0032, data_loss=0.0027, ref_loss=0.0243, physics_loss=1.1979E-04, it_time=0.01009 s total_time=4.1 min
[Iteration 4250] total_loss=0.0033, data_loss=0.0028, ref_loss=0.0256, physics_loss=1.1829E-04, it_time=0.00809 s total_time=4.1 min
Total avg
Relative error [Fluid] 16.7
Relative error [Bound] 37.8
Relative error [Core] 8.4
Absolute error [Fluid] 0.1154
Absolute error [Bound] 0.2246
Absolute error [Core] 0.0720
Absolute error [Non-F] 0.0000
R.M.S.   error [Fluid] 0.1837
R.M.S.   error [Bound] 0.3085
R.M.S.   error [Core] 0.0965
R.M.S.   error [Non-F] 0.0000
[Iteration 4260] total_loss=0.0032, data_loss=0.0027, ref_loss=0.0267, physics_loss=1.1283E-04, it_time=0.00807 s total_time=4.1 min
[Iteration 4270] total_loss=0.0034, data_loss=0.0029, ref_loss=0.0245, physics_loss=1.1060E-04, it_time=0.00797 s total_time=4.1 min
[Iteration 4280] total_loss=0.0033, data_loss=0.0028, ref_loss=0.0267, physics_loss=1.1214E-04, it_time=0.00808 s total_time=4.1 min
[Iteration 4290] total_loss=0.0031, data_loss=0.0026, ref_loss=0.0262, physics_loss=1.1490E-04, it_time=0.00861 s total_time=4.2 min
[Iteration 4300] total_loss=0.0032, data_loss=0.0027, ref_loss=0.0245, physics_loss=1.1593E-04, it_time=0.00807 s total_time=4.2 min
[Iteration 4310] total_loss=0.0034, data_loss=0.0029, ref_loss=0.0279, physics_loss=1.1060E-04, it_time=0.00807 s total_time=4.2 min
[Iteration 4320] total_loss=0.0033, data_loss=0.0028, ref_loss=0.0242, physics_loss=1.1942E-04, it_time=0.00807 s total_time=4.2 min
[Iteration 4330] total_loss=0.0032, data_loss=0.0027, ref_loss=0.0260, physics_loss=1.1069E-04, it_time=0.00806 s total_time=4.2 min
[Iteration 4340] total_loss=0.0033, data_loss=0.0028, ref_loss=0.0245, physics_loss=1.1367E-04, it_time=0.00805 s total_time=4.2 min
[Iteration 4350] total_loss=0.0035, data_loss=0.0030, ref_loss=0.0261, physics_loss=1.2663E-04, it_time=0.00806 s total_time=4.2 min
[Iteration 4360] total_loss=0.0043, data_loss=0.0038, ref_loss=0.0254, physics_loss=1.3456E-04, it_time=0.00859 s total_time=4.2 min
[Iteration 4370] total_loss=0.0047, data_loss=0.0041, ref_loss=0.0243, physics_loss=1.7936E-04, it_time=0.0087 s total_time=4.2 min
[Iteration 4380] total_loss=0.0043, data_loss=0.0038, ref_loss=0.0240, physics_loss=1.3441E-04, it_time=0.00807 s total_time=4.2 min
[Iteration 4390] total_loss=0.0039, data_loss=0.0034, ref_loss=0.0250, physics_loss=1.3044E-04, it_time=0.00809 s total_time=4.2 min
[Iteration 4400] total_loss=0.0036, data_loss=0.0031, ref_loss=0.0255, physics_loss=1.1792E-04, it_time=0.00807 s total_time=4.2 min
[Iteration 4410] total_loss=0.0035, data_loss=0.0030, ref_loss=0.0260, physics_loss=1.1601E-04, it_time=0.00864 s total_time=4.3 min
[Iteration 4420] total_loss=0.0038, data_loss=0.0033, ref_loss=0.0272, physics_loss=1.1315E-04, it_time=0.00805 s total_time=4.3 min
[Iteration 4430] total_loss=0.0035, data_loss=0.0030, ref_loss=0.0281, physics_loss=1.1375E-04, it_time=0.00807 s total_time=4.3 min
[Iteration 4440] total_loss=0.0034, data_loss=0.0029, ref_loss=0.0260, physics_loss=1.1993E-04, it_time=0.00857 s total_time=4.3 min
[Iteration 4450] total_loss=0.0036, data_loss=0.0031, ref_loss=0.0237, physics_loss=1.2778E-04, it_time=0.00807 s total_time=4.3 min
[Iteration 4460] total_loss=0.0033, data_loss=0.0029, ref_loss=0.0263, physics_loss=1.1164E-04, it_time=0.00806 s total_time=4.3 min
[Iteration 4470] total_loss=0.0032, data_loss=0.0027, ref_loss=0.0250, physics_loss=1.0499E-04, it_time=0.00807 s total_time=4.3 min
[Iteration 4480] total_loss=0.0037, data_loss=0.0032, ref_loss=0.0264, physics_loss=1.1031E-04, it_time=0.00808 s total_time=4.3 min
[Iteration 4490] total_loss=0.0033, data_loss=0.0028, ref_loss=0.0273, physics_loss=1.0315E-04, it_time=0.00806 s total_time=4.3 min
[Iteration 4500] total_loss=0.0041, data_loss=0.0036, ref_loss=0.0279, physics_loss=1.2586E-04, it_time=0.00806 s total_time=4.3 min
Total avg
Relative error [Fluid] 17.4
Relative error [Bound] 38.2
Relative error [Core] 9.1
Absolute error [Fluid] 0.1241
Absolute error [Bound] 0.2319
Absolute error [Core] 0.0812
Absolute error [Non-F] 0.0000
R.M.S.   error [Fluid] 0.1920
R.M.S.   error [Bound] 0.3175
R.M.S.   error [Core] 0.1068
R.M.S.   error [Non-F] 0.0000
Checkpoint saved to ../models/250202_Aomodel_n2_4dsim/FFN_1t_4dsim_20250213-1047/checkpoints/FFN_1t_4dsim_it4500.pth
[Iteration 4510] total_loss=0.0039, data_loss=0.0033, ref_loss=0.0269, physics_loss=1.3957E-04, it_time=0.00809 s total_time=4.4 min
[Iteration 4520] total_loss=0.0033, data_loss=0.0028, ref_loss=0.0271, physics_loss=1.1338E-04, it_time=0.00806 s total_time=4.4 min
[Iteration 4530] total_loss=0.0034, data_loss=0.0029, ref_loss=0.0243, physics_loss=1.0490E-04, it_time=0.00806 s total_time=4.4 min
[Iteration 4540] total_loss=0.0031, data_loss=0.0026, ref_loss=0.0264, physics_loss=1.0499E-04, it_time=0.00805 s total_time=4.4 min
[Iteration 4550] total_loss=0.0032, data_loss=0.0027, ref_loss=0.0280, physics_loss=1.0625E-04, it_time=0.00806 s total_time=4.4 min
[Iteration 4560] total_loss=0.0033, data_loss=0.0028, ref_loss=0.0255, physics_loss=1.0411E-04, it_time=0.00864 s total_time=4.4 min
[Iteration 4570] total_loss=0.0037, data_loss=0.0032, ref_loss=0.0228, physics_loss=1.0420E-04, it_time=0.00806 s total_time=4.4 min
[Iteration 4580] total_loss=0.0036, data_loss=0.0032, ref_loss=0.0247, physics_loss=9.9883E-05, it_time=0.00857 s total_time=4.4 min
[Iteration 4590] total_loss=0.0037, data_loss=0.0032, ref_loss=0.0270, physics_loss=1.0564E-04, it_time=0.00806 s total_time=4.4 min
[Iteration 4600] total_loss=0.0036, data_loss=0.0031, ref_loss=0.0266, physics_loss=1.1688E-04, it_time=0.00805 s total_time=4.4 min
[Iteration 4610] total_loss=0.0038, data_loss=0.0032, ref_loss=0.0254, physics_loss=1.3017E-04, it_time=0.00809 s total_time=4.5 min
[Iteration 4620] total_loss=0.0038, data_loss=0.0033, ref_loss=0.0275, physics_loss=1.2974E-04, it_time=0.00805 s total_time=4.5 min
[Iteration 4630] total_loss=0.0036, data_loss=0.0030, ref_loss=0.0252, physics_loss=1.2265E-04, it_time=0.00859 s total_time=4.5 min
[Iteration 4640] total_loss=0.0036, data_loss=0.0031, ref_loss=0.0230, physics_loss=1.1354E-04, it_time=0.00809 s total_time=4.5 min
[Iteration 4650] total_loss=0.0033, data_loss=0.0028, ref_loss=0.0236, physics_loss=1.1091E-04, it_time=0.00806 s total_time=4.5 min
[Iteration 4660] total_loss=0.0031, data_loss=0.0026, ref_loss=0.0254, physics_loss=1.0368E-04, it_time=0.00808 s total_time=4.5 min
[Iteration 4670] total_loss=0.0032, data_loss=0.0027, ref_loss=0.0267, physics_loss=1.0699E-04, it_time=0.00806 s total_time=4.5 min
[Iteration 4680] total_loss=0.0030, data_loss=0.0026, ref_loss=0.0270, physics_loss=1.0285E-04, it_time=0.00804 s total_time=4.5 min
[Iteration 4690] total_loss=0.0032, data_loss=0.0027, ref_loss=0.0254, physics_loss=1.0945E-04, it_time=0.00857 s total_time=4.5 min
[Iteration 4700] total_loss=0.0033, data_loss=0.0028, ref_loss=0.0257, physics_loss=1.1400E-04, it_time=0.00994 s total_time=4.5 min
[Iteration 4710] total_loss=0.0035, data_loss=0.0030, ref_loss=0.0260, physics_loss=1.2176E-04, it_time=0.00806 s total_time=4.5 min
[Iteration 4720] total_loss=0.0032, data_loss=0.0027, ref_loss=0.0264, physics_loss=1.0439E-04, it_time=0.00807 s total_time=4.6 min
[Iteration 4730] total_loss=0.0036, data_loss=0.0031, ref_loss=0.0285, physics_loss=1.0041E-04, it_time=0.00858 s total_time=4.6 min
[Iteration 4740] total_loss=0.0030, data_loss=0.0025, ref_loss=0.0264, physics_loss=1.0561E-04, it_time=0.00805 s total_time=4.6 min
[Iteration 4750] total_loss=0.0036, data_loss=0.0031, ref_loss=0.0282, physics_loss=1.0321E-04, it_time=0.00855 s total_time=4.6 min
Total avg
Relative error [Fluid] 17.0
Relative error [Bound] 38.7
Relative error [Core] 8.4
Absolute error [Fluid] 0.1188
Absolute error [Bound] 0.2359
Absolute error [Core] 0.0722
Absolute error [Non-F] 0.0000
R.M.S.   error [Fluid] 0.1937
R.M.S.   error [Bound] 0.3291
R.M.S.   error [Core] 0.0968
R.M.S.   error [Non-F] 0.0000
[Iteration 4760] total_loss=0.0031, data_loss=0.0026, ref_loss=0.0282, physics_loss=1.0536E-04, it_time=0.00806 s total_time=4.6 min
[Iteration 4770] total_loss=0.0033, data_loss=0.0028, ref_loss=0.0249, physics_loss=1.1005E-04, it_time=0.00853 s total_time=4.6 min
[Iteration 4780] total_loss=0.0031, data_loss=0.0026, ref_loss=0.0271, physics_loss=1.0516E-04, it_time=0.00805 s total_time=4.6 min
[Iteration 4790] total_loss=0.0030, data_loss=0.0026, ref_loss=0.0249, physics_loss=1.0033E-04, it_time=0.00804 s total_time=4.6 min
[Iteration 4800] total_loss=0.0034, data_loss=0.0029, ref_loss=0.0288, physics_loss=1.0227E-04, it_time=0.00804 s total_time=4.6 min
[Iteration 4810] total_loss=0.0030, data_loss=0.0025, ref_loss=0.0265, physics_loss=9.8556E-05, it_time=0.01034 s total_time=4.7 min
[Iteration 4820] total_loss=0.0029, data_loss=0.0024, ref_loss=0.0248, physics_loss=1.0090E-04, it_time=0.00806 s total_time=4.7 min
[Iteration 4830] total_loss=0.0033, data_loss=0.0028, ref_loss=0.0283, physics_loss=1.0396E-04, it_time=0.00805 s total_time=4.7 min
[Iteration 4840] total_loss=0.0029, data_loss=0.0025, ref_loss=0.0259, physics_loss=9.9798E-05, it_time=0.00804 s total_time=4.7 min
[Iteration 4850] total_loss=0.0030, data_loss=0.0025, ref_loss=0.0256, physics_loss=9.4930E-05, it_time=0.00805 s total_time=4.7 min
[Iteration 4860] total_loss=0.0030, data_loss=0.0025, ref_loss=0.0270, physics_loss=9.8130E-05, it_time=0.00805 s total_time=4.7 min
[Iteration 4870] total_loss=0.0031, data_loss=0.0027, ref_loss=0.0247, physics_loss=9.9342E-05, it_time=0.00805 s total_time=4.7 min
[Iteration 4880] total_loss=0.0032, data_loss=0.0027, ref_loss=0.0276, physics_loss=1.0480E-04, it_time=0.00804 s total_time=4.7 min
[Iteration 4890] total_loss=0.0030, data_loss=0.0025, ref_loss=0.0256, physics_loss=1.0511E-04, it_time=0.01051 s total_time=4.7 min
[Iteration 4900] total_loss=0.0031, data_loss=0.0027, ref_loss=0.0282, physics_loss=1.0193E-04, it_time=0.00807 s total_time=4.7 min
[Iteration 4910] total_loss=0.0031, data_loss=0.0026, ref_loss=0.0245, physics_loss=9.7881E-05, it_time=0.00804 s total_time=4.7 min
[Iteration 4920] total_loss=0.0031, data_loss=0.0027, ref_loss=0.0274, physics_loss=9.3603E-05, it_time=0.00803 s total_time=4.7 min
[Iteration 4930] total_loss=0.0031, data_loss=0.0026, ref_loss=0.0248, physics_loss=9.7827E-05, it_time=0.00858 s total_time=4.8 min
[Iteration 4940] total_loss=0.0033, data_loss=0.0028, ref_loss=0.0287, physics_loss=1.0106E-04, it_time=0.00865 s total_time=4.8 min
[Iteration 4950] total_loss=0.0032, data_loss=0.0027, ref_loss=0.0250, physics_loss=1.1371E-04, it_time=0.00852 s total_time=4.8 min
[Iteration 4960] total_loss=0.0038, data_loss=0.0034, ref_loss=0.0286, physics_loss=9.5328E-05, it_time=0.00805 s total_time=4.8 min
[Iteration 4970] total_loss=0.0032, data_loss=0.0028, ref_loss=0.0256, physics_loss=1.0049E-04, it_time=0.00807 s total_time=4.8 min
[Iteration 4980] total_loss=0.0033, data_loss=0.0028, ref_loss=0.0266, physics_loss=1.0353E-04, it_time=0.00806 s total_time=4.8 min
[Iteration 4990] total_loss=0.0034, data_loss=0.0029, ref_loss=0.0244, physics_loss=1.1245E-04, it_time=0.00805 s total_time=4.8 min
[Iteration 5000] total_loss=0.0040, data_loss=0.0034, ref_loss=0.0252, physics_loss=1.5977E-04, it_time=0.00871 s total_time=4.8 min
Total avg
Relative error [Fluid] 17.0
Relative error [Bound] 37.8
Relative error [Core] 8.8
Absolute error [Fluid] 0.1173
Absolute error [Bound] 0.2222
Absolute error [Core] 0.0756
Absolute error [Non-F] 0.0000
R.M.S.   error [Fluid] 0.1819
R.M.S.   error [Bound] 0.3008
R.M.S.   error [Core] 0.1013
R.M.S.   error [Non-F] 0.0000
Checkpoint saved to ../models/250202_Aomodel_n2_4dsim/FFN_1t_4dsim_20250213-1047/checkpoints/FFN_1t_4dsim_it5000.pth
[Iteration 5010] total_loss=0.0031, data_loss=0.0026, ref_loss=0.0255, physics_loss=1.2219E-04, it_time=0.00855 s total_time=4.9 min
[Iteration 5020] total_loss=0.0028, data_loss=0.0023, ref_loss=0.0267, physics_loss=9.9046E-05, it_time=0.00805 s total_time=4.9 min
[Iteration 5030] total_loss=0.0027, data_loss=0.0022, ref_loss=0.0265, physics_loss=9.2189E-05, it_time=0.00805 s total_time=4.9 min
[Iteration 5040] total_loss=0.0026, data_loss=0.0022, ref_loss=0.0262, physics_loss=9.2030E-05, it_time=0.00805 s total_time=4.9 min
[Iteration 5050] total_loss=0.0026, data_loss=0.0022, ref_loss=0.0265, physics_loss=9.1398E-05, it_time=0.00806 s total_time=4.9 min
[Iteration 5060] total_loss=0.0026, data_loss=0.0021, ref_loss=0.0265, physics_loss=9.2096E-05, it_time=0.00806 s total_time=4.9 min
[Iteration 5070] total_loss=0.0026, data_loss=0.0021, ref_loss=0.0264, physics_loss=9.2266E-05, it_time=0.00805 s total_time=4.9 min
[Iteration 5080] total_loss=0.0026, data_loss=0.0021, ref_loss=0.0265, physics_loss=9.2562E-05, it_time=0.01045 s total_time=4.9 min
[Iteration 5090] total_loss=0.0026, data_loss=0.0021, ref_loss=0.0265, physics_loss=9.2817E-05, it_time=0.00806 s total_time=4.9 min
[Iteration 5100] total_loss=0.0026, data_loss=0.0021, ref_loss=0.0265, physics_loss=9.3021E-05, it_time=0.00806 s total_time=4.9 min
[Iteration 5110] total_loss=0.0026, data_loss=0.0021, ref_loss=0.0265, physics_loss=9.3163E-05, it_time=0.00853 s total_time=4.9 min
[Iteration 5120] total_loss=0.0026, data_loss=0.0021, ref_loss=0.0265, physics_loss=9.3303E-05, it_time=0.00808 s total_time=4.9 min
[Iteration 5130] total_loss=0.0026, data_loss=0.0021, ref_loss=0.0265, physics_loss=9.3390E-05, it_time=0.00806 s total_time=5.0 min
[Iteration 5140] total_loss=0.0026, data_loss=0.0021, ref_loss=0.0265, physics_loss=9.3439E-05, it_time=0.01137 s total_time=5.0 min
[Iteration 5150] total_loss=0.0026, data_loss=0.0021, ref_loss=0.0266, physics_loss=9.3472E-05, it_time=0.00809 s total_time=5.0 min
[Iteration 5160] total_loss=0.0025, data_loss=0.0021, ref_loss=0.0266, physics_loss=9.3485E-05, it_time=0.00869 s total_time=5.0 min
[Iteration 5170] total_loss=0.0025, data_loss=0.0021, ref_loss=0.0266, physics_loss=9.3481E-05, it_time=0.00807 s total_time=5.0 min
[Iteration 5180] total_loss=0.0025, data_loss=0.0021, ref_loss=0.0266, physics_loss=9.3461E-05, it_time=0.00805 s total_time=5.0 min
[Iteration 5190] total_loss=0.0025, data_loss=0.0021, ref_loss=0.0266, physics_loss=9.3431E-05, it_time=0.00804 s total_time=5.0 min
[Iteration 5200] total_loss=0.0026, data_loss=0.0021, ref_loss=0.0273, physics_loss=9.3477E-05, it_time=0.00807 s total_time=5.0 min
[Iteration 5210] total_loss=0.0026, data_loss=0.0021, ref_loss=0.0257, physics_loss=9.2618E-05, it_time=0.00804 s total_time=5.0 min
[Iteration 5220] total_loss=0.0026, data_loss=0.0022, ref_loss=0.0275, physics_loss=9.4102E-05, it_time=0.00839 s total_time=5.0 min
[Iteration 5230] total_loss=0.0026, data_loss=0.0021, ref_loss=0.0261, physics_loss=9.1441E-05, it_time=0.00804 s total_time=5.0 min
[Iteration 5240] total_loss=0.0025, data_loss=0.0021, ref_loss=0.0265, physics_loss=9.3736E-05, it_time=0.00862 s total_time=5.1 min
[Iteration 5250] total_loss=0.0025, data_loss=0.0020, ref_loss=0.0271, physics_loss=9.1223E-05, it_time=0.00859 s total_time=5.1 min
Total avg
Relative error [Fluid] 16.8
Relative error [Bound] 38.2
Relative error [Core] 8.3
Absolute error [Fluid] 0.1167
Absolute error [Bound] 0.2307
Absolute error [Core] 0.0713
Absolute error [Non-F] 0.0000
R.M.S.   error [Fluid] 0.1894
R.M.S.   error [Bound] 0.3209
R.M.S.   error [Core] 0.0959
R.M.S.   error [Non-F] 0.0000
[Iteration 5260] total_loss=0.0025, data_loss=0.0020, ref_loss=0.0258, physics_loss=9.2075E-05, it_time=0.00809 s total_time=5.1 min
[Iteration 5270] total_loss=0.0026, data_loss=0.0021, ref_loss=0.0275, physics_loss=9.2778E-05, it_time=0.0083 s total_time=5.1 min
[Iteration 5280] total_loss=0.0026, data_loss=0.0021, ref_loss=0.0256, physics_loss=9.0865E-05, it_time=0.00927 s total_time=5.1 min
[Iteration 5290] total_loss=0.0026, data_loss=0.0022, ref_loss=0.0274, physics_loss=9.3847E-05, it_time=0.00806 s total_time=5.1 min
[Iteration 5300] total_loss=0.0026, data_loss=0.0021, ref_loss=0.0263, physics_loss=8.9143E-05, it_time=0.00813 s total_time=5.1 min
[Iteration 5310] total_loss=0.0025, data_loss=0.0021, ref_loss=0.0262, physics_loss=9.4591E-05, it_time=0.00806 s total_time=5.1 min
[Iteration 5320] total_loss=0.0025, data_loss=0.0021, ref_loss=0.0274, physics_loss=8.7552E-05, it_time=0.00862 s total_time=5.1 min
[Iteration 5330] total_loss=0.0025, data_loss=0.0020, ref_loss=0.0257, physics_loss=9.5275E-05, it_time=0.00809 s total_time=5.1 min
[Iteration 5340] total_loss=0.0025, data_loss=0.0021, ref_loss=0.0275, physics_loss=8.7302E-05, it_time=0.00858 s total_time=5.2 min
[Iteration 5350] total_loss=0.0025, data_loss=0.0021, ref_loss=0.0268, physics_loss=9.3504E-05, it_time=0.00866 s total_time=5.2 min
[Iteration 5360] total_loss=0.0025, data_loss=0.0020, ref_loss=0.0257, physics_loss=9.2025E-05, it_time=0.00806 s total_time=5.2 min
[Iteration 5370] total_loss=0.0026, data_loss=0.0021, ref_loss=0.0279, physics_loss=8.6485E-05, it_time=0.00806 s total_time=5.2 min
[Iteration 5380] total_loss=0.0026, data_loss=0.0021, ref_loss=0.0258, physics_loss=9.5027E-05, it_time=0.00861 s total_time=5.2 min
[Iteration 5390] total_loss=0.0026, data_loss=0.0022, ref_loss=0.0274, physics_loss=8.8093E-05, it_time=0.00812 s total_time=5.2 min
[Iteration 5400] total_loss=0.0028, data_loss=0.0023, ref_loss=0.0252, physics_loss=9.2997E-05, it_time=0.00811 s total_time=5.2 min
[Iteration 5410] total_loss=0.0028, data_loss=0.0023, ref_loss=0.0283, physics_loss=9.2010E-05, it_time=0.00805 s total_time=5.2 min
[Iteration 5420] total_loss=0.0031, data_loss=0.0026, ref_loss=0.0259, physics_loss=1.1703E-04, it_time=0.00806 s total_time=5.2 min
[Iteration 5430] total_loss=0.0029, data_loss=0.0024, ref_loss=0.0269, physics_loss=1.1108E-04, it_time=0.00808 s total_time=5.2 min
[Iteration 5440] total_loss=0.0027, data_loss=0.0022, ref_loss=0.0256, physics_loss=9.6824E-05, it_time=0.00808 s total_time=5.2 min
[Iteration 5450] total_loss=0.0025, data_loss=0.0020, ref_loss=0.0267, physics_loss=8.8801E-05, it_time=0.00863 s total_time=5.3 min
[Iteration 5460] total_loss=0.0027, data_loss=0.0023, ref_loss=0.0281, physics_loss=8.9042E-05, it_time=0.00805 s total_time=5.3 min
[Iteration 5470] total_loss=0.0026, data_loss=0.0021, ref_loss=0.0265, physics_loss=8.6988E-05, it_time=0.00809 s total_time=5.3 min
[Iteration 5480] total_loss=0.0025, data_loss=0.0020, ref_loss=0.0259, physics_loss=8.4429E-05, it_time=0.00823 s total_time=5.3 min
[Iteration 5490] total_loss=0.0027, data_loss=0.0023, ref_loss=0.0287, physics_loss=8.6209E-05, it_time=0.00807 s total_time=5.3 min
[Iteration 5500] total_loss=0.0027, data_loss=0.0022, ref_loss=0.0252, physics_loss=9.1879E-05, it_time=0.01108 s total_time=5.3 min
Total avg
Relative error [Fluid] 16.8
Relative error [Bound] 38.0
Relative error [Core] 8.4
Absolute error [Fluid] 0.1162
Absolute error [Bound] 0.2249
Absolute error [Core] 0.0729
Absolute error [Non-F] 0.0000
R.M.S.   error [Fluid] 0.1818
R.M.S.   error [Bound] 0.3035
R.M.S.   error [Core] 0.0979
R.M.S.   error [Non-F] 0.0000
Checkpoint saved to ../models/250202_Aomodel_n2_4dsim/FFN_1t_4dsim_20250213-1047/checkpoints/FFN_1t_4dsim_it5500.pth
[Iteration 5510] total_loss=0.0029, data_loss=0.0025, ref_loss=0.0278, physics_loss=8.5618E-05, it_time=0.00808 s total_time=5.3 min
[Iteration 5520] total_loss=0.0026, data_loss=0.0021, ref_loss=0.0261, physics_loss=9.8481E-05, it_time=0.00873 s total_time=5.3 min
[Iteration 5530] total_loss=0.0028, data_loss=0.0023, ref_loss=0.0258, physics_loss=1.1143E-04, it_time=0.00808 s total_time=5.3 min
[Iteration 5540] total_loss=0.0027, data_loss=0.0023, ref_loss=0.0280, physics_loss=9.0634E-05, it_time=0.0081 s total_time=5.4 min
[Iteration 5550] total_loss=0.0026, data_loss=0.0021, ref_loss=0.0279, physics_loss=8.7266E-05, it_time=0.0086 s total_time=5.4 min
[Iteration 5560] total_loss=0.0031, data_loss=0.0026, ref_loss=0.0268, physics_loss=9.3172E-05, it_time=0.00856 s total_time=5.4 min
[Iteration 5570] total_loss=0.0029, data_loss=0.0025, ref_loss=0.0257, physics_loss=9.7640E-05, it_time=0.00808 s total_time=5.4 min
[Iteration 5580] total_loss=0.0035, data_loss=0.0031, ref_loss=0.0275, physics_loss=1.0065E-04, it_time=0.00809 s total_time=5.4 min
[Iteration 5590] total_loss=0.0030, data_loss=0.0025, ref_loss=0.0276, physics_loss=1.1495E-04, it_time=0.00816 s total_time=5.4 min
[Iteration 5600] total_loss=0.0027, data_loss=0.0023, ref_loss=0.0267, physics_loss=9.7544E-05, it_time=0.00809 s total_time=5.4 min
[Iteration 5610] total_loss=0.0025, data_loss=0.0020, ref_loss=0.0283, physics_loss=8.9683E-05, it_time=0.00808 s total_time=5.4 min
[Iteration 5620] total_loss=0.0025, data_loss=0.0021, ref_loss=0.0260, physics_loss=8.2544E-05, it_time=0.00864 s total_time=5.4 min
[Iteration 5630] total_loss=0.0025, data_loss=0.0020, ref_loss=0.0272, physics_loss=8.7223E-05, it_time=0.00858 s total_time=5.4 min
[Iteration 5640] total_loss=0.0028, data_loss=0.0023, ref_loss=0.0255, physics_loss=8.2208E-05, it_time=0.00802 s total_time=5.4 min
[Iteration 5650] total_loss=0.0025, data_loss=0.0021, ref_loss=0.0270, physics_loss=8.6539E-05, it_time=0.00806 s total_time=5.5 min
[Iteration 5660] total_loss=0.0024, data_loss=0.0020, ref_loss=0.0274, physics_loss=8.1113E-05, it_time=0.00811 s total_time=5.5 min
[Iteration 5670] total_loss=0.0024, data_loss=0.0020, ref_loss=0.0258, physics_loss=8.2261E-05, it_time=0.00866 s total_time=5.5 min
[Iteration 5680] total_loss=0.0026, data_loss=0.0021, ref_loss=0.0280, physics_loss=8.6993E-05, it_time=0.00806 s total_time=5.5 min
[Iteration 5690] total_loss=0.0028, data_loss=0.0023, ref_loss=0.0247, physics_loss=9.7430E-05, it_time=0.00858 s total_time=5.5 min
[Iteration 5700] total_loss=0.0033, data_loss=0.0028, ref_loss=0.0270, physics_loss=1.0647E-04, it_time=0.01027 s total_time=5.5 min
[Iteration 5710] total_loss=0.0029, data_loss=0.0024, ref_loss=0.0264, physics_loss=9.8897E-05, it_time=0.00812 s total_time=5.5 min
[Iteration 5720] total_loss=0.0029, data_loss=0.0024, ref_loss=0.0253, physics_loss=1.0018E-04, it_time=0.00808 s total_time=5.5 min
[Iteration 5730] total_loss=0.0028, data_loss=0.0024, ref_loss=0.0290, physics_loss=8.9588E-05, it_time=0.00812 s total_time=5.5 min
[Iteration 5740] total_loss=0.0026, data_loss=0.0021, ref_loss=0.0265, physics_loss=8.5338E-05, it_time=0.00816 s total_time=5.5 min
[Iteration 5750] total_loss=0.0024, data_loss=0.0019, ref_loss=0.0268, physics_loss=8.3806E-05, it_time=0.00807 s total_time=5.5 min
Total avg
Relative error [Fluid] 16.7
Relative error [Bound] 37.8
Relative error [Core] 8.3
Absolute error [Fluid] 0.1161
Absolute error [Bound] 0.2285
Absolute error [Core] 0.0713
Absolute error [Non-F] 0.0000
R.M.S.   error [Fluid] 0.1884
R.M.S.   error [Bound] 0.3188
R.M.S.   error [Core] 0.0960
R.M.S.   error [Non-F] 0.0000
[Iteration 5760] total_loss=0.0028, data_loss=0.0023, ref_loss=0.0277, physics_loss=8.4565E-05, it_time=0.00807 s total_time=5.6 min
[Iteration 5770] total_loss=0.0027, data_loss=0.0022, ref_loss=0.0264, physics_loss=9.5480E-05, it_time=0.00866 s total_time=5.6 min
[Iteration 5780] total_loss=0.0027, data_loss=0.0022, ref_loss=0.0286, physics_loss=8.1484E-05, it_time=0.00805 s total_time=5.6 min
[Iteration 5790] total_loss=0.0027, data_loss=0.0023, ref_loss=0.0259, physics_loss=8.6917E-05, it_time=0.00807 s total_time=5.6 min
[Iteration 5800] total_loss=0.0026, data_loss=0.0021, ref_loss=0.0266, physics_loss=8.1963E-05, it_time=0.00863 s total_time=5.6 min
[Iteration 5810] total_loss=0.0025, data_loss=0.0021, ref_loss=0.0254, physics_loss=8.4851E-05, it_time=0.01098 s total_time=5.6 min
[Iteration 5820] total_loss=0.0027, data_loss=0.0022, ref_loss=0.0280, physics_loss=8.1247E-05, it_time=0.00806 s total_time=5.6 min
[Iteration 5830] total_loss=0.0025, data_loss=0.0020, ref_loss=0.0262, physics_loss=8.2507E-05, it_time=0.00886 s total_time=5.6 min
[Iteration 5840] total_loss=0.0028, data_loss=0.0023, ref_loss=0.0278, physics_loss=8.5710E-05, it_time=0.00805 s total_time=5.6 min
[Iteration 5850] total_loss=0.0032, data_loss=0.0028, ref_loss=0.0255, physics_loss=9.5097E-05, it_time=0.00916 s total_time=5.6 min
[Iteration 5860] total_loss=0.0029, data_loss=0.0024, ref_loss=0.0276, physics_loss=9.9277E-05, it_time=0.00806 s total_time=5.7 min
[Iteration 5870] total_loss=0.0027, data_loss=0.0023, ref_loss=0.0265, physics_loss=9.2653E-05, it_time=0.00816 s total_time=5.7 min
[Iteration 5880] total_loss=0.0024, data_loss=0.0020, ref_loss=0.0266, physics_loss=8.0541E-05, it_time=0.00808 s total_time=5.7 min
[Iteration 5890] total_loss=0.0025, data_loss=0.0020, ref_loss=0.0263, physics_loss=8.2880E-05, it_time=0.00808 s total_time=5.7 min
[Iteration 5900] total_loss=0.0026, data_loss=0.0022, ref_loss=0.0276, physics_loss=7.9548E-05, it_time=0.00809 s total_time=5.7 min
[Iteration 5910] total_loss=0.0023, data_loss=0.0019, ref_loss=0.0275, physics_loss=8.2446E-05, it_time=0.00811 s total_time=5.7 min
[Iteration 5920] total_loss=0.0025, data_loss=0.0021, ref_loss=0.0270, physics_loss=8.0445E-05, it_time=0.00806 s total_time=5.7 min
[Iteration 5930] total_loss=0.0026, data_loss=0.0021, ref_loss=0.0262, physics_loss=8.6821E-05, it_time=0.00807 s total_time=5.7 min
[Iteration 5940] total_loss=0.0028, data_loss=0.0024, ref_loss=0.0259, physics_loss=7.8984E-05, it_time=0.00806 s total_time=5.7 min
[Iteration 5950] total_loss=0.0025, data_loss=0.0021, ref_loss=0.0282, physics_loss=8.3955E-05, it_time=0.00809 s total_time=5.7 min
[Iteration 5960] total_loss=0.0037, data_loss=0.0032, ref_loss=0.0259, physics_loss=1.1569E-04, it_time=0.00863 s total_time=5.7 min
[Iteration 5970] total_loss=0.0031, data_loss=0.0026, ref_loss=0.0269, physics_loss=1.0674E-04, it_time=0.00806 s total_time=5.7 min
[Iteration 5980] total_loss=0.0030, data_loss=0.0025, ref_loss=0.0293, physics_loss=9.6495E-05, it_time=0.00806 s total_time=5.8 min
[Iteration 5990] total_loss=0.0025, data_loss=0.0021, ref_loss=0.0285, physics_loss=8.3970E-05, it_time=0.00806 s total_time=5.8 min
[Iteration 6000] total_loss=0.0025, data_loss=0.0021, ref_loss=0.0268, physics_loss=8.0369E-05, it_time=0.00805 s total_time=5.8 min
Total avg
Relative error [Fluid] 16.7
Relative error [Bound] 37.9
Relative error [Core] 8.3
Absolute error [Fluid] 0.1155
Absolute error [Bound] 0.2283
Absolute error [Core] 0.0706
Absolute error [Non-F] 0.0000
R.M.S.   error [Fluid] 0.1887
R.M.S.   error [Bound] 0.3202
R.M.S.   error [Core] 0.0949
R.M.S.   error [Non-F] 0.0000
Checkpoint saved to ../models/250202_Aomodel_n2_4dsim/FFN_1t_4dsim_20250213-1047/checkpoints/FFN_1t_4dsim_it6000.pth
[Iteration 6010] total_loss=0.0023, data_loss=0.0019, ref_loss=0.0267, physics_loss=8.0638E-05, it_time=0.00806 s total_time=5.8 min
[Iteration 6020] total_loss=0.0023, data_loss=0.0018, ref_loss=0.0269, physics_loss=7.7431E-05, it_time=0.00806 s total_time=5.8 min
[Iteration 6030] total_loss=0.0022, data_loss=0.0018, ref_loss=0.0270, physics_loss=7.6063E-05, it_time=0.00806 s total_time=5.8 min
[Iteration 6040] total_loss=0.0022, data_loss=0.0017, ref_loss=0.0270, physics_loss=7.6175E-05, it_time=0.00808 s total_time=5.8 min
[Iteration 6050] total_loss=0.0022, data_loss=0.0017, ref_loss=0.0271, physics_loss=7.6963E-05, it_time=0.01046 s total_time=5.8 min
[Iteration 6060] total_loss=0.0022, data_loss=0.0017, ref_loss=0.0270, physics_loss=7.7220E-05, it_time=0.00887 s total_time=5.9 min
[Iteration 6070] total_loss=0.0022, data_loss=0.0017, ref_loss=0.0270, physics_loss=7.7244E-05, it_time=0.0086 s total_time=5.9 min
[Iteration 6080] total_loss=0.0022, data_loss=0.0017, ref_loss=0.0271, physics_loss=7.7520E-05, it_time=0.00861 s total_time=5.9 min
[Iteration 6090] total_loss=0.0022, data_loss=0.0017, ref_loss=0.0270, physics_loss=7.7725E-05, it_time=0.00868 s total_time=5.9 min
[Iteration 6100] total_loss=0.0022, data_loss=0.0017, ref_loss=0.0271, physics_loss=7.7822E-05, it_time=0.00812 s total_time=5.9 min
[Iteration 6110] total_loss=0.0022, data_loss=0.0017, ref_loss=0.0271, physics_loss=7.7977E-05, it_time=0.00809 s total_time=5.9 min
[Iteration 6120] total_loss=0.0022, data_loss=0.0017, ref_loss=0.0271, physics_loss=7.8061E-05, it_time=0.00855 s total_time=5.9 min
[Iteration 6130] total_loss=0.0022, data_loss=0.0017, ref_loss=0.0271, physics_loss=7.8149E-05, it_time=0.0116 s total_time=5.9 min
[Iteration 6140] total_loss=0.0022, data_loss=0.0017, ref_loss=0.0271, physics_loss=7.8213E-05, it_time=0.00808 s total_time=5.9 min
[Iteration 6150] total_loss=0.0021, data_loss=0.0017, ref_loss=0.0271, physics_loss=7.8270E-05, it_time=0.00816 s total_time=5.9 min
[Iteration 6160] total_loss=0.0021, data_loss=0.0017, ref_loss=0.0271, physics_loss=7.8311E-05, it_time=0.00818 s total_time=5.9 min
[Iteration 6170] total_loss=0.0021, data_loss=0.0017, ref_loss=0.0271, physics_loss=7.8347E-05, it_time=0.01047 s total_time=5.9 min
[Iteration 6180] total_loss=0.0021, data_loss=0.0017, ref_loss=0.0271, physics_loss=7.8370E-05, it_time=0.00854 s total_time=6.0 min
[Iteration 6190] total_loss=0.0021, data_loss=0.0017, ref_loss=0.0271, physics_loss=7.8386E-05, it_time=0.00806 s total_time=6.0 min
[Iteration 6200] total_loss=0.0021, data_loss=0.0017, ref_loss=0.0271, physics_loss=7.8396E-05, it_time=0.00803 s total_time=6.0 min
[Iteration 6210] total_loss=0.0021, data_loss=0.0017, ref_loss=0.0271, physics_loss=7.8397E-05, it_time=0.00815 s total_time=6.0 min
[Iteration 6220] total_loss=0.0021, data_loss=0.0017, ref_loss=0.0271, physics_loss=7.8393E-05, it_time=0.00807 s total_time=6.0 min
[Iteration 6230] total_loss=0.0021, data_loss=0.0017, ref_loss=0.0271, physics_loss=7.8383E-05, it_time=0.00861 s total_time=6.0 min
[Iteration 6240] total_loss=0.0021, data_loss=0.0017, ref_loss=0.0271, physics_loss=7.8368E-05, it_time=0.00811 s total_time=6.0 min
[Iteration 6250] total_loss=0.0021, data_loss=0.0017, ref_loss=0.0271, physics_loss=7.8348E-05, it_time=0.00806 s total_time=6.0 min
Total avg
Relative error [Fluid] 16.8
Relative error [Bound] 38.2
Relative error [Core] 8.2
Absolute error [Fluid] 0.1166
Absolute error [Bound] 0.2313
Absolute error [Core] 0.0709
Absolute error [Non-F] 0.0000
R.M.S.   error [Fluid] 0.1896
R.M.S.   error [Bound] 0.3216
R.M.S.   error [Core] 0.0955
R.M.S.   error [Non-F] 0.0000
[Iteration 6260] total_loss=0.0021, data_loss=0.0017, ref_loss=0.0272, physics_loss=7.8323E-05, it_time=0.00807 s total_time=6.0 min
[Iteration 6270] total_loss=0.0021, data_loss=0.0017, ref_loss=0.0272, physics_loss=7.8294E-05, it_time=0.00859 s total_time=6.1 min
[Iteration 6280] total_loss=0.0021, data_loss=0.0017, ref_loss=0.0272, physics_loss=7.8261E-05, it_time=0.00806 s total_time=6.1 min
[Iteration 6290] total_loss=0.0021, data_loss=0.0017, ref_loss=0.0277, physics_loss=7.8234E-05, it_time=0.0082 s total_time=6.1 min
[Iteration 6300] total_loss=0.0021, data_loss=0.0017, ref_loss=0.0266, physics_loss=7.8019E-05, it_time=0.00805 s total_time=6.1 min
[Iteration 6310] total_loss=0.0021, data_loss=0.0017, ref_loss=0.0280, physics_loss=7.8342E-05, it_time=0.00806 s total_time=6.1 min
[Iteration 6320] total_loss=0.0022, data_loss=0.0017, ref_loss=0.0262, physics_loss=7.7708E-05, it_time=0.00809 s total_time=6.1 min
[Iteration 6330] total_loss=0.0022, data_loss=0.0017, ref_loss=0.0280, physics_loss=7.8316E-05, it_time=0.00804 s total_time=6.1 min
[Iteration 6340] total_loss=0.0022, data_loss=0.0017, ref_loss=0.0264, physics_loss=7.7181E-05, it_time=0.00868 s total_time=6.1 min
[Iteration 6350] total_loss=0.0022, data_loss=0.0017, ref_loss=0.0278, physics_loss=7.8332E-05, it_time=0.00808 s total_time=6.1 min
[Iteration 6360] total_loss=0.0022, data_loss=0.0017, ref_loss=0.0264, physics_loss=7.6687E-05, it_time=0.00793 s total_time=6.1 min
[Iteration 6370] total_loss=0.0022, data_loss=0.0017, ref_loss=0.0279, physics_loss=7.8353E-05, it_time=0.0086 s total_time=6.1 min
[Iteration 6380] total_loss=0.0022, data_loss=0.0017, ref_loss=0.0262, physics_loss=7.6654E-05, it_time=0.00808 s total_time=6.2 min
[Iteration 6390] total_loss=0.0022, data_loss=0.0017, ref_loss=0.0280, physics_loss=7.7958E-05, it_time=0.00808 s total_time=6.2 min
[Iteration 6400] total_loss=0.0022, data_loss=0.0017, ref_loss=0.0262, physics_loss=7.7024E-05, it_time=0.00997 s total_time=6.2 min
[Iteration 6410] total_loss=0.0022, data_loss=0.0017, ref_loss=0.0282, physics_loss=7.6560E-05, it_time=0.0089 s total_time=6.2 min
[Iteration 6420] total_loss=0.0022, data_loss=0.0017, ref_loss=0.0260, physics_loss=7.8585E-05, it_time=0.00815 s total_time=6.2 min
[Iteration 6430] total_loss=0.0022, data_loss=0.0018, ref_loss=0.0286, physics_loss=7.4790E-05, it_time=0.00859 s total_time=6.2 min
[Iteration 6440] total_loss=0.0022, data_loss=0.0017, ref_loss=0.0257, physics_loss=7.8404E-05, it_time=0.00832 s total_time=6.2 min
[Iteration 6450] total_loss=0.0022, data_loss=0.0017, ref_loss=0.0285, physics_loss=7.6192E-05, it_time=0.00805 s total_time=6.2 min
[Iteration 6460] total_loss=0.0022, data_loss=0.0017, ref_loss=0.0254, physics_loss=8.0518E-05, it_time=0.00863 s total_time=6.2 min
[Iteration 6470] total_loss=0.0022, data_loss=0.0018, ref_loss=0.0283, physics_loss=7.7506E-05, it_time=0.00808 s total_time=6.2 min
[Iteration 6480] total_loss=0.0022, data_loss=0.0017, ref_loss=0.0260, physics_loss=7.8875E-05, it_time=0.0086 s total_time=6.2 min
[Iteration 6490] total_loss=0.0022, data_loss=0.0017, ref_loss=0.0275, physics_loss=7.7966E-05, it_time=0.00914 s total_time=6.2 min
[Iteration 6500] total_loss=0.0021, data_loss=0.0017, ref_loss=0.0267, physics_loss=7.7529E-05, it_time=0.00858 s total_time=6.3 min
Total avg
Relative error [Fluid] 16.8
Relative error [Bound] 38.1
Relative error [Core] 8.3
Absolute error [Fluid] 0.1167
Absolute error [Bound] 0.2295
Absolute error [Core] 0.0718
Absolute error [Non-F] 0.0000
R.M.S.   error [Fluid] 0.1877
R.M.S.   error [Bound] 0.3167
R.M.S.   error [Core] 0.0967
R.M.S.   error [Non-F] 0.0000
Checkpoint saved to ../models/250202_Aomodel_n2_4dsim/FFN_1t_4dsim_20250213-1047/checkpoints/FFN_1t_4dsim_it6500.pth
[Iteration 6510] total_loss=0.0022, data_loss=0.0017, ref_loss=0.0269, physics_loss=7.9177E-05, it_time=0.00806 s total_time=6.3 min
[Iteration 6520] total_loss=0.0022, data_loss=0.0018, ref_loss=0.0270, physics_loss=8.1064E-05, it_time=0.00806 s total_time=6.3 min
[Iteration 6530] total_loss=0.0023, data_loss=0.0018, ref_loss=0.0263, physics_loss=8.2323E-05, it_time=0.00804 s total_time=6.3 min
[Iteration 6540] total_loss=0.0023, data_loss=0.0018, ref_loss=0.0271, physics_loss=8.1041E-05, it_time=0.00809 s total_time=6.3 min
[Iteration 6550] total_loss=0.0021, data_loss=0.0017, ref_loss=0.0269, physics_loss=7.7477E-05, it_time=0.00804 s total_time=6.3 min
[Iteration 6560] total_loss=0.0022, data_loss=0.0017, ref_loss=0.0266, physics_loss=7.6797E-05, it_time=0.00805 s total_time=6.3 min
[Iteration 6570] total_loss=0.0022, data_loss=0.0018, ref_loss=0.0277, physics_loss=7.7602E-05, it_time=0.00866 s total_time=6.3 min
[Iteration 6580] total_loss=0.0022, data_loss=0.0018, ref_loss=0.0260, physics_loss=7.7385E-05, it_time=0.00863 s total_time=6.3 min
[Iteration 6590] total_loss=0.0023, data_loss=0.0018, ref_loss=0.0281, physics_loss=7.8306E-05, it_time=0.00807 s total_time=6.4 min
[Iteration 6600] total_loss=0.0022, data_loss=0.0017, ref_loss=0.0261, physics_loss=7.9439E-05, it_time=0.00808 s total_time=6.4 min
[Iteration 6610] total_loss=0.0021, data_loss=0.0017, ref_loss=0.0284, physics_loss=7.2792E-05, it_time=0.00808 s total_time=6.4 min
[Iteration 6620] total_loss=0.0021, data_loss=0.0016, ref_loss=0.0276, physics_loss=7.2803E-05, it_time=0.00808 s total_time=6.4 min
[Iteration 6630] total_loss=0.0021, data_loss=0.0016, ref_loss=0.0280, physics_loss=7.4594E-05, it_time=0.00858 s total_time=6.4 min
[Iteration 6640] total_loss=0.0020, data_loss=0.0016, ref_loss=0.0261, physics_loss=7.3873E-05, it_time=0.00852 s total_time=6.4 min
[Iteration 6650] total_loss=0.0021, data_loss=0.0016, ref_loss=0.0283, physics_loss=7.4084E-05, it_time=0.00808 s total_time=6.4 min
[Iteration 6660] total_loss=0.0024, data_loss=0.0019, ref_loss=0.0266, physics_loss=7.1108E-05, it_time=0.00807 s total_time=6.4 min
[Iteration 6670] total_loss=0.0022, data_loss=0.0017, ref_loss=0.0276, physics_loss=7.8017E-05, it_time=0.00859 s total_time=6.4 min
[Iteration 6680] total_loss=0.0022, data_loss=0.0018, ref_loss=0.0262, physics_loss=7.6311E-05, it_time=0.00807 s total_time=6.4 min
[Iteration 6690] total_loss=0.0023, data_loss=0.0018, ref_loss=0.0277, physics_loss=7.2052E-05, it_time=0.00856 s total_time=6.4 min
[Iteration 6700] total_loss=0.0023, data_loss=0.0018, ref_loss=0.0266, physics_loss=7.7261E-05, it_time=0.00807 s total_time=6.5 min
[Iteration 6710] total_loss=0.0024, data_loss=0.0019, ref_loss=0.0275, physics_loss=8.4065E-05, it_time=0.00984 s total_time=6.5 min
[Iteration 6720] total_loss=0.0022, data_loss=0.0018, ref_loss=0.0278, physics_loss=7.7367E-05, it_time=0.00806 s total_time=6.5 min
[Iteration 6730] total_loss=0.0022, data_loss=0.0018, ref_loss=0.0269, physics_loss=7.9049E-05, it_time=0.00806 s total_time=6.5 min
[Iteration 6740] total_loss=0.0022, data_loss=0.0017, ref_loss=0.0278, physics_loss=7.8082E-05, it_time=0.00804 s total_time=6.5 min
[Iteration 6750] total_loss=0.0022, data_loss=0.0018, ref_loss=0.0273, physics_loss=7.1278E-05, it_time=0.00805 s total_time=6.5 min
Total avg
Relative error [Fluid] 16.8
Relative error [Bound] 38.3
Relative error [Core] 8.2
Absolute error [Fluid] 0.1167
Absolute error [Bound] 0.2325
Absolute error [Core] 0.0706
Absolute error [Non-F] 0.0000
R.M.S.   error [Fluid] 0.1900
R.M.S.   error [Bound] 0.3231
R.M.S.   error [Core] 0.0947
R.M.S.   error [Non-F] 0.0000
[Iteration 6760] total_loss=0.0021, data_loss=0.0017, ref_loss=0.0276, physics_loss=7.4474E-05, it_time=0.00807 s total_time=6.5 min
[Iteration 6770] total_loss=0.0022, data_loss=0.0017, ref_loss=0.0264, physics_loss=7.7777E-05, it_time=0.00806 s total_time=6.5 min
[Iteration 6780] total_loss=0.0021, data_loss=0.0017, ref_loss=0.0277, physics_loss=7.5436E-05, it_time=0.00804 s total_time=6.5 min
[Iteration 6790] total_loss=0.0021, data_loss=0.0017, ref_loss=0.0276, physics_loss=7.0055E-05, it_time=0.00856 s total_time=6.6 min
[Iteration 6800] total_loss=0.0022, data_loss=0.0018, ref_loss=0.0276, physics_loss=7.3758E-05, it_time=0.00804 s total_time=6.6 min
[Iteration 6810] total_loss=0.0022, data_loss=0.0018, ref_loss=0.0275, physics_loss=7.1403E-05, it_time=0.00805 s total_time=6.6 min
[Iteration 6820] total_loss=0.0022, data_loss=0.0017, ref_loss=0.0258, physics_loss=7.3588E-05, it_time=0.00804 s total_time=6.6 min
[Iteration 6830] total_loss=0.0021, data_loss=0.0016, ref_loss=0.0286, physics_loss=6.8783E-05, it_time=0.00808 s total_time=6.6 min
[Iteration 6840] total_loss=0.0020, data_loss=0.0015, ref_loss=0.0275, physics_loss=6.9578E-05, it_time=0.00804 s total_time=6.6 min
[Iteration 6850] total_loss=0.0022, data_loss=0.0017, ref_loss=0.0262, physics_loss=7.1099E-05, it_time=0.0086 s total_time=6.6 min
[Iteration 6860] total_loss=0.0022, data_loss=0.0018, ref_loss=0.0292, physics_loss=6.7527E-05, it_time=0.00987 s total_time=6.6 min
[Iteration 6870] total_loss=0.0020, data_loss=0.0016, ref_loss=0.0268, physics_loss=6.8371E-05, it_time=0.00869 s total_time=6.6 min
[Iteration 6880] total_loss=0.0020, data_loss=0.0015, ref_loss=0.0274, physics_loss=6.9255E-05, it_time=0.0082 s total_time=6.6 min
[Iteration 6890] total_loss=0.0022, data_loss=0.0017, ref_loss=0.0285, physics_loss=6.7013E-05, it_time=0.0105 s total_time=6.6 min
[Iteration 6900] total_loss=0.0022, data_loss=0.0017, ref_loss=0.0260, physics_loss=6.9688E-05, it_time=0.01049 s total_time=6.7 min
[Iteration 6910] total_loss=0.0021, data_loss=0.0017, ref_loss=0.0290, physics_loss=7.0743E-05, it_time=0.0111 s total_time=6.7 min
[Iteration 6920] total_loss=0.0022, data_loss=0.0017, ref_loss=0.0252, physics_loss=7.4706E-05, it_time=0.0098 s total_time=6.7 min
[Iteration 6930] total_loss=0.0022, data_loss=0.0017, ref_loss=0.0280, physics_loss=7.4069E-05, it_time=0.00805 s total_time=6.7 min
[Iteration 6940] total_loss=0.0021, data_loss=0.0017, ref_loss=0.0271, physics_loss=6.9958E-05, it_time=0.00803 s total_time=6.7 min
[Iteration 6950] total_loss=0.0021, data_loss=0.0016, ref_loss=0.0276, physics_loss=7.2692E-05, it_time=0.00811 s total_time=6.7 min
[Iteration 6960] total_loss=0.0021, data_loss=0.0017, ref_loss=0.0266, physics_loss=6.8934E-05, it_time=0.00807 s total_time=6.7 min
[Iteration 6970] total_loss=0.0021, data_loss=0.0017, ref_loss=0.0279, physics_loss=7.4455E-05, it_time=0.00805 s total_time=6.7 min
[Iteration 6980] total_loss=0.0022, data_loss=0.0017, ref_loss=0.0255, physics_loss=7.3597E-05, it_time=0.00808 s total_time=6.7 min
[Iteration 6990] total_loss=0.0020, data_loss=0.0015, ref_loss=0.0269, physics_loss=7.1235E-05, it_time=0.00859 s total_time=6.7 min
[Iteration 7000] total_loss=0.0020, data_loss=0.0016, ref_loss=0.0273, physics_loss=6.7969E-05, it_time=0.00859 s total_time=6.7 min
Total avg
Relative error [Fluid] 16.8
Relative error [Bound] 38.4
Relative error [Core] 8.2
Absolute error [Fluid] 0.1166
Absolute error [Bound] 0.2328
Absolute error [Core] 0.0704
Absolute error [Non-F] 0.0000
R.M.S.   error [Fluid] 0.1901
R.M.S.   error [Bound] 0.3232
R.M.S.   error [Core] 0.0948
R.M.S.   error [Non-F] 0.0000
Checkpoint saved to ../models/250202_Aomodel_n2_4dsim/FFN_1t_4dsim_20250213-1047/checkpoints/FFN_1t_4dsim_it7000.pth
[Iteration 7010] total_loss=0.0019, data_loss=0.0015, ref_loss=0.0274, physics_loss=7.0335E-05, it_time=0.00804 s total_time=6.8 min
[Iteration 7020] total_loss=0.0019, data_loss=0.0015, ref_loss=0.0273, physics_loss=6.8373E-05, it_time=0.00807 s total_time=6.8 min
[Iteration 7030] total_loss=0.0019, data_loss=0.0015, ref_loss=0.0274, physics_loss=6.9488E-05, it_time=0.00805 s total_time=6.8 min
[Iteration 7040] total_loss=0.0019, data_loss=0.0015, ref_loss=0.0274, physics_loss=6.8970E-05, it_time=0.00812 s total_time=6.8 min
[Iteration 7050] total_loss=0.0019, data_loss=0.0015, ref_loss=0.0274, physics_loss=6.9517E-05, it_time=0.00815 s total_time=6.8 min
[Iteration 7060] total_loss=0.0019, data_loss=0.0015, ref_loss=0.0274, physics_loss=6.9356E-05, it_time=0.00859 s total_time=6.8 min
[Iteration 7070] total_loss=0.0019, data_loss=0.0014, ref_loss=0.0274, physics_loss=6.9434E-05, it_time=0.01026 s total_time=6.8 min
[Iteration 7080] total_loss=0.0019, data_loss=0.0014, ref_loss=0.0274, physics_loss=6.9490E-05, it_time=0.00805 s total_time=6.8 min
[Iteration 7090] total_loss=0.0019, data_loss=0.0014, ref_loss=0.0274, physics_loss=6.9461E-05, it_time=0.00867 s total_time=6.8 min
[Iteration 7100] total_loss=0.0019, data_loss=0.0014, ref_loss=0.0274, physics_loss=6.9464E-05, it_time=0.00807 s total_time=6.8 min
[Iteration 7110] total_loss=0.0019, data_loss=0.0014, ref_loss=0.0274, physics_loss=6.9468E-05, it_time=0.00865 s total_time=6.9 min
[Iteration 7120] total_loss=0.0019, data_loss=0.0014, ref_loss=0.0275, physics_loss=6.9451E-05, it_time=0.00828 s total_time=6.9 min
[Iteration 7130] total_loss=0.0019, data_loss=0.0014, ref_loss=0.0275, physics_loss=6.9424E-05, it_time=0.00857 s total_time=6.9 min
[Iteration 7140] total_loss=0.0019, data_loss=0.0014, ref_loss=0.0275, physics_loss=6.9396E-05, it_time=0.00859 s total_time=6.9 min
[Iteration 7150] total_loss=0.0019, data_loss=0.0014, ref_loss=0.0275, physics_loss=6.9365E-05, it_time=0.00807 s total_time=6.9 min
[Iteration 7160] total_loss=0.0019, data_loss=0.0014, ref_loss=0.0275, physics_loss=6.9330E-05, it_time=0.00856 s total_time=6.9 min
[Iteration 7170] total_loss=0.0019, data_loss=0.0014, ref_loss=0.0275, physics_loss=6.9291E-05, it_time=0.00805 s total_time=6.9 min
[Iteration 7180] total_loss=0.0019, data_loss=0.0014, ref_loss=0.0275, physics_loss=6.9248E-05, it_time=0.00806 s total_time=6.9 min
[Iteration 7190] total_loss=0.0019, data_loss=0.0014, ref_loss=0.0275, physics_loss=6.9202E-05, it_time=0.01019 s total_time=6.9 min
[Iteration 7200] total_loss=0.0019, data_loss=0.0014, ref_loss=0.0275, physics_loss=6.9152E-05, it_time=0.00836 s total_time=6.9 min
[Iteration 7210] total_loss=0.0019, data_loss=0.0014, ref_loss=0.0275, physics_loss=6.9100E-05, it_time=0.00864 s total_time=6.9 min
[Iteration 7220] total_loss=0.0019, data_loss=0.0014, ref_loss=0.0275, physics_loss=6.9046E-05, it_time=0.00807 s total_time=7.0 min
[Iteration 7230] total_loss=0.0019, data_loss=0.0014, ref_loss=0.0275, physics_loss=6.8989E-05, it_time=0.00832 s total_time=7.0 min
[Iteration 7240] total_loss=0.0019, data_loss=0.0014, ref_loss=0.0275, physics_loss=6.8930E-05, it_time=0.00858 s total_time=7.0 min
[Iteration 7250] total_loss=0.0019, data_loss=0.0014, ref_loss=0.0275, physics_loss=6.8869E-05, it_time=0.00807 s total_time=7.0 min
Total avg
Relative error [Fluid] 16.8
Relative error [Bound] 38.2
Relative error [Core] 8.2
Absolute error [Fluid] 0.1170
Absolute error [Bound] 0.2330
Absolute error [Core] 0.0709
Absolute error [Non-F] 0.0000
R.M.S.   error [Fluid] 0.1909
R.M.S.   error [Bound] 0.3243
R.M.S.   error [Core] 0.0955
R.M.S.   error [Non-F] 0.0000
[Iteration 7260] total_loss=0.0019, data_loss=0.0014, ref_loss=0.0275, physics_loss=6.8806E-05, it_time=0.00808 s total_time=7.0 min
[Iteration 7270] total_loss=0.0018, data_loss=0.0014, ref_loss=0.0275, physics_loss=6.8741E-05, it_time=0.00933 s total_time=7.0 min
[Iteration 7280] total_loss=0.0018, data_loss=0.0014, ref_loss=0.0275, physics_loss=6.8674E-05, it_time=0.00807 s total_time=7.0 min
[Iteration 7290] total_loss=0.0018, data_loss=0.0014, ref_loss=0.0275, physics_loss=6.8605E-05, it_time=0.00804 s total_time=7.0 min
[Iteration 7300] total_loss=0.0018, data_loss=0.0014, ref_loss=0.0275, physics_loss=6.8535E-05, it_time=0.00804 s total_time=7.0 min
[Iteration 7310] total_loss=0.0018, data_loss=0.0014, ref_loss=0.0275, physics_loss=6.8464E-05, it_time=0.00806 s total_time=7.1 min
[Iteration 7320] total_loss=0.0018, data_loss=0.0014, ref_loss=0.0275, physics_loss=6.8386E-05, it_time=0.00805 s total_time=7.1 min
[Iteration 7330] total_loss=0.0018, data_loss=0.0014, ref_loss=0.0276, physics_loss=6.8245E-05, it_time=0.00807 s total_time=7.1 min
[Iteration 7340] total_loss=0.0019, data_loss=0.0014, ref_loss=0.0282, physics_loss=6.7113E-05, it_time=0.00806 s total_time=7.1 min
[Iteration 7350] total_loss=0.0019, data_loss=0.0014, ref_loss=0.0278, physics_loss=6.6542E-05, it_time=0.00858 s total_time=7.1 min
[Iteration 7360] total_loss=0.0019, data_loss=0.0015, ref_loss=0.0262, physics_loss=7.1497E-05, it_time=0.00814 s total_time=7.1 min
[Iteration 7370] total_loss=0.0019, data_loss=0.0015, ref_loss=0.0282, physics_loss=6.8833E-05, it_time=0.00807 s total_time=7.1 min
[Iteration 7380] total_loss=0.0019, data_loss=0.0014, ref_loss=0.0264, physics_loss=6.9882E-05, it_time=0.00807 s total_time=7.1 min
[Iteration 7390] total_loss=0.0018, data_loss=0.0014, ref_loss=0.0277, physics_loss=6.8523E-05, it_time=0.00807 s total_time=7.1 min
[Iteration 7400] total_loss=0.0019, data_loss=0.0014, ref_loss=0.0269, physics_loss=6.9091E-05, it_time=0.00804 s total_time=7.1 min
[Iteration 7410] total_loss=0.0018, data_loss=0.0014, ref_loss=0.0274, physics_loss=6.8408E-05, it_time=0.00806 s total_time=7.1 min
[Iteration 7420] total_loss=0.0019, data_loss=0.0014, ref_loss=0.0273, physics_loss=6.8359E-05, it_time=0.00813 s total_time=7.1 min
[Iteration 7430] total_loss=0.0019, data_loss=0.0014, ref_loss=0.0267, physics_loss=6.9509E-05, it_time=0.00806 s total_time=7.2 min
[Iteration 7440] total_loss=0.0019, data_loss=0.0015, ref_loss=0.0280, physics_loss=6.8189E-05, it_time=0.00806 s total_time=7.2 min
[Iteration 7450] total_loss=0.0019, data_loss=0.0015, ref_loss=0.0272, physics_loss=6.5126E-05, it_time=0.00806 s total_time=7.2 min
[Iteration 7460] total_loss=0.0019, data_loss=0.0014, ref_loss=0.0282, physics_loss=6.7038E-05, it_time=0.00806 s total_time=7.2 min
[Iteration 7470] total_loss=0.0018, data_loss=0.0014, ref_loss=0.0270, physics_loss=6.7710E-05, it_time=0.00806 s total_time=7.2 min
[Iteration 7480] total_loss=0.0019, data_loss=0.0015, ref_loss=0.0274, physics_loss=6.8747E-05, it_time=0.0081 s total_time=7.2 min
[Iteration 7490] total_loss=0.0020, data_loss=0.0016, ref_loss=0.0287, physics_loss=6.4381E-05, it_time=0.00805 s total_time=7.2 min
[Iteration 7500] total_loss=0.0019, data_loss=0.0015, ref_loss=0.0264, physics_loss=6.8443E-05, it_time=0.00861 s total_time=7.2 min
Total avg
Relative error [Fluid] 16.7
Relative error [Bound] 37.9
Relative error [Core] 8.3
Absolute error [Fluid] 0.1165
Absolute error [Bound] 0.2286
Absolute error [Core] 0.0718
Absolute error [Non-F] 0.0000
R.M.S.   error [Fluid] 0.1869
R.M.S.   error [Bound] 0.3149
R.M.S.   error [Core] 0.0967
R.M.S.   error [Non-F] 0.0000
Checkpoint saved to ../models/250202_Aomodel_n2_4dsim/FFN_1t_4dsim_20250213-1047/checkpoints/FFN_1t_4dsim_it7500.pth
[Iteration 7510] total_loss=0.0019, data_loss=0.0014, ref_loss=0.0283, physics_loss=6.6855E-05, it_time=0.00931 s total_time=7.2 min
[Iteration 7520] total_loss=0.0019, data_loss=0.0014, ref_loss=0.0274, physics_loss=6.4203E-05, it_time=0.00805 s total_time=7.3 min
[Iteration 7530] total_loss=0.0018, data_loss=0.0014, ref_loss=0.0276, physics_loss=6.7428E-05, it_time=0.00809 s total_time=7.3 min
[Iteration 7540] total_loss=0.0018, data_loss=0.0014, ref_loss=0.0275, physics_loss=6.5638E-05, it_time=0.0106 s total_time=7.3 min
[Iteration 7550] total_loss=0.0018, data_loss=0.0014, ref_loss=0.0273, physics_loss=6.6024E-05, it_time=0.00856 s total_time=7.3 min
[Iteration 7560] total_loss=0.0019, data_loss=0.0014, ref_loss=0.0272, physics_loss=6.9383E-05, it_time=0.00804 s total_time=7.3 min
[Iteration 7570] total_loss=0.0019, data_loss=0.0014, ref_loss=0.0266, physics_loss=6.5998E-05, it_time=0.00806 s total_time=7.3 min
[Iteration 7580] total_loss=0.0018, data_loss=0.0014, ref_loss=0.0284, physics_loss=6.4578E-05, it_time=0.01045 s total_time=7.3 min
[Iteration 7590] total_loss=0.0019, data_loss=0.0014, ref_loss=0.0279, physics_loss=6.3690E-05, it_time=0.00807 s total_time=7.3 min
[Iteration 7600] total_loss=0.0019, data_loss=0.0014, ref_loss=0.0270, physics_loss=6.5447E-05, it_time=0.00803 s total_time=7.3 min
[Iteration 7610] total_loss=0.0019, data_loss=0.0015, ref_loss=0.0267, physics_loss=7.0471E-05, it_time=0.00834 s total_time=7.3 min
[Iteration 7620] total_loss=0.0019, data_loss=0.0015, ref_loss=0.0283, physics_loss=6.3182E-05, it_time=0.00804 s total_time=7.3 min
[Iteration 7630] total_loss=0.0018, data_loss=0.0014, ref_loss=0.0272, physics_loss=6.6736E-05, it_time=0.00911 s total_time=7.4 min
[Iteration 7640] total_loss=0.0019, data_loss=0.0014, ref_loss=0.0284, physics_loss=6.6063E-05, it_time=0.00805 s total_time=7.4 min
[Iteration 7650] total_loss=0.0019, data_loss=0.0015, ref_loss=0.0283, physics_loss=6.2991E-05, it_time=0.00804 s total_time=7.4 min
[Iteration 7660] total_loss=0.0019, data_loss=0.0014, ref_loss=0.0264, physics_loss=6.5289E-05, it_time=0.00805 s total_time=7.4 min
[Iteration 7670] total_loss=0.0018, data_loss=0.0014, ref_loss=0.0277, physics_loss=6.6577E-05, it_time=0.00855 s total_time=7.4 min
[Iteration 7680] total_loss=0.0018, data_loss=0.0014, ref_loss=0.0273, physics_loss=6.4753E-05, it_time=0.00803 s total_time=7.4 min
[Iteration 7690] total_loss=0.0019, data_loss=0.0014, ref_loss=0.0284, physics_loss=6.2405E-05, it_time=0.00806 s total_time=7.4 min
[Iteration 7700] total_loss=0.0018, data_loss=0.0014, ref_loss=0.0270, physics_loss=6.6547E-05, it_time=0.00804 s total_time=7.4 min
[Iteration 7710] total_loss=0.0019, data_loss=0.0014, ref_loss=0.0271, physics_loss=6.5730E-05, it_time=0.01042 s total_time=7.4 min
[Iteration 7720] total_loss=0.0018, data_loss=0.0014, ref_loss=0.0281, physics_loss=6.2865E-05, it_time=0.00817 s total_time=7.4 min
[Iteration 7730] total_loss=0.0018, data_loss=0.0014, ref_loss=0.0279, physics_loss=6.2596E-05, it_time=0.00808 s total_time=7.4 min
[Iteration 7740] total_loss=0.0019, data_loss=0.0014, ref_loss=0.0269, physics_loss=6.7115E-05, it_time=0.00808 s total_time=7.5 min
[Iteration 7750] total_loss=0.0019, data_loss=0.0015, ref_loss=0.0273, physics_loss=6.1969E-05, it_time=0.00806 s total_time=7.5 min
Total avg
Relative error [Fluid] 16.7
Relative error [Bound] 38.2
Relative error [Core] 8.2
Absolute error [Fluid] 0.1159
Absolute error [Bound] 0.2313
Absolute error [Core] 0.0699
Absolute error [Non-F] 0.0000
R.M.S.   error [Fluid] 0.1902
R.M.S.   error [Bound] 0.3241
R.M.S.   error [Core] 0.0938
R.M.S.   error [Non-F] 0.0000
[Iteration 7760] total_loss=0.0019, data_loss=0.0015, ref_loss=0.0280, physics_loss=6.7681E-05, it_time=0.00805 s total_time=7.5 min
[Iteration 7770] total_loss=0.0019, data_loss=0.0014, ref_loss=0.0277, physics_loss=6.2229E-05, it_time=0.00858 s total_time=7.5 min
[Iteration 7780] total_loss=0.0018, data_loss=0.0014, ref_loss=0.0268, physics_loss=6.4625E-05, it_time=0.00855 s total_time=7.5 min
[Iteration 7790] total_loss=0.0018, data_loss=0.0014, ref_loss=0.0278, physics_loss=6.5153E-05, it_time=0.00808 s total_time=7.5 min
[Iteration 7800] total_loss=0.0018, data_loss=0.0014, ref_loss=0.0282, physics_loss=6.3353E-05, it_time=0.01092 s total_time=7.5 min
[Iteration 7810] total_loss=0.0019, data_loss=0.0014, ref_loss=0.0277, physics_loss=6.1512E-05, it_time=0.00805 s total_time=7.5 min
[Iteration 7820] total_loss=0.0018, data_loss=0.0014, ref_loss=0.0267, physics_loss=6.4603E-05, it_time=0.00805 s total_time=7.5 min
[Iteration 7830] total_loss=0.0018, data_loss=0.0014, ref_loss=0.0266, physics_loss=6.5170E-05, it_time=0.00805 s total_time=7.5 min
[Iteration 7840] total_loss=0.0018, data_loss=0.0014, ref_loss=0.0271, physics_loss=6.2038E-05, it_time=0.00806 s total_time=7.6 min
[Iteration 7850] total_loss=0.0018, data_loss=0.0014, ref_loss=0.0276, physics_loss=6.2932E-05, it_time=0.00861 s total_time=7.6 min
[Iteration 7860] total_loss=0.0019, data_loss=0.0015, ref_loss=0.0282, physics_loss=6.6718E-05, it_time=0.00805 s total_time=7.6 min
[Iteration 7870] total_loss=0.0020, data_loss=0.0015, ref_loss=0.0281, physics_loss=6.0274E-05, it_time=0.00806 s total_time=7.6 min
[Iteration 7880] total_loss=0.0018, data_loss=0.0014, ref_loss=0.0276, physics_loss=6.5549E-05, it_time=0.00807 s total_time=7.6 min
[Iteration 7890] total_loss=0.0019, data_loss=0.0014, ref_loss=0.0284, physics_loss=6.3342E-05, it_time=0.00806 s total_time=7.6 min
[Iteration 7900] total_loss=0.0018, data_loss=0.0014, ref_loss=0.0281, physics_loss=6.2212E-05, it_time=0.00804 s total_time=7.6 min
[Iteration 7910] total_loss=0.0018, data_loss=0.0014, ref_loss=0.0272, physics_loss=6.3841E-05, it_time=0.0086 s total_time=7.6 min
[Iteration 7920] total_loss=0.0018, data_loss=0.0014, ref_loss=0.0262, physics_loss=6.4286E-05, it_time=0.00805 s total_time=7.6 min
[Iteration 7930] total_loss=0.0019, data_loss=0.0015, ref_loss=0.0289, physics_loss=6.2598E-05, it_time=0.00806 s total_time=7.6 min
[Iteration 7940] total_loss=0.0018, data_loss=0.0013, ref_loss=0.0278, physics_loss=6.2967E-05, it_time=0.00808 s total_time=7.6 min
[Iteration 7950] total_loss=0.0018, data_loss=0.0013, ref_loss=0.0283, physics_loss=6.1122E-05, it_time=0.00837 s total_time=7.7 min
[Iteration 7960] total_loss=0.0018, data_loss=0.0014, ref_loss=0.0282, physics_loss=6.3142E-05, it_time=0.00805 s total_time=7.7 min
[Iteration 7970] total_loss=0.0019, data_loss=0.0014, ref_loss=0.0261, physics_loss=6.5750E-05, it_time=0.00807 s total_time=7.7 min
[Iteration 7980] total_loss=0.0017, data_loss=0.0013, ref_loss=0.0278, physics_loss=6.1747E-05, it_time=0.00859 s total_time=7.7 min
[Iteration 7990] total_loss=0.0019, data_loss=0.0015, ref_loss=0.0283, physics_loss=6.4714E-05, it_time=0.00863 s total_time=7.7 min
[Iteration 8000] total_loss=0.0019, data_loss=0.0015, ref_loss=0.0261, physics_loss=6.4506E-05, it_time=0.00805 s total_time=7.7 min
Total avg
Relative error [Fluid] 16.7
Relative error [Bound] 37.8
Relative error [Core] 8.3
Absolute error [Fluid] 0.1164
Absolute error [Bound] 0.2273
Absolute error [Core] 0.0723
Absolute error [Non-F] 0.0000
R.M.S.   error [Fluid] 0.1857
R.M.S.   error [Bound] 0.3121
R.M.S.   error [Core] 0.0972
R.M.S.   error [Non-F] 0.0000
Checkpoint saved to ../models/250202_Aomodel_n2_4dsim/FFN_1t_4dsim_20250213-1047/checkpoints/FFN_1t_4dsim_it8000.pth
[Iteration 8010] total_loss=0.0018, data_loss=0.0014, ref_loss=0.0276, physics_loss=5.9765E-05, it_time=0.00807 s total_time=7.7 min
[Iteration 8020] total_loss=0.0017, data_loss=0.0013, ref_loss=0.0297, physics_loss=5.9951E-05, it_time=0.00808 s total_time=7.7 min
[Iteration 8030] total_loss=0.0022, data_loss=0.0018, ref_loss=0.0262, physics_loss=7.6743E-05, it_time=0.00804 s total_time=7.7 min
[Iteration 8040] total_loss=0.0019, data_loss=0.0014, ref_loss=0.0266, physics_loss=6.0444E-05, it_time=0.00805 s total_time=7.8 min
[Iteration 8050] total_loss=0.0018, data_loss=0.0013, ref_loss=0.0278, physics_loss=5.8818E-05, it_time=0.01101 s total_time=7.8 min
[Iteration 8060] total_loss=0.0019, data_loss=0.0014, ref_loss=0.0279, physics_loss=6.5216E-05, it_time=0.00808 s total_time=7.8 min
[Iteration 8070] total_loss=0.0018, data_loss=0.0013, ref_loss=0.0272, physics_loss=5.9487E-05, it_time=0.00817 s total_time=7.8 min
[Iteration 8080] total_loss=0.0017, data_loss=0.0013, ref_loss=0.0281, physics_loss=5.9519E-05, it_time=0.00805 s total_time=7.8 min
[Iteration 8090] total_loss=0.0017, data_loss=0.0013, ref_loss=0.0276, physics_loss=6.3259E-05, it_time=0.00807 s total_time=7.8 min
[Iteration 8100] total_loss=0.0017, data_loss=0.0013, ref_loss=0.0272, physics_loss=5.9319E-05, it_time=0.00859 s total_time=7.8 min
[Iteration 8110] total_loss=0.0017, data_loss=0.0013, ref_loss=0.0282, physics_loss=6.0147E-05, it_time=0.00806 s total_time=7.8 min
[Iteration 8120] total_loss=0.0017, data_loss=0.0013, ref_loss=0.0274, physics_loss=6.2183E-05, it_time=0.00807 s total_time=7.8 min
[Iteration 8130] total_loss=0.0017, data_loss=0.0013, ref_loss=0.0277, physics_loss=5.9609E-05, it_time=0.00809 s total_time=7.8 min
[Iteration 8140] total_loss=0.0017, data_loss=0.0013, ref_loss=0.0280, physics_loss=6.0842E-05, it_time=0.00908 s total_time=7.8 min
[Iteration 8150] total_loss=0.0017, data_loss=0.0013, ref_loss=0.0275, physics_loss=6.1407E-05, it_time=0.00807 s total_time=7.8 min
[Iteration 8160] total_loss=0.0017, data_loss=0.0013, ref_loss=0.0278, physics_loss=6.0238E-05, it_time=0.0086 s total_time=7.9 min
[Iteration 8170] total_loss=0.0017, data_loss=0.0013, ref_loss=0.0277, physics_loss=6.1109E-05, it_time=0.00805 s total_time=7.9 min
[Iteration 8180] total_loss=0.0017, data_loss=0.0013, ref_loss=0.0277, physics_loss=6.0618E-05, it_time=0.00804 s total_time=7.9 min
[Iteration 8190] total_loss=0.0017, data_loss=0.0013, ref_loss=0.0277, physics_loss=6.0928E-05, it_time=0.00853 s total_time=7.9 min
[Iteration 8200] total_loss=0.0017, data_loss=0.0013, ref_loss=0.0277, physics_loss=6.0757E-05, it_time=0.00807 s total_time=7.9 min
[Iteration 8210] total_loss=0.0017, data_loss=0.0013, ref_loss=0.0277, physics_loss=6.0854E-05, it_time=0.00805 s total_time=7.9 min
[Iteration 8220] total_loss=0.0017, data_loss=0.0012, ref_loss=0.0277, physics_loss=6.0797E-05, it_time=0.01046 s total_time=7.9 min
[Iteration 8230] total_loss=0.0017, data_loss=0.0012, ref_loss=0.0277, physics_loss=6.0804E-05, it_time=0.00996 s total_time=7.9 min
[Iteration 8240] total_loss=0.0017, data_loss=0.0012, ref_loss=0.0277, physics_loss=6.0792E-05, it_time=0.0081 s total_time=7.9 min
[Iteration 8250] total_loss=0.0017, data_loss=0.0012, ref_loss=0.0277, physics_loss=6.0763E-05, it_time=0.00805 s total_time=7.9 min
Total avg
Relative error [Fluid] 16.8
Relative error [Bound] 38.3
Relative error [Core] 8.2
Absolute error [Fluid] 0.1174
Absolute error [Bound] 0.2341
Absolute error [Core] 0.0709
Absolute error [Non-F] 0.0000
R.M.S.   error [Fluid] 0.1918
R.M.S.   error [Bound] 0.3260
R.M.S.   error [Core] 0.0955
R.M.S.   error [Non-F] 0.0000
[Iteration 8260] total_loss=0.0017, data_loss=0.0012, ref_loss=0.0277, physics_loss=6.0749E-05, it_time=0.00805 s total_time=8.0 min
[Iteration 8270] total_loss=0.0017, data_loss=0.0012, ref_loss=0.0277, physics_loss=6.0726E-05, it_time=0.00794 s total_time=8.0 min
[Iteration 8280] total_loss=0.0017, data_loss=0.0012, ref_loss=0.0277, physics_loss=6.0697E-05, it_time=0.00804 s total_time=8.0 min
[Iteration 8290] total_loss=0.0017, data_loss=0.0012, ref_loss=0.0277, physics_loss=6.0669E-05, it_time=0.01051 s total_time=8.0 min
[Iteration 8300] total_loss=0.0017, data_loss=0.0012, ref_loss=0.0277, physics_loss=6.0639E-05, it_time=0.00813 s total_time=8.0 min
[Iteration 8310] total_loss=0.0017, data_loss=0.0012, ref_loss=0.0277, physics_loss=6.0607E-05, it_time=0.00806 s total_time=8.0 min
[Iteration 8320] total_loss=0.0017, data_loss=0.0012, ref_loss=0.0277, physics_loss=6.0573E-05, it_time=0.00805 s total_time=8.0 min
[Iteration 8330] total_loss=0.0017, data_loss=0.0012, ref_loss=0.0277, physics_loss=6.0537E-05, it_time=0.00806 s total_time=8.0 min
[Iteration 8340] total_loss=0.0017, data_loss=0.0012, ref_loss=0.0278, physics_loss=6.0500E-05, it_time=0.00808 s total_time=8.0 min
[Iteration 8350] total_loss=0.0017, data_loss=0.0012, ref_loss=0.0278, physics_loss=6.0461E-05, it_time=0.00806 s total_time=8.0 min
[Iteration 8360] total_loss=0.0017, data_loss=0.0012, ref_loss=0.0278, physics_loss=6.0422E-05, it_time=0.00805 s total_time=8.1 min
[Iteration 8370] total_loss=0.0017, data_loss=0.0012, ref_loss=0.0278, physics_loss=6.0381E-05, it_time=0.00807 s total_time=8.1 min
[Iteration 8380] total_loss=0.0017, data_loss=0.0012, ref_loss=0.0278, physics_loss=6.0339E-05, it_time=0.00806 s total_time=8.1 min
[Iteration 8390] total_loss=0.0017, data_loss=0.0012, ref_loss=0.0278, physics_loss=6.0296E-05, it_time=0.00803 s total_time=8.1 min
[Iteration 8400] total_loss=0.0017, data_loss=0.0012, ref_loss=0.0278, physics_loss=6.0251E-05, it_time=0.00805 s total_time=8.1 min
[Iteration 8410] total_loss=0.0017, data_loss=0.0012, ref_loss=0.0278, physics_loss=6.0206E-05, it_time=0.00807 s total_time=8.1 min
[Iteration 8420] total_loss=0.0017, data_loss=0.0012, ref_loss=0.0278, physics_loss=6.0160E-05, it_time=0.00803 s total_time=8.1 min
[Iteration 8430] total_loss=0.0017, data_loss=0.0012, ref_loss=0.0278, physics_loss=6.0113E-05, it_time=0.00806 s total_time=8.1 min
[Iteration 8440] total_loss=0.0017, data_loss=0.0012, ref_loss=0.0278, physics_loss=6.0065E-05, it_time=0.00805 s total_time=8.1 min
[Iteration 8450] total_loss=0.0017, data_loss=0.0012, ref_loss=0.0278, physics_loss=6.0015E-05, it_time=0.00861 s total_time=8.1 min
[Iteration 8460] total_loss=0.0016, data_loss=0.0012, ref_loss=0.0278, physics_loss=5.9945E-05, it_time=0.00829 s total_time=8.1 min
[Iteration 8470] total_loss=0.0017, data_loss=0.0013, ref_loss=0.0283, physics_loss=6.1140E-05, it_time=0.00808 s total_time=8.1 min
[Iteration 8480] total_loss=0.0017, data_loss=0.0012, ref_loss=0.0274, physics_loss=6.1124E-05, it_time=0.00807 s total_time=8.2 min
[Iteration 8490] total_loss=0.0017, data_loss=0.0012, ref_loss=0.0279, physics_loss=5.9389E-05, it_time=0.0086 s total_time=8.2 min
[Iteration 8500] total_loss=0.0017, data_loss=0.0012, ref_loss=0.0281, physics_loss=6.0383E-05, it_time=0.00806 s total_time=8.2 min
Total avg
Relative error [Fluid] 16.8
Relative error [Bound] 38.3
Relative error [Core] 8.3
Absolute error [Fluid] 0.1182
Absolute error [Bound] 0.2357
Absolute error [Core] 0.0715
Absolute error [Non-F] 0.0000
R.M.S.   error [Fluid] 0.1932
R.M.S.   error [Bound] 0.3284
R.M.S.   error [Core] 0.0962
R.M.S.   error [Non-F] 0.0000
Checkpoint saved to ../models/250202_Aomodel_n2_4dsim/FFN_1t_4dsim_20250213-1047/checkpoints/FFN_1t_4dsim_it8500.pth
[Iteration 8510] total_loss=0.0016, data_loss=0.0012, ref_loss=0.0278, physics_loss=5.9410E-05, it_time=0.00806 s total_time=8.2 min
[Iteration 8520] total_loss=0.0017, data_loss=0.0012, ref_loss=0.0274, physics_loss=5.9399E-05, it_time=0.00806 s total_time=8.2 min
[Iteration 8530] total_loss=0.0017, data_loss=0.0013, ref_loss=0.0274, physics_loss=5.9097E-05, it_time=0.00805 s total_time=8.2 min
[Iteration 8540] total_loss=0.0016, data_loss=0.0012, ref_loss=0.0277, physics_loss=5.9399E-05, it_time=0.00808 s total_time=8.2 min
[Iteration 8550] total_loss=0.0017, data_loss=0.0012, ref_loss=0.0281, physics_loss=6.0541E-05, it_time=0.0086 s total_time=8.2 min
[Iteration 8560] total_loss=0.0017, data_loss=0.0012, ref_loss=0.0280, physics_loss=6.0008E-05, it_time=0.00806 s total_time=8.2 min
[Iteration 8570] total_loss=0.0017, data_loss=0.0013, ref_loss=0.0275, physics_loss=5.8438E-05, it_time=0.00805 s total_time=8.3 min
[Iteration 8580] total_loss=0.0017, data_loss=0.0012, ref_loss=0.0270, physics_loss=6.0235E-05, it_time=0.00804 s total_time=8.3 min
[Iteration 8590] total_loss=0.0017, data_loss=0.0012, ref_loss=0.0274, physics_loss=6.0228E-05, it_time=0.00806 s total_time=8.3 min
[Iteration 8600] total_loss=0.0017, data_loss=0.0013, ref_loss=0.0276, physics_loss=6.2007E-05, it_time=0.00806 s total_time=8.3 min
[Iteration 8610] total_loss=0.0017, data_loss=0.0012, ref_loss=0.0283, physics_loss=5.9178E-05, it_time=0.00807 s total_time=8.3 min
[Iteration 8620] total_loss=0.0017, data_loss=0.0013, ref_loss=0.0285, physics_loss=5.9363E-05, it_time=0.0081 s total_time=8.3 min
[Iteration 8630] total_loss=0.0016, data_loss=0.0012, ref_loss=0.0272, physics_loss=5.9244E-05, it_time=0.00814 s total_time=8.3 min
[Iteration 8640] total_loss=0.0017, data_loss=0.0013, ref_loss=0.0271, physics_loss=6.0879E-05, it_time=0.00833 s total_time=8.3 min
[Iteration 8650] total_loss=0.0017, data_loss=0.0013, ref_loss=0.0286, physics_loss=6.0061E-05, it_time=0.00988 s total_time=8.3 min
[Iteration 8660] total_loss=0.0016, data_loss=0.0012, ref_loss=0.0270, physics_loss=6.0092E-05, it_time=0.00849 s total_time=8.3 min
[Iteration 8670] total_loss=0.0016, data_loss=0.0012, ref_loss=0.0274, physics_loss=5.8994E-05, it_time=0.00995 s total_time=8.3 min
[Iteration 8680] total_loss=0.0017, data_loss=0.0012, ref_loss=0.0279, physics_loss=6.0332E-05, it_time=0.00813 s total_time=8.4 min
[Iteration 8690] total_loss=0.0017, data_loss=0.0013, ref_loss=0.0281, physics_loss=6.0028E-05, it_time=0.00818 s total_time=8.4 min
[Iteration 8700] total_loss=0.0017, data_loss=0.0012, ref_loss=0.0283, physics_loss=5.7314E-05, it_time=0.00807 s total_time=8.4 min
[Iteration 8710] total_loss=0.0017, data_loss=0.0013, ref_loss=0.0286, physics_loss=5.7274E-05, it_time=0.00805 s total_time=8.4 min
[Iteration 8720] total_loss=0.0016, data_loss=0.0012, ref_loss=0.0279, physics_loss=5.8056E-05, it_time=0.00806 s total_time=8.4 min
[Iteration 8730] total_loss=0.0016, data_loss=0.0012, ref_loss=0.0276, physics_loss=5.9535E-05, it_time=0.00805 s total_time=8.4 min
[Iteration 8740] total_loss=0.0017, data_loss=0.0013, ref_loss=0.0285, physics_loss=5.9522E-05, it_time=0.00906 s total_time=8.4 min
[Iteration 8750] total_loss=0.0017, data_loss=0.0012, ref_loss=0.0279, physics_loss=5.6419E-05, it_time=0.00817 s total_time=8.4 min
Total avg
Relative error [Fluid] 16.8
Relative error [Bound] 38.3
Relative error [Core] 8.2
Absolute error [Fluid] 0.1172
Absolute error [Bound] 0.2350
Absolute error [Core] 0.0703
Absolute error [Non-F] 0.0000
R.M.S.   error [Fluid] 0.1925
R.M.S.   error [Bound] 0.3282
R.M.S.   error [Core] 0.0945
R.M.S.   error [Non-F] 0.0000
[Iteration 8760] total_loss=0.0016, data_loss=0.0012, ref_loss=0.0273, physics_loss=5.7461E-05, it_time=0.00813 s total_time=8.4 min
[Iteration 8770] total_loss=0.0017, data_loss=0.0013, ref_loss=0.0274, physics_loss=5.7567E-05, it_time=0.00809 s total_time=8.4 min
[Iteration 8780] total_loss=0.0016, data_loss=0.0012, ref_loss=0.0282, physics_loss=5.8315E-05, it_time=0.00806 s total_time=8.5 min
[Iteration 8790] total_loss=0.0016, data_loss=0.0012, ref_loss=0.0278, physics_loss=5.8575E-05, it_time=0.00806 s total_time=8.5 min
[Iteration 8800] total_loss=0.0017, data_loss=0.0013, ref_loss=0.0267, physics_loss=5.8576E-05, it_time=0.00807 s total_time=8.5 min
[Iteration 8810] total_loss=0.0017, data_loss=0.0013, ref_loss=0.0273, physics_loss=6.0769E-05, it_time=0.00808 s total_time=8.5 min
[Iteration 8820] total_loss=0.0016, data_loss=0.0012, ref_loss=0.0276, physics_loss=5.7003E-05, it_time=0.00809 s total_time=8.5 min
[Iteration 8830] total_loss=0.0017, data_loss=0.0013, ref_loss=0.0273, physics_loss=5.6955E-05, it_time=0.00807 s total_time=8.5 min
[Iteration 8840] total_loss=0.0016, data_loss=0.0012, ref_loss=0.0282, physics_loss=5.7910E-05, it_time=0.00804 s total_time=8.5 min
[Iteration 8850] total_loss=0.0016, data_loss=0.0012, ref_loss=0.0279, physics_loss=5.6768E-05, it_time=0.0086 s total_time=8.5 min
[Iteration 8860] total_loss=0.0017, data_loss=0.0012, ref_loss=0.0280, physics_loss=5.5744E-05, it_time=0.00809 s total_time=8.5 min
[Iteration 8870] total_loss=0.0017, data_loss=0.0013, ref_loss=0.0289, physics_loss=5.5912E-05, it_time=0.00806 s total_time=8.5 min
[Iteration 8880] total_loss=0.0017, data_loss=0.0012, ref_loss=0.0286, physics_loss=5.6485E-05, it_time=0.00807 s total_time=8.5 min
[Iteration 8890] total_loss=0.0016, data_loss=0.0012, ref_loss=0.0272, physics_loss=5.7582E-05, it_time=0.0086 s total_time=8.6 min
[Iteration 8900] total_loss=0.0017, data_loss=0.0012, ref_loss=0.0268, physics_loss=5.9389E-05, it_time=0.00807 s total_time=8.6 min
[Iteration 8910] total_loss=0.0016, data_loss=0.0012, ref_loss=0.0281, physics_loss=5.7630E-05, it_time=0.01052 s total_time=8.6 min
[Iteration 8920] total_loss=0.0017, data_loss=0.0013, ref_loss=0.0282, physics_loss=5.8732E-05, it_time=0.00854 s total_time=8.6 min
[Iteration 8930] total_loss=0.0016, data_loss=0.0012, ref_loss=0.0267, physics_loss=5.8438E-05, it_time=0.00816 s total_time=8.6 min
[Iteration 8940] total_loss=0.0016, data_loss=0.0012, ref_loss=0.0276, physics_loss=5.7706E-05, it_time=0.00806 s total_time=8.6 min
[Iteration 8950] total_loss=0.0017, data_loss=0.0013, ref_loss=0.0283, physics_loss=5.8527E-05, it_time=0.00857 s total_time=8.6 min
[Iteration 8960] total_loss=0.0016, data_loss=0.0012, ref_loss=0.0276, physics_loss=5.6541E-05, it_time=0.00808 s total_time=8.6 min
[Iteration 8970] total_loss=0.0017, data_loss=0.0012, ref_loss=0.0274, physics_loss=5.6590E-05, it_time=0.00809 s total_time=8.6 min
[Iteration 8980] total_loss=0.0017, data_loss=0.0013, ref_loss=0.0289, physics_loss=5.5007E-05, it_time=0.00809 s total_time=8.6 min
[Iteration 8990] total_loss=0.0016, data_loss=0.0012, ref_loss=0.0283, physics_loss=5.6027E-05, it_time=0.00809 s total_time=8.6 min
[Iteration 9000] total_loss=0.0016, data_loss=0.0012, ref_loss=0.0273, physics_loss=5.7405E-05, it_time=0.00809 s total_time=8.6 min
Total avg
Relative error [Fluid] 16.8
Relative error [Bound] 38.1
Relative error [Core] 8.3
Absolute error [Fluid] 0.1173
Absolute error [Bound] 0.2327
Absolute error [Core] 0.0714
Absolute error [Non-F] 0.0000
R.M.S.   error [Fluid] 0.1902
R.M.S.   error [Bound] 0.3225
R.M.S.   error [Core] 0.0960
R.M.S.   error [Non-F] 0.0000
Checkpoint saved to ../models/250202_Aomodel_n2_4dsim/FFN_1t_4dsim_20250213-1047/checkpoints/FFN_1t_4dsim_it9000.pth
[Iteration 9010] total_loss=0.0016, data_loss=0.0012, ref_loss=0.0281, physics_loss=5.6063E-05, it_time=0.00806 s total_time=8.7 min
[Iteration 9020] total_loss=0.0016, data_loss=0.0011, ref_loss=0.0278, physics_loss=5.6157E-05, it_time=0.00805 s total_time=8.7 min
[Iteration 9030] total_loss=0.0016, data_loss=0.0011, ref_loss=0.0278, physics_loss=5.5972E-05, it_time=0.0086 s total_time=8.7 min
[Iteration 9040] total_loss=0.0016, data_loss=0.0011, ref_loss=0.0279, physics_loss=5.6077E-05, it_time=0.00808 s total_time=8.7 min
[Iteration 9050] total_loss=0.0016, data_loss=0.0011, ref_loss=0.0279, physics_loss=5.6058E-05, it_time=0.0086 s total_time=8.7 min
[Iteration 9060] total_loss=0.0016, data_loss=0.0011, ref_loss=0.0279, physics_loss=5.6104E-05, it_time=0.00809 s total_time=8.7 min
[Iteration 9070] total_loss=0.0016, data_loss=0.0011, ref_loss=0.0279, physics_loss=5.6082E-05, it_time=0.00809 s total_time=8.7 min
[Iteration 9080] total_loss=0.0016, data_loss=0.0011, ref_loss=0.0279, physics_loss=5.6105E-05, it_time=0.00832 s total_time=8.7 min
[Iteration 9090] total_loss=0.0016, data_loss=0.0011, ref_loss=0.0279, physics_loss=5.6098E-05, it_time=0.00806 s total_time=8.8 min
[Iteration 9100] total_loss=0.0016, data_loss=0.0011, ref_loss=0.0279, physics_loss=5.6093E-05, it_time=0.00806 s total_time=8.8 min
[Iteration 9110] total_loss=0.0016, data_loss=0.0011, ref_loss=0.0279, physics_loss=5.6088E-05, it_time=0.0081 s total_time=8.8 min
[Iteration 9120] total_loss=0.0016, data_loss=0.0011, ref_loss=0.0279, physics_loss=5.6077E-05, it_time=0.00807 s total_time=8.8 min
[Iteration 9130] total_loss=0.0016, data_loss=0.0011, ref_loss=0.0279, physics_loss=5.6064E-05, it_time=0.00857 s total_time=8.8 min
[Iteration 9140] total_loss=0.0016, data_loss=0.0011, ref_loss=0.0279, physics_loss=5.6049E-05, it_time=0.00806 s total_time=8.8 min
[Iteration 9150] total_loss=0.0016, data_loss=0.0011, ref_loss=0.0279, physics_loss=5.6032E-05, it_time=0.00807 s total_time=8.8 min
[Iteration 9160] total_loss=0.0016, data_loss=0.0011, ref_loss=0.0279, physics_loss=5.6013E-05, it_time=0.00805 s total_time=8.8 min
[Iteration 9170] total_loss=0.0016, data_loss=0.0011, ref_loss=0.0279, physics_loss=5.5992E-05, it_time=0.00864 s total_time=8.8 min
[Iteration 9180] total_loss=0.0016, data_loss=0.0011, ref_loss=0.0279, physics_loss=5.5970E-05, it_time=0.00806 s total_time=8.8 min
[Iteration 9190] total_loss=0.0016, data_loss=0.0011, ref_loss=0.0279, physics_loss=5.5947E-05, it_time=0.00809 s total_time=8.8 min
[Iteration 9200] total_loss=0.0016, data_loss=0.0011, ref_loss=0.0279, physics_loss=5.5922E-05, it_time=0.00858 s total_time=8.8 min
[Iteration 9210] total_loss=0.0016, data_loss=0.0011, ref_loss=0.0279, physics_loss=5.5897E-05, it_time=0.00805 s total_time=8.9 min
[Iteration 9220] total_loss=0.0016, data_loss=0.0011, ref_loss=0.0279, physics_loss=5.5869E-05, it_time=0.00805 s total_time=8.9 min
[Iteration 9230] total_loss=0.0016, data_loss=0.0011, ref_loss=0.0279, physics_loss=5.5841E-05, it_time=0.00919 s total_time=8.9 min
[Iteration 9240] total_loss=0.0016, data_loss=0.0011, ref_loss=0.0279, physics_loss=5.5813E-05, it_time=0.00805 s total_time=8.9 min
[Iteration 9250] total_loss=0.0015, data_loss=0.0011, ref_loss=0.0279, physics_loss=5.5783E-05, it_time=0.00858 s total_time=8.9 min
Total avg
Relative error [Fluid] 16.8
Relative error [Bound] 38.3
Relative error [Core] 8.3
Absolute error [Fluid] 0.1177
Absolute error [Bound] 0.2350
Absolute error [Core] 0.0711
Absolute error [Non-F] 0.0000
R.M.S.   error [Fluid] 0.1924
R.M.S.   error [Bound] 0.3273
R.M.S.   error [Core] 0.0956
R.M.S.   error [Non-F] 0.0000
[Iteration 9260] total_loss=0.0015, data_loss=0.0011, ref_loss=0.0279, physics_loss=5.5752E-05, it_time=0.00855 s total_time=8.9 min
[Iteration 9270] total_loss=0.0015, data_loss=0.0011, ref_loss=0.0279, physics_loss=5.5721E-05, it_time=0.00803 s total_time=8.9 min
[Iteration 9280] total_loss=0.0015, data_loss=0.0011, ref_loss=0.0279, physics_loss=5.5689E-05, it_time=0.00804 s total_time=8.9 min
[Iteration 9290] total_loss=0.0015, data_loss=0.0011, ref_loss=0.0279, physics_loss=5.5656E-05, it_time=0.00806 s total_time=8.9 min
[Iteration 9300] total_loss=0.0015, data_loss=0.0011, ref_loss=0.0279, physics_loss=5.5622E-05, it_time=0.00805 s total_time=9.0 min
[Iteration 9310] total_loss=0.0015, data_loss=0.0011, ref_loss=0.0279, physics_loss=5.5588E-05, it_time=0.00805 s total_time=9.0 min
[Iteration 9320] total_loss=0.0015, data_loss=0.0011, ref_loss=0.0279, physics_loss=5.5554E-05, it_time=0.00805 s total_time=9.0 min
[Iteration 9330] total_loss=0.0015, data_loss=0.0011, ref_loss=0.0279, physics_loss=5.5519E-05, it_time=0.00807 s total_time=9.0 min
[Iteration 9340] total_loss=0.0015, data_loss=0.0011, ref_loss=0.0279, physics_loss=5.5483E-05, it_time=0.00804 s total_time=9.0 min
[Iteration 9350] total_loss=0.0015, data_loss=0.0011, ref_loss=0.0279, physics_loss=5.5448E-05, it_time=0.00804 s total_time=9.0 min
[Iteration 9360] total_loss=0.0015, data_loss=0.0011, ref_loss=0.0279, physics_loss=5.5420E-05, it_time=0.01046 s total_time=9.0 min
[Iteration 9370] total_loss=0.0015, data_loss=0.0011, ref_loss=0.0278, physics_loss=5.5532E-05, it_time=0.0084 s total_time=9.0 min
[Iteration 9380] total_loss=0.0017, data_loss=0.0012, ref_loss=0.0272, physics_loss=6.1067E-05, it_time=0.00806 s total_time=9.0 min
[Iteration 9390] total_loss=0.0016, data_loss=0.0012, ref_loss=0.0285, physics_loss=5.5800E-05, it_time=0.00805 s total_time=9.0 min
[Iteration 9400] total_loss=0.0016, data_loss=0.0011, ref_loss=0.0276, physics_loss=5.6344E-05, it_time=0.0086 s total_time=9.0 min
[Iteration 9410] total_loss=0.0015, data_loss=0.0011, ref_loss=0.0283, physics_loss=5.4387E-05, it_time=0.00857 s total_time=9.1 min
[Iteration 9420] total_loss=0.0015, data_loss=0.0011, ref_loss=0.0277, physics_loss=5.5029E-05, it_time=0.0105 s total_time=9.1 min
[Iteration 9430] total_loss=0.0015, data_loss=0.0011, ref_loss=0.0277, physics_loss=5.5502E-05, it_time=0.00808 s total_time=9.1 min
[Iteration 9440] total_loss=0.0015, data_loss=0.0011, ref_loss=0.0276, physics_loss=5.6052E-05, it_time=0.00804 s total_time=9.1 min
[Iteration 9450] total_loss=0.0015, data_loss=0.0011, ref_loss=0.0276, physics_loss=5.5961E-05, it_time=0.00805 s total_time=9.1 min
[Iteration 9460] total_loss=0.0015, data_loss=0.0011, ref_loss=0.0275, physics_loss=5.5695E-05, it_time=0.00807 s total_time=9.1 min
[Iteration 9470] total_loss=0.0016, data_loss=0.0011, ref_loss=0.0275, physics_loss=5.5515E-05, it_time=0.0086 s total_time=9.1 min
[Iteration 9480] total_loss=0.0016, data_loss=0.0012, ref_loss=0.0278, physics_loss=5.4532E-05, it_time=0.00811 s total_time=9.1 min
[Iteration 9490] total_loss=0.0015, data_loss=0.0011, ref_loss=0.0280, physics_loss=5.4570E-05, it_time=0.00854 s total_time=9.1 min
[Iteration 9500] total_loss=0.0016, data_loss=0.0011, ref_loss=0.0281, physics_loss=5.6320E-05, it_time=0.00808 s total_time=9.1 min
Total avg
Relative error [Fluid] 16.8
Relative error [Bound] 38.2
Relative error [Core] 8.3
Absolute error [Fluid] 0.1183
Absolute error [Bound] 0.2355
Absolute error [Core] 0.0716
Absolute error [Non-F] 0.0000
R.M.S.   error [Fluid] 0.1930
R.M.S.   error [Bound] 0.3282
R.M.S.   error [Core] 0.0962
R.M.S.   error [Non-F] 0.0000
Checkpoint saved to ../models/250202_Aomodel_n2_4dsim/FFN_1t_4dsim_20250213-1047/checkpoints/FFN_1t_4dsim_it9500.pth
[Iteration 9510] total_loss=0.0015, data_loss=0.0011, ref_loss=0.0280, physics_loss=5.4655E-05, it_time=0.00806 s total_time=9.2 min
[Iteration 9520] total_loss=0.0016, data_loss=0.0011, ref_loss=0.0281, physics_loss=5.3690E-05, it_time=0.00858 s total_time=9.2 min
[Iteration 9530] total_loss=0.0016, data_loss=0.0011, ref_loss=0.0286, physics_loss=5.3791E-05, it_time=0.00809 s total_time=9.2 min
[Iteration 9540] total_loss=0.0016, data_loss=0.0012, ref_loss=0.0286, physics_loss=5.4353E-05, it_time=0.00806 s total_time=9.2 min
[Iteration 9550] total_loss=0.0015, data_loss=0.0011, ref_loss=0.0282, physics_loss=5.4174E-05, it_time=0.00807 s total_time=9.2 min
[Iteration 9560] total_loss=0.0015, data_loss=0.0011, ref_loss=0.0285, physics_loss=5.3423E-05, it_time=0.00806 s total_time=9.2 min
[Iteration 9570] total_loss=0.0015, data_loss=0.0011, ref_loss=0.0285, physics_loss=5.3658E-05, it_time=0.00806 s total_time=9.2 min
[Iteration 9580] total_loss=0.0016, data_loss=0.0012, ref_loss=0.0281, physics_loss=5.6279E-05, it_time=0.00855 s total_time=9.2 min
[Iteration 9590] total_loss=0.0015, data_loss=0.0011, ref_loss=0.0278, physics_loss=5.4416E-05, it_time=0.00855 s total_time=9.2 min
[Iteration 9600] total_loss=0.0016, data_loss=0.0011, ref_loss=0.0274, physics_loss=5.4606E-05, it_time=0.00854 s total_time=9.2 min
[Iteration 9610] total_loss=0.0015, data_loss=0.0011, ref_loss=0.0281, physics_loss=5.3061E-05, it_time=0.00814 s total_time=9.2 min
[Iteration 9620] total_loss=0.0015, data_loss=0.0011, ref_loss=0.0284, physics_loss=5.2963E-05, it_time=0.00806 s total_time=9.3 min
[Iteration 9630] total_loss=0.0016, data_loss=0.0012, ref_loss=0.0289, physics_loss=5.3234E-05, it_time=0.00861 s total_time=9.3 min
[Iteration 9640] total_loss=0.0015, data_loss=0.0011, ref_loss=0.0280, physics_loss=5.2851E-05, it_time=0.00808 s total_time=9.3 min
[Iteration 9650] total_loss=0.0015, data_loss=0.0011, ref_loss=0.0277, physics_loss=5.3577E-05, it_time=0.00809 s total_time=9.3 min
[Iteration 9660] total_loss=0.0015, data_loss=0.0011, ref_loss=0.0283, physics_loss=5.2627E-05, it_time=0.00807 s total_time=9.3 min
[Iteration 9670] total_loss=0.0015, data_loss=0.0011, ref_loss=0.0283, physics_loss=5.3067E-05, it_time=0.00805 s total_time=9.3 min
[Iteration 9680] total_loss=0.0015, data_loss=0.0011, ref_loss=0.0284, physics_loss=5.2634E-05, it_time=0.00918 s total_time=9.3 min
[Iteration 9690] total_loss=0.0015, data_loss=0.0011, ref_loss=0.0287, physics_loss=5.3007E-05, it_time=0.00854 s total_time=9.3 min
[Iteration 9700] total_loss=0.0016, data_loss=0.0012, ref_loss=0.0286, physics_loss=5.5306E-05, it_time=0.00806 s total_time=9.3 min
[Iteration 9710] total_loss=0.0015, data_loss=0.0011, ref_loss=0.0279, physics_loss=5.4669E-05, it_time=0.00805 s total_time=9.3 min
[Iteration 9720] total_loss=0.0015, data_loss=0.0011, ref_loss=0.0277, physics_loss=5.2974E-05, it_time=0.00863 s total_time=9.3 min
[Iteration 9730] total_loss=0.0015, data_loss=0.0011, ref_loss=0.0280, physics_loss=5.2939E-05, it_time=0.0086 s total_time=9.4 min
[Iteration 9740] total_loss=0.0015, data_loss=0.0011, ref_loss=0.0279, physics_loss=5.3536E-05, it_time=0.00819 s total_time=9.4 min
[Iteration 9750] total_loss=0.0015, data_loss=0.0011, ref_loss=0.0274, physics_loss=5.5606E-05, it_time=0.00807 s total_time=9.4 min
Total avg
Relative error [Fluid] 16.8
Relative error [Bound] 38.1
Relative error [Core] 8.3
Absolute error [Fluid] 0.1174
Absolute error [Bound] 0.2328
Absolute error [Core] 0.0715
Absolute error [Non-F] 0.0000
R.M.S.   error [Fluid] 0.1905
R.M.S.   error [Bound] 0.3230
R.M.S.   error [Core] 0.0961
R.M.S.   error [Non-F] 0.0000
[Iteration 9760] total_loss=0.0015, data_loss=0.0011, ref_loss=0.0275, physics_loss=5.3779E-05, it_time=0.01063 s total_time=9.4 min
[Iteration 9770] total_loss=0.0016, data_loss=0.0012, ref_loss=0.0272, physics_loss=5.4371E-05, it_time=0.00805 s total_time=9.4 min
[Iteration 9780] total_loss=0.0016, data_loss=0.0011, ref_loss=0.0290, physics_loss=5.2172E-05, it_time=0.0081 s total_time=9.4 min
[Iteration 9790] total_loss=0.0015, data_loss=0.0011, ref_loss=0.0279, physics_loss=5.2415E-05, it_time=0.00805 s total_time=9.4 min
[Iteration 9800] total_loss=0.0015, data_loss=0.0011, ref_loss=0.0278, physics_loss=5.2661E-05, it_time=0.00857 s total_time=9.4 min
[Iteration 9810] total_loss=0.0015, data_loss=0.0011, ref_loss=0.0275, physics_loss=5.3246E-05, it_time=0.00809 s total_time=9.4 min
[Iteration 9820] total_loss=0.0015, data_loss=0.0011, ref_loss=0.0274, physics_loss=5.4730E-05, it_time=0.00804 s total_time=9.4 min
[Iteration 9830] total_loss=0.0015, data_loss=0.0011, ref_loss=0.0278, physics_loss=5.4038E-05, it_time=0.00809 s total_time=9.5 min
[Iteration 9840] total_loss=0.0015, data_loss=0.0011, ref_loss=0.0281, physics_loss=5.4258E-05, it_time=0.00808 s total_time=9.5 min
[Iteration 9850] total_loss=0.0015, data_loss=0.0011, ref_loss=0.0283, physics_loss=5.3638E-05, it_time=0.00807 s total_time=9.5 min
[Iteration 9860] total_loss=0.0016, data_loss=0.0011, ref_loss=0.0278, physics_loss=5.2297E-05, it_time=0.00806 s total_time=9.5 min
[Iteration 9870] total_loss=0.0015, data_loss=0.0011, ref_loss=0.0285, physics_loss=5.3047E-05, it_time=0.00807 s total_time=9.5 min
[Iteration 9880] total_loss=0.0016, data_loss=0.0011, ref_loss=0.0287, physics_loss=5.2443E-05, it_time=0.00806 s total_time=9.5 min
[Iteration 9890] total_loss=0.0015, data_loss=0.0011, ref_loss=0.0281, physics_loss=5.2427E-05, it_time=0.00858 s total_time=9.5 min
[Iteration 9900] total_loss=0.0015, data_loss=0.0011, ref_loss=0.0278, physics_loss=5.1867E-05, it_time=0.00805 s total_time=9.5 min
[Iteration 9910] total_loss=0.0015, data_loss=0.0011, ref_loss=0.0278, physics_loss=5.2456E-05, it_time=0.00804 s total_time=9.5 min
[Iteration 9920] total_loss=0.0015, data_loss=0.0011, ref_loss=0.0277, physics_loss=5.3171E-05, it_time=0.00862 s total_time=9.5 min
[Iteration 9930] total_loss=0.0016, data_loss=0.0011, ref_loss=0.0271, physics_loss=5.5188E-05, it_time=0.00864 s total_time=9.5 min
[Iteration 9940] total_loss=0.0015, data_loss=0.0011, ref_loss=0.0277, physics_loss=5.4095E-05, it_time=0.00822 s total_time=9.6 min
[Iteration 9950] total_loss=0.0015, data_loss=0.0011, ref_loss=0.0279, physics_loss=5.1261E-05, it_time=0.0081 s total_time=9.6 min
[Iteration 9960] total_loss=0.0015, data_loss=0.0011, ref_loss=0.0271, physics_loss=5.3969E-05, it_time=0.0081 s total_time=9.6 min
[Iteration 9970] total_loss=0.0015, data_loss=0.0011, ref_loss=0.0279, physics_loss=5.4048E-05, it_time=0.0081 s total_time=9.6 min
[Iteration 9980] total_loss=0.0015, data_loss=0.0011, ref_loss=0.0284, physics_loss=5.3006E-05, it_time=0.00981 s total_time=9.6 min
[Iteration 9990] total_loss=0.0015, data_loss=0.0011, ref_loss=0.0280, physics_loss=5.2981E-05, it_time=0.00856 s total_time=9.6 min
[Iteration 10000] total_loss=0.0015, data_loss=0.0011, ref_loss=0.0278, physics_loss=5.2929E-05, it_time=0.00862 s total_time=9.6 min
Total avg
Relative error [Fluid] 16.8
Relative error [Bound] 38.2
Relative error [Core] 8.3
Absolute error [Fluid] 0.1181
Absolute error [Bound] 0.2345
Absolute error [Core] 0.0718
Absolute error [Non-F] 0.0000
R.M.S.   error [Fluid] 0.1920
R.M.S.   error [Bound] 0.3260
R.M.S.   error [Core] 0.0962
R.M.S.   error [Non-F] 0.0000
Checkpoint saved to ../models/250202_Aomodel_n2_4dsim/FFN_1t_4dsim_20250213-1047/checkpoints/FFN_1t_4dsim_it10000.pth
[Iteration 10010] total_loss=0.0015, data_loss=0.0011, ref_loss=0.0281, physics_loss=5.1844E-05, it_time=0.00808 s total_time=9.6 min
[Iteration 10020] total_loss=0.0015, data_loss=0.0010, ref_loss=0.0280, physics_loss=5.2279E-05, it_time=0.00806 s total_time=9.6 min
[Iteration 10030] total_loss=0.0015, data_loss=0.0010, ref_loss=0.0280, physics_loss=5.1991E-05, it_time=0.00807 s total_time=9.7 min
[Iteration 10040] total_loss=0.0015, data_loss=0.0010, ref_loss=0.0280, physics_loss=5.2165E-05, it_time=0.00856 s total_time=9.7 min
[Iteration 10050] total_loss=0.0015, data_loss=0.0010, ref_loss=0.0280, physics_loss=5.2100E-05, it_time=0.00804 s total_time=9.7 min
[Iteration 10060] total_loss=0.0015, data_loss=0.0010, ref_loss=0.0280, physics_loss=5.2152E-05, it_time=0.00807 s total_time=9.7 min
[Iteration 10070] total_loss=0.0015, data_loss=0.0010, ref_loss=0.0280, physics_loss=5.2129E-05, it_time=0.00807 s total_time=9.7 min
[Iteration 10080] total_loss=0.0015, data_loss=0.0010, ref_loss=0.0280, physics_loss=5.2148E-05, it_time=0.00809 s total_time=9.7 min
[Iteration 10090] total_loss=0.0015, data_loss=0.0010, ref_loss=0.0280, physics_loss=5.2137E-05, it_time=0.00803 s total_time=9.7 min
[Iteration 10100] total_loss=0.0015, data_loss=0.0010, ref_loss=0.0280, physics_loss=5.2137E-05, it_time=0.00804 s total_time=9.7 min
[Iteration 10110] total_loss=0.0015, data_loss=0.0010, ref_loss=0.0280, physics_loss=5.2130E-05, it_time=0.00859 s total_time=9.7 min
[Iteration 10120] total_loss=0.0015, data_loss=0.0010, ref_loss=0.0280, physics_loss=5.2122E-05, it_time=0.0105 s total_time=9.7 min
[Iteration 10130] total_loss=0.0015, data_loss=0.0010, ref_loss=0.0280, physics_loss=5.2112E-05, it_time=0.00804 s total_time=9.7 min
[Iteration 10140] total_loss=0.0015, data_loss=0.0010, ref_loss=0.0280, physics_loss=5.2102E-05, it_time=0.00805 s total_time=9.7 min
[Iteration 10150] total_loss=0.0015, data_loss=0.0010, ref_loss=0.0280, physics_loss=5.2089E-05, it_time=0.00805 s total_time=9.8 min
[Iteration 10160] total_loss=0.0015, data_loss=0.0010, ref_loss=0.0280, physics_loss=5.2076E-05, it_time=0.00862 s total_time=9.8 min
[Iteration 10170] total_loss=0.0015, data_loss=0.0010, ref_loss=0.0280, physics_loss=5.2061E-05, it_time=0.00806 s total_time=9.8 min
[Iteration 10180] total_loss=0.0015, data_loss=0.0010, ref_loss=0.0280, physics_loss=5.2045E-05, it_time=0.00808 s total_time=9.8 min
[Iteration 10190] total_loss=0.0015, data_loss=0.0010, ref_loss=0.0280, physics_loss=5.2029E-05, it_time=0.00808 s total_time=9.8 min
[Iteration 10200] total_loss=0.0015, data_loss=0.0010, ref_loss=0.0280, physics_loss=5.2011E-05, it_time=0.00808 s total_time=9.8 min
[Iteration 10210] total_loss=0.0015, data_loss=0.0010, ref_loss=0.0280, physics_loss=5.1993E-05, it_time=0.00857 s total_time=9.8 min
[Iteration 10220] total_loss=0.0015, data_loss=0.0010, ref_loss=0.0280, physics_loss=5.1974E-05, it_time=0.00809 s total_time=9.8 min
[Iteration 10230] total_loss=0.0015, data_loss=0.0010, ref_loss=0.0280, physics_loss=5.1954E-05, it_time=0.00807 s total_time=9.8 min
[Iteration 10240] total_loss=0.0015, data_loss=0.0010, ref_loss=0.0280, physics_loss=5.1934E-05, it_time=0.00861 s total_time=9.8 min
[Iteration 10250] total_loss=0.0015, data_loss=0.0010, ref_loss=0.0280, physics_loss=5.1913E-05, it_time=0.00807 s total_time=9.8 min
Total avg
Relative error [Fluid] 16.8
Relative error [Bound] 38.3
Relative error [Core] 8.3
Absolute error [Fluid] 0.1181
Absolute error [Bound] 0.2357
Absolute error [Core] 0.0713
Absolute error [Non-F] 0.0000
R.M.S.   error [Fluid] 0.1929
R.M.S.   error [Bound] 0.3282
R.M.S.   error [Core] 0.0956
R.M.S.   error [Non-F] 0.0000
[Iteration 10260] total_loss=0.0015, data_loss=0.0010, ref_loss=0.0280, physics_loss=5.1892E-05, it_time=0.00855 s total_time=9.9 min
[Iteration 10270] total_loss=0.0015, data_loss=0.0010, ref_loss=0.0280, physics_loss=5.1870E-05, it_time=0.00808 s total_time=9.9 min
[Iteration 10280] total_loss=0.0014, data_loss=0.0010, ref_loss=0.0280, physics_loss=5.1847E-05, it_time=0.00805 s total_time=9.9 min
[Iteration 10290] total_loss=0.0014, data_loss=0.0010, ref_loss=0.0280, physics_loss=5.1824E-05, it_time=0.00806 s total_time=9.9 min
[Iteration 10300] total_loss=0.0014, data_loss=0.0010, ref_loss=0.0280, physics_loss=5.1801E-05, it_time=0.0087 s total_time=9.9 min
[Iteration 10310] total_loss=0.0014, data_loss=0.0010, ref_loss=0.0280, physics_loss=5.1777E-05, it_time=0.00859 s total_time=9.9 min
[Iteration 10320] total_loss=0.0014, data_loss=0.0010, ref_loss=0.0280, physics_loss=5.1752E-05, it_time=0.00822 s total_time=9.9 min
[Iteration 10330] total_loss=0.0014, data_loss=0.0010, ref_loss=0.0280, physics_loss=5.1728E-05, it_time=0.00859 s total_time=9.9 min
[Iteration 10340] total_loss=0.0014, data_loss=0.0010, ref_loss=0.0281, physics_loss=5.1703E-05, it_time=0.00824 s total_time=9.9 min
[Iteration 10350] total_loss=0.0014, data_loss=0.0010, ref_loss=0.0281, physics_loss=5.1677E-05, it_time=0.00806 s total_time=10.0 min
[Iteration 10360] total_loss=0.0014, data_loss=0.0010, ref_loss=0.0281, physics_loss=5.1651E-05, it_time=0.01044 s total_time=10.0 min
[Iteration 10370] total_loss=0.0014, data_loss=0.0010, ref_loss=0.0281, physics_loss=5.1626E-05, it_time=0.01054 s total_time=10.0 min
[Iteration 10380] total_loss=0.0014, data_loss=0.0010, ref_loss=0.0281, physics_loss=5.1601E-05, it_time=0.00861 s total_time=10.0 min
[Iteration 10390] total_loss=0.0014, data_loss=0.0010, ref_loss=0.0280, physics_loss=5.1598E-05, it_time=0.00807 s total_time=10.0 min
[Iteration 10400] total_loss=0.0015, data_loss=0.0010, ref_loss=0.0277, physics_loss=5.2394E-05, it_time=0.00806 s total_time=10.0 min
[Iteration 10410] total_loss=0.0014, data_loss=0.0010, ref_loss=0.0282, physics_loss=5.1625E-05, it_time=0.00808 s total_time=10.0 min
[Iteration 10420] total_loss=0.0015, data_loss=0.0010, ref_loss=0.0277, physics_loss=5.2214E-05, it_time=0.00807 s total_time=10.0 min
[Iteration 10430] total_loss=0.0014, data_loss=0.0010, ref_loss=0.0281, physics_loss=5.1492E-05, it_time=0.00808 s total_time=10.0 min
[Iteration 10440] total_loss=0.0014, data_loss=0.0010, ref_loss=0.0280, physics_loss=5.1083E-05, it_time=0.00959 s total_time=10.0 min
[Iteration 10450] total_loss=0.0014, data_loss=0.0010, ref_loss=0.0279, physics_loss=5.1451E-05, it_time=0.00806 s total_time=10.0 min
[Iteration 10460] total_loss=0.0014, data_loss=0.0010, ref_loss=0.0279, physics_loss=5.1410E-05, it_time=0.00806 s total_time=10.0 min
[Iteration 10470] total_loss=0.0014, data_loss=0.0010, ref_loss=0.0277, physics_loss=5.1775E-05, it_time=0.00808 s total_time=10.1 min
[Iteration 10480] total_loss=0.0015, data_loss=0.0010, ref_loss=0.0276, physics_loss=5.2451E-05, it_time=0.00808 s total_time=10.1 min
[Iteration 10490] total_loss=0.0015, data_loss=0.0010, ref_loss=0.0279, physics_loss=5.2326E-05, it_time=0.00806 s total_time=10.1 min
[Iteration 10500] total_loss=0.0014, data_loss=0.0010, ref_loss=0.0283, physics_loss=5.0569E-05, it_time=0.00807 s total_time=10.1 min
Total avg
Relative error [Fluid] 16.9
Relative error [Bound] 38.4
Relative error [Core] 8.3
Absolute error [Fluid] 0.1184
Absolute error [Bound] 0.2370
Absolute error [Core] 0.0713
Absolute error [Non-F] 0.0000
R.M.S.   error [Fluid] 0.1939
R.M.S.   error [Bound] 0.3303
R.M.S.   error [Core] 0.0955
R.M.S.   error [Non-F] 0.0000
Checkpoint saved to ../models/250202_Aomodel_n2_4dsim/FFN_1t_4dsim_20250213-1047/checkpoints/FFN_1t_4dsim_it10500.pth
[Iteration 10510] total_loss=0.0015, data_loss=0.0010, ref_loss=0.0285, physics_loss=5.0362E-05, it_time=0.00807 s total_time=10.1 min
[Iteration 10520] total_loss=0.0014, data_loss=0.0010, ref_loss=0.0284, physics_loss=5.0632E-05, it_time=0.00806 s total_time=10.1 min
[Iteration 10530] total_loss=0.0015, data_loss=0.0010, ref_loss=0.0285, physics_loss=5.1883E-05, it_time=0.00852 s total_time=10.1 min
[Iteration 10540] total_loss=0.0014, data_loss=0.0010, ref_loss=0.0279, physics_loss=5.1778E-05, it_time=0.00809 s total_time=10.1 min
[Iteration 10550] total_loss=0.0015, data_loss=0.0010, ref_loss=0.0277, physics_loss=5.1055E-05, it_time=0.00808 s total_time=10.2 min
[Iteration 10560] total_loss=0.0014, data_loss=0.0010, ref_loss=0.0281, physics_loss=5.0939E-05, it_time=0.00808 s total_time=10.2 min
[Iteration 10570] total_loss=0.0015, data_loss=0.0010, ref_loss=0.0283, physics_loss=5.1575E-05, it_time=0.00824 s total_time=10.2 min
[Iteration 10580] total_loss=0.0014, data_loss=0.0010, ref_loss=0.0278, physics_loss=5.1601E-05, it_time=0.0086 s total_time=10.2 min
[Iteration 10590] total_loss=0.0015, data_loss=0.0010, ref_loss=0.0276, physics_loss=5.2265E-05, it_time=0.00827 s total_time=10.2 min
[Iteration 10600] total_loss=0.0014, data_loss=0.0010, ref_loss=0.0279, physics_loss=5.0724E-05, it_time=0.0081 s total_time=10.2 min
[Iteration 10610] total_loss=0.0015, data_loss=0.0010, ref_loss=0.0277, physics_loss=5.0639E-05, it_time=0.00809 s total_time=10.2 min
[Iteration 10620] total_loss=0.0014, data_loss=0.0010, ref_loss=0.0282, physics_loss=5.0309E-05, it_time=0.00807 s total_time=10.2 min
[Iteration 10630] total_loss=0.0014, data_loss=0.0010, ref_loss=0.0286, physics_loss=5.0379E-05, it_time=0.00808 s total_time=10.2 min
[Iteration 10640] total_loss=0.0015, data_loss=0.0011, ref_loss=0.0288, physics_loss=4.9737E-05, it_time=0.00807 s total_time=10.2 min
[Iteration 10650] total_loss=0.0014, data_loss=0.0010, ref_loss=0.0276, physics_loss=5.0812E-05, it_time=0.0081 s total_time=10.2 min
[Iteration 10660] total_loss=0.0014, data_loss=0.0010, ref_loss=0.0283, physics_loss=4.9877E-05, it_time=0.00809 s total_time=10.2 min
[Iteration 10670] total_loss=0.0014, data_loss=0.0010, ref_loss=0.0284, physics_loss=4.9660E-05, it_time=0.00806 s total_time=10.3 min
[Iteration 10680] total_loss=0.0014, data_loss=0.0010, ref_loss=0.0280, physics_loss=5.0261E-05, it_time=0.00806 s total_time=10.3 min
[Iteration 10690] total_loss=0.0015, data_loss=0.0011, ref_loss=0.0280, physics_loss=5.0936E-05, it_time=0.00812 s total_time=10.3 min
[Iteration 10700] total_loss=0.0014, data_loss=0.0010, ref_loss=0.0281, physics_loss=5.0731E-05, it_time=0.00808 s total_time=10.3 min
[Iteration 10710] total_loss=0.0014, data_loss=0.0010, ref_loss=0.0279, physics_loss=5.0608E-05, it_time=0.00859 s total_time=10.3 min
[Iteration 10720] total_loss=0.0014, data_loss=0.0010, ref_loss=0.0273, physics_loss=5.2038E-05, it_time=0.00809 s total_time=10.3 min
[Iteration 10730] total_loss=0.0014, data_loss=0.0010, ref_loss=0.0279, physics_loss=5.0411E-05, it_time=0.00807 s total_time=10.3 min
[Iteration 10740] total_loss=0.0015, data_loss=0.0010, ref_loss=0.0280, physics_loss=4.9741E-05, it_time=0.00805 s total_time=10.3 min
[Iteration 10750] total_loss=0.0014, data_loss=0.0010, ref_loss=0.0278, physics_loss=5.0398E-05, it_time=0.00854 s total_time=10.3 min
Total avg
Relative error [Fluid] 16.8
Relative error [Bound] 38.2
Relative error [Core] 8.3
Absolute error [Fluid] 0.1179
Absolute error [Bound] 0.2347
Absolute error [Core] 0.0714
Absolute error [Non-F] 0.0000
R.M.S.   error [Fluid] 0.1919
R.M.S.   error [Bound] 0.3262
R.M.S.   error [Core] 0.0957
R.M.S.   error [Non-F] 0.0000
[Iteration 10760] total_loss=0.0014, data_loss=0.0010, ref_loss=0.0284, physics_loss=5.0444E-05, it_time=0.00809 s total_time=10.3 min
[Iteration 10770] total_loss=0.0014, data_loss=0.0010, ref_loss=0.0280, physics_loss=5.0839E-05, it_time=0.0086 s total_time=10.4 min
[Iteration 10780] total_loss=0.0014, data_loss=0.0010, ref_loss=0.0281, physics_loss=5.1040E-05, it_time=0.00808 s total_time=10.4 min
[Iteration 10790] total_loss=0.0014, data_loss=0.0010, ref_loss=0.0279, physics_loss=5.1048E-05, it_time=0.00809 s total_time=10.4 min
[Iteration 10800] total_loss=0.0015, data_loss=0.0010, ref_loss=0.0271, physics_loss=5.2330E-05, it_time=0.00808 s total_time=10.4 min
[Iteration 10810] total_loss=0.0014, data_loss=0.0010, ref_loss=0.0284, physics_loss=4.9513E-05, it_time=0.01045 s total_time=10.4 min
[Iteration 10820] total_loss=0.0014, data_loss=0.0010, ref_loss=0.0282, physics_loss=4.9616E-05, it_time=0.00809 s total_time=10.4 min
[Iteration 10830] total_loss=0.0014, data_loss=0.0010, ref_loss=0.0283, physics_loss=5.0463E-05, it_time=0.00859 s total_time=10.4 min
[Iteration 10840] total_loss=0.0015, data_loss=0.0010, ref_loss=0.0285, physics_loss=5.1173E-05, it_time=0.00818 s total_time=10.4 min
[Iteration 10850] total_loss=0.0014, data_loss=0.0010, ref_loss=0.0280, physics_loss=5.0623E-05, it_time=0.00805 s total_time=10.4 min
[Iteration 10860] total_loss=0.0014, data_loss=0.0010, ref_loss=0.0281, physics_loss=4.9911E-05, it_time=0.00863 s total_time=10.4 min
[Iteration 10870] total_loss=0.0014, data_loss=0.0010, ref_loss=0.0279, physics_loss=4.9693E-05, it_time=0.00808 s total_time=10.4 min
[Iteration 10880] total_loss=0.0014, data_loss=0.0010, ref_loss=0.0279, physics_loss=4.9687E-05, it_time=0.01046 s total_time=10.5 min
[Iteration 10890] total_loss=0.0014, data_loss=0.0010, ref_loss=0.0283, physics_loss=4.9127E-05, it_time=0.00806 s total_time=10.5 min
[Iteration 10900] total_loss=0.0015, data_loss=0.0011, ref_loss=0.0291, physics_loss=4.9176E-05, it_time=0.00805 s total_time=10.5 min
[Iteration 10910] total_loss=0.0014, data_loss=0.0010, ref_loss=0.0277, physics_loss=5.0477E-05, it_time=0.00805 s total_time=10.5 min
[Iteration 10920] total_loss=0.0014, data_loss=0.0010, ref_loss=0.0279, physics_loss=5.0452E-05, it_time=0.00806 s total_time=10.5 min
[Iteration 10930] total_loss=0.0014, data_loss=0.0010, ref_loss=0.0284, physics_loss=4.9872E-05, it_time=0.00809 s total_time=10.5 min
[Iteration 10940] total_loss=0.0015, data_loss=0.0011, ref_loss=0.0286, physics_loss=5.1991E-05, it_time=0.00807 s total_time=10.5 min
[Iteration 10950] total_loss=0.0014, data_loss=0.0010, ref_loss=0.0279, physics_loss=4.9441E-05, it_time=0.00807 s total_time=10.5 min
[Iteration 10960] total_loss=0.0014, data_loss=0.0010, ref_loss=0.0283, physics_loss=4.9145E-05, it_time=0.00807 s total_time=10.5 min
[Iteration 10970] total_loss=0.0014, data_loss=0.0010, ref_loss=0.0288, physics_loss=4.8626E-05, it_time=0.00807 s total_time=10.5 min
[Iteration 10980] total_loss=0.0014, data_loss=0.0010, ref_loss=0.0284, physics_loss=4.8637E-05, it_time=0.00806 s total_time=10.5 min
[Iteration 10990] total_loss=0.0014, data_loss=0.0010, ref_loss=0.0278, physics_loss=4.9624E-05, it_time=0.00806 s total_time=10.6 min
[Iteration 11000] total_loss=0.0014, data_loss=0.0010, ref_loss=0.0274, physics_loss=5.0685E-05, it_time=0.00813 s total_time=10.6 min
Total avg
Relative error [Fluid] 16.8
Relative error [Bound] 38.1
Relative error [Core] 8.3
Absolute error [Fluid] 0.1175
Absolute error [Bound] 0.2332
Absolute error [Core] 0.0714
Absolute error [Non-F] 0.0000
R.M.S.   error [Fluid] 0.1907
R.M.S.   error [Bound] 0.3235
R.M.S.   error [Core] 0.0958
R.M.S.   error [Non-F] 0.0000
Checkpoint saved to ../models/250202_Aomodel_n2_4dsim/FFN_1t_4dsim_20250213-1047/checkpoints/FFN_1t_4dsim_it11000.pth
[Iteration 11010] total_loss=0.0014, data_loss=0.0010, ref_loss=0.0282, physics_loss=4.8936E-05, it_time=0.00857 s total_time=10.6 min
[Iteration 11020] total_loss=0.0014, data_loss=0.0010, ref_loss=0.0283, physics_loss=4.9374E-05, it_time=0.00809 s total_time=10.6 min
[Iteration 11030] total_loss=0.0014, data_loss=0.0010, ref_loss=0.0279, physics_loss=4.9472E-05, it_time=0.00805 s total_time=10.6 min
[Iteration 11040] total_loss=0.0014, data_loss=0.0010, ref_loss=0.0282, physics_loss=4.9119E-05, it_time=0.00805 s total_time=10.6 min
[Iteration 11050] total_loss=0.0014, data_loss=0.0010, ref_loss=0.0281, physics_loss=4.9386E-05, it_time=0.00843 s total_time=10.6 min
[Iteration 11060] total_loss=0.0014, data_loss=0.0010, ref_loss=0.0281, physics_loss=4.9255E-05, it_time=0.00804 s total_time=10.6 min
[Iteration 11070] total_loss=0.0014, data_loss=0.0010, ref_loss=0.0281, physics_loss=4.9319E-05, it_time=0.0081 s total_time=10.6 min
[Iteration 11080] total_loss=0.0014, data_loss=0.0010, ref_loss=0.0281, physics_loss=4.9290E-05, it_time=0.00805 s total_time=10.7 min
[Iteration 11090] total_loss=0.0014, data_loss=0.0010, ref_loss=0.0281, physics_loss=4.9303E-05, it_time=0.00806 s total_time=10.7 min
[Iteration 11100] total_loss=0.0014, data_loss=0.0010, ref_loss=0.0281, physics_loss=4.9290E-05, it_time=0.00807 s total_time=10.7 min
[Iteration 11110] total_loss=0.0014, data_loss=0.0010, ref_loss=0.0281, physics_loss=4.9291E-05, it_time=0.01038 s total_time=10.7 min
[Iteration 11120] total_loss=0.0014, data_loss=0.0010, ref_loss=0.0281, physics_loss=4.9280E-05, it_time=0.00807 s total_time=10.7 min
[Iteration 11130] total_loss=0.0014, data_loss=0.0010, ref_loss=0.0281, physics_loss=4.9275E-05, it_time=0.00927 s total_time=10.7 min
[Iteration 11140] total_loss=0.0014, data_loss=0.0010, ref_loss=0.0281, physics_loss=4.9265E-05, it_time=0.00857 s total_time=10.7 min
[Iteration 11150] total_loss=0.0014, data_loss=0.0010, ref_loss=0.0281, physics_loss=4.9256E-05, it_time=0.00833 s total_time=10.7 min
[Iteration 11160] total_loss=0.0014, data_loss=0.0010, ref_loss=0.0281, physics_loss=4.9245E-05, it_time=0.00806 s total_time=10.7 min
[Iteration 11170] total_loss=0.0014, data_loss=0.0010, ref_loss=0.0281, physics_loss=4.9234E-05, it_time=0.00855 s total_time=10.7 min
[Iteration 11180] total_loss=0.0014, data_loss=0.0010, ref_loss=0.0281, physics_loss=4.9222E-05, it_time=0.00805 s total_time=10.7 min
[Iteration 11190] total_loss=0.0014, data_loss=0.0010, ref_loss=0.0281, physics_loss=4.9209E-05, it_time=0.00807 s total_time=10.8 min
[Iteration 11200] total_loss=0.0014, data_loss=0.0010, ref_loss=0.0281, physics_loss=4.9196E-05, it_time=0.00807 s total_time=10.8 min
[Iteration 11210] total_loss=0.0014, data_loss=0.0010, ref_loss=0.0281, physics_loss=4.9182E-05, it_time=0.00804 s total_time=10.8 min
[Iteration 11220] total_loss=0.0014, data_loss=0.0010, ref_loss=0.0281, physics_loss=4.9168E-05, it_time=0.00806 s total_time=10.8 min
[Iteration 11230] total_loss=0.0014, data_loss=0.0010, ref_loss=0.0281, physics_loss=4.9153E-05, it_time=0.00806 s total_time=10.8 min
[Iteration 11240] total_loss=0.0014, data_loss=0.0010, ref_loss=0.0281, physics_loss=4.9137E-05, it_time=0.00808 s total_time=10.8 min
[Iteration 11250] total_loss=0.0014, data_loss=0.0010, ref_loss=0.0281, physics_loss=4.9122E-05, it_time=0.00884 s total_time=10.8 min
Total avg
Relative error [Fluid] 16.8
Relative error [Bound] 38.3
Relative error [Core] 8.3
Absolute error [Fluid] 0.1184
Absolute error [Bound] 0.2362
Absolute error [Core] 0.0714
Absolute error [Non-F] 0.0000
R.M.S.   error [Fluid] 0.1932
R.M.S.   error [Bound] 0.3289
R.M.S.   error [Core] 0.0957
R.M.S.   error [Non-F] 0.0000
[Iteration 11260] total_loss=0.0014, data_loss=0.0010, ref_loss=0.0281, physics_loss=4.9106E-05, it_time=0.00983 s total_time=10.8 min
[Iteration 11270] total_loss=0.0014, data_loss=0.0010, ref_loss=0.0281, physics_loss=4.9089E-05, it_time=0.00859 s total_time=10.8 min
[Iteration 11280] total_loss=0.0014, data_loss=0.0010, ref_loss=0.0281, physics_loss=4.9072E-05, it_time=0.00857 s total_time=10.8 min
[Iteration 11290] total_loss=0.0014, data_loss=0.0010, ref_loss=0.0281, physics_loss=4.9055E-05, it_time=0.00806 s total_time=10.9 min
[Iteration 11300] total_loss=0.0014, data_loss=0.0010, ref_loss=0.0281, physics_loss=4.9038E-05, it_time=0.00805 s total_time=10.9 min
[Iteration 11310] total_loss=0.0014, data_loss=0.0010, ref_loss=0.0282, physics_loss=4.9020E-05, it_time=0.00844 s total_time=10.9 min
[Iteration 11320] total_loss=0.0014, data_loss=0.0010, ref_loss=0.0282, physics_loss=4.9002E-05, it_time=0.00805 s total_time=10.9 min
[Iteration 11330] total_loss=0.0014, data_loss=0.0010, ref_loss=0.0282, physics_loss=4.8983E-05, it_time=0.0081 s total_time=10.9 min
[Iteration 11340] total_loss=0.0014, data_loss=0.0009, ref_loss=0.0282, physics_loss=4.8965E-05, it_time=0.00805 s total_time=10.9 min
[Iteration 11350] total_loss=0.0014, data_loss=0.0009, ref_loss=0.0282, physics_loss=4.8946E-05, it_time=0.00904 s total_time=10.9 min
[Iteration 11360] total_loss=0.0014, data_loss=0.0009, ref_loss=0.0282, physics_loss=4.8927E-05, it_time=0.00804 s total_time=10.9 min
[Iteration 11370] total_loss=0.0014, data_loss=0.0009, ref_loss=0.0282, physics_loss=4.8907E-05, it_time=0.0111 s total_time=10.9 min
[Iteration 11380] total_loss=0.0014, data_loss=0.0009, ref_loss=0.0282, physics_loss=4.8887E-05, it_time=0.00809 s total_time=10.9 min
[Iteration 11390] total_loss=0.0014, data_loss=0.0009, ref_loss=0.0282, physics_loss=4.8867E-05, it_time=0.00805 s total_time=10.9 min
[Iteration 11400] total_loss=0.0014, data_loss=0.0009, ref_loss=0.0282, physics_loss=4.8847E-05, it_time=0.00803 s total_time=11.0 min
[Iteration 11410] total_loss=0.0014, data_loss=0.0009, ref_loss=0.0282, physics_loss=4.8828E-05, it_time=0.00806 s total_time=11.0 min
[Iteration 11420] total_loss=0.0014, data_loss=0.0009, ref_loss=0.0281, physics_loss=4.8833E-05, it_time=0.00811 s total_time=11.0 min
[Iteration 11430] total_loss=0.0014, data_loss=0.0010, ref_loss=0.0278, physics_loss=5.2217E-05, it_time=0.00806 s total_time=11.0 min
[Iteration 11440] total_loss=0.0014, data_loss=0.0010, ref_loss=0.0285, physics_loss=4.9150E-05, it_time=0.01062 s total_time=11.0 min
[Iteration 11450] total_loss=0.0014, data_loss=0.0010, ref_loss=0.0280, physics_loss=4.9282E-05, it_time=0.00805 s total_time=11.0 min
[Iteration 11460] total_loss=0.0014, data_loss=0.0009, ref_loss=0.0282, physics_loss=4.8582E-05, it_time=0.00808 s total_time=11.0 min
[Iteration 11470] total_loss=0.0014, data_loss=0.0009, ref_loss=0.0281, physics_loss=4.8637E-05, it_time=0.00806 s total_time=11.0 min
[Iteration 11480] total_loss=0.0014, data_loss=0.0009, ref_loss=0.0282, physics_loss=4.8471E-05, it_time=0.00806 s total_time=11.0 min
[Iteration 11490] total_loss=0.0014, data_loss=0.0009, ref_loss=0.0282, physics_loss=4.8451E-05, it_time=0.00815 s total_time=11.0 min
[Iteration 11500] total_loss=0.0014, data_loss=0.0009, ref_loss=0.0282, physics_loss=4.8481E-05, it_time=0.00807 s total_time=11.0 min
Total avg
Relative error [Fluid] 16.8
Relative error [Bound] 38.3
Relative error [Core] 8.3
Absolute error [Fluid] 0.1184
Absolute error [Bound] 0.2364
Absolute error [Core] 0.0715
Absolute error [Non-F] 0.0000
R.M.S.   error [Fluid] 0.1934
R.M.S.   error [Bound] 0.3292
R.M.S.   error [Core] 0.0958
R.M.S.   error [Non-F] 0.0000
Checkpoint saved to ../models/250202_Aomodel_n2_4dsim/FFN_1t_4dsim_20250213-1047/checkpoints/FFN_1t_4dsim_it11500.pth
[Iteration 11510] total_loss=0.0014, data_loss=0.0009, ref_loss=0.0282, physics_loss=4.8480E-05, it_time=0.00809 s total_time=11.1 min
[Iteration 11520] total_loss=0.0014, data_loss=0.0009, ref_loss=0.0283, physics_loss=4.8365E-05, it_time=0.00805 s total_time=11.1 min
[Iteration 11530] total_loss=0.0014, data_loss=0.0010, ref_loss=0.0289, physics_loss=4.8648E-05, it_time=0.01102 s total_time=11.1 min
[Iteration 11540] total_loss=0.0014, data_loss=0.0010, ref_loss=0.0279, physics_loss=4.9191E-05, it_time=0.00869 s total_time=11.1 min
[Iteration 11550] total_loss=0.0014, data_loss=0.0009, ref_loss=0.0282, physics_loss=4.8606E-05, it_time=0.00808 s total_time=11.1 min
[Iteration 11560] total_loss=0.0014, data_loss=0.0009, ref_loss=0.0282, physics_loss=4.8502E-05, it_time=0.00805 s total_time=11.1 min
[Iteration 11570] total_loss=0.0014, data_loss=0.0009, ref_loss=0.0282, physics_loss=4.8907E-05, it_time=0.00807 s total_time=11.1 min
[Iteration 11580] total_loss=0.0014, data_loss=0.0010, ref_loss=0.0284, physics_loss=4.9483E-05, it_time=0.00862 s total_time=11.1 min
[Iteration 11590] total_loss=0.0014, data_loss=0.0010, ref_loss=0.0282, physics_loss=4.7820E-05, it_time=0.00863 s total_time=11.1 min
[Iteration 11600] total_loss=0.0014, data_loss=0.0009, ref_loss=0.0282, physics_loss=4.8226E-05, it_time=0.0081 s total_time=11.2 min
[Iteration 11610] total_loss=0.0014, data_loss=0.0009, ref_loss=0.0283, physics_loss=4.8477E-05, it_time=0.00806 s total_time=11.2 min
[Iteration 11620] total_loss=0.0014, data_loss=0.0009, ref_loss=0.0285, physics_loss=4.8026E-05, it_time=0.00814 s total_time=11.2 min
[Iteration 11630] total_loss=0.0014, data_loss=0.0010, ref_loss=0.0289, physics_loss=4.7520E-05, it_time=0.00859 s total_time=11.2 min
[Iteration 11640] total_loss=0.0014, data_loss=0.0009, ref_loss=0.0279, physics_loss=4.8788E-05, it_time=0.0086 s total_time=11.2 min
[Iteration 11650] total_loss=0.0014, data_loss=0.0009, ref_loss=0.0282, physics_loss=4.8102E-05, it_time=0.00805 s total_time=11.2 min
[Iteration 11660] total_loss=0.0014, data_loss=0.0009, ref_loss=0.0283, physics_loss=4.7821E-05, it_time=0.00807 s total_time=11.2 min
[Iteration 11670] total_loss=0.0014, data_loss=0.0009, ref_loss=0.0282, physics_loss=4.7880E-05, it_time=0.00807 s total_time=11.2 min
[Iteration 11680] total_loss=0.0014, data_loss=0.0010, ref_loss=0.0279, physics_loss=4.7852E-05, it_time=0.00808 s total_time=11.2 min
[Iteration 11690] total_loss=0.0014, data_loss=0.0010, ref_loss=0.0280, physics_loss=4.8968E-05, it_time=0.00831 s total_time=11.2 min
[Iteration 11700] total_loss=0.0014, data_loss=0.0009, ref_loss=0.0282, physics_loss=4.8548E-05, it_time=0.00863 s total_time=11.2 min
[Iteration 11710] total_loss=0.0014, data_loss=0.0009, ref_loss=0.0282, physics_loss=4.7772E-05, it_time=0.00806 s total_time=11.3 min
[Iteration 11720] total_loss=0.0013, data_loss=0.0009, ref_loss=0.0281, physics_loss=4.7758E-05, it_time=0.00914 s total_time=11.3 min
[Iteration 11730] total_loss=0.0013, data_loss=0.0009, ref_loss=0.0281, physics_loss=4.7739E-05, it_time=0.01046 s total_time=11.3 min
[Iteration 11740] total_loss=0.0014, data_loss=0.0009, ref_loss=0.0280, physics_loss=4.8091E-05, it_time=0.00862 s total_time=11.3 min
[Iteration 11750] total_loss=0.0014, data_loss=0.0009, ref_loss=0.0279, physics_loss=4.8372E-05, it_time=0.00807 s total_time=11.3 min
Total avg
Relative error [Fluid] 16.8
Relative error [Bound] 38.2
Relative error [Core] 8.3
Absolute error [Fluid] 0.1180
Absolute error [Bound] 0.2350
Absolute error [Core] 0.0714
Absolute error [Non-F] 0.0000
R.M.S.   error [Fluid] 0.1922
R.M.S.   error [Bound] 0.3268
R.M.S.   error [Core] 0.0956
R.M.S.   error [Non-F] 0.0000
[Iteration 11760] total_loss=0.0014, data_loss=0.0009, ref_loss=0.0279, physics_loss=4.8903E-05, it_time=0.00806 s total_time=11.3 min
[Iteration 11770] total_loss=0.0014, data_loss=0.0009, ref_loss=0.0279, physics_loss=4.8358E-05, it_time=0.00848 s total_time=11.3 min
[Iteration 11780] total_loss=0.0013, data_loss=0.0009, ref_loss=0.0280, physics_loss=4.7904E-05, it_time=0.00806 s total_time=11.3 min
[Iteration 11790] total_loss=0.0014, data_loss=0.0009, ref_loss=0.0275, physics_loss=4.8337E-05, it_time=0.00805 s total_time=11.3 min
[Iteration 11800] total_loss=0.0014, data_loss=0.0009, ref_loss=0.0281, physics_loss=4.7890E-05, it_time=0.00805 s total_time=11.3 min
[Iteration 11810] total_loss=0.0014, data_loss=0.0009, ref_loss=0.0286, physics_loss=4.7351E-05, it_time=0.00806 s total_time=11.4 min
[Iteration 11820] total_loss=0.0014, data_loss=0.0010, ref_loss=0.0283, physics_loss=4.7165E-05, it_time=0.00807 s total_time=11.4 min
[Iteration 11830] total_loss=0.0013, data_loss=0.0009, ref_loss=0.0283, physics_loss=4.7362E-05, it_time=0.00805 s total_time=11.4 min
[Iteration 11840] total_loss=0.0013, data_loss=0.0009, ref_loss=0.0281, physics_loss=4.8127E-05, it_time=0.0086 s total_time=11.4 min
[Iteration 11850] total_loss=0.0014, data_loss=0.0009, ref_loss=0.0278, physics_loss=4.8489E-05, it_time=0.00806 s total_time=11.4 min
[Iteration 11860] total_loss=0.0014, data_loss=0.0009, ref_loss=0.0278, physics_loss=4.8328E-05, it_time=0.00808 s total_time=11.4 min
[Iteration 11870] total_loss=0.0014, data_loss=0.0010, ref_loss=0.0279, physics_loss=4.8298E-05, it_time=0.00807 s total_time=11.4 min
[Iteration 11880] total_loss=0.0014, data_loss=0.0009, ref_loss=0.0283, physics_loss=4.7258E-05, it_time=0.00808 s total_time=11.4 min
[Iteration 11890] total_loss=0.0013, data_loss=0.0009, ref_loss=0.0283, physics_loss=4.7770E-05, it_time=0.00858 s total_time=11.4 min
[Iteration 11900] total_loss=0.0013, data_loss=0.0009, ref_loss=0.0280, physics_loss=4.7484E-05, it_time=0.00855 s total_time=11.4 min
[Iteration 11910] total_loss=0.0013, data_loss=0.0009, ref_loss=0.0278, physics_loss=4.7548E-05, it_time=0.00805 s total_time=11.4 min
[Iteration 11920] total_loss=0.0014, data_loss=0.0009, ref_loss=0.0281, physics_loss=4.7422E-05, it_time=0.0086 s total_time=11.5 min
[Iteration 11930] total_loss=0.0014, data_loss=0.0009, ref_loss=0.0288, physics_loss=4.6884E-05, it_time=0.00805 s total_time=11.5 min
[Iteration 11940] total_loss=0.0013, data_loss=0.0009, ref_loss=0.0284, physics_loss=4.6765E-05, it_time=0.00874 s total_time=11.5 min
[Iteration 11950] total_loss=0.0013, data_loss=0.0009, ref_loss=0.0280, physics_loss=4.7655E-05, it_time=0.00865 s total_time=11.5 min
[Iteration 11960] total_loss=0.0013, data_loss=0.0009, ref_loss=0.0282, physics_loss=4.7320E-05, it_time=0.00809 s total_time=11.5 min
[Iteration 11970] total_loss=0.0013, data_loss=0.0009, ref_loss=0.0283, physics_loss=4.7704E-05, it_time=0.00808 s total_time=11.5 min
[Iteration 11980] total_loss=0.0013, data_loss=0.0009, ref_loss=0.0282, physics_loss=4.7235E-05, it_time=0.00809 s total_time=11.5 min
[Iteration 11990] total_loss=0.0014, data_loss=0.0009, ref_loss=0.0284, physics_loss=4.6746E-05, it_time=0.00855 s total_time=11.5 min
[Iteration 12000] total_loss=0.0014, data_loss=0.0009, ref_loss=0.0281, physics_loss=4.7224E-05, it_time=0.00807 s total_time=11.5 min
Total avg
Relative error [Fluid] 16.8
Relative error [Bound] 38.3
Relative error [Core] 8.3
Absolute error [Fluid] 0.1183
Absolute error [Bound] 0.2361
Absolute error [Core] 0.0714
Absolute error [Non-F] 0.0000
R.M.S.   error [Fluid] 0.1930
R.M.S.   error [Bound] 0.3285
R.M.S.   error [Core] 0.0957
R.M.S.   error [Non-F] 0.0000
Checkpoint saved to ../models/250202_Aomodel_n2_4dsim/FFN_1t_4dsim_20250213-1047/checkpoints/FFN_1t_4dsim_it12000.pth
[Iteration 12010] total_loss=0.0013, data_loss=0.0009, ref_loss=0.0283, physics_loss=4.7569E-05, it_time=0.00808 s total_time=11.6 min
[Iteration 12020] total_loss=0.0013, data_loss=0.0009, ref_loss=0.0282, physics_loss=4.7029E-05, it_time=0.00807 s total_time=11.6 min
[Iteration 12030] total_loss=0.0013, data_loss=0.0009, ref_loss=0.0282, physics_loss=4.7140E-05, it_time=0.00807 s total_time=11.6 min
[Iteration 12040] total_loss=0.0013, data_loss=0.0009, ref_loss=0.0282, physics_loss=4.7207E-05, it_time=0.00812 s total_time=11.6 min
[Iteration 12050] total_loss=0.0013, data_loss=0.0009, ref_loss=0.0282, physics_loss=4.7116E-05, it_time=0.00861 s total_time=11.6 min
[Iteration 12060] total_loss=0.0013, data_loss=0.0009, ref_loss=0.0282, physics_loss=4.7175E-05, it_time=0.01061 s total_time=11.6 min
[Iteration 12070] total_loss=0.0013, data_loss=0.0009, ref_loss=0.0282, physics_loss=4.7149E-05, it_time=0.00808 s total_time=11.6 min
[Iteration 12080] total_loss=0.0013, data_loss=0.0009, ref_loss=0.0282, physics_loss=4.7157E-05, it_time=0.00807 s total_time=11.6 min
[Iteration 12090] total_loss=0.0013, data_loss=0.0009, ref_loss=0.0282, physics_loss=4.7149E-05, it_time=0.00877 s total_time=11.6 min
[Iteration 12100] total_loss=0.0013, data_loss=0.0009, ref_loss=0.0282, physics_loss=4.7147E-05, it_time=0.00805 s total_time=11.6 min
[Iteration 12110] total_loss=0.0013, data_loss=0.0009, ref_loss=0.0282, physics_loss=4.7139E-05, it_time=0.00807 s total_time=11.6 min
[Iteration 12120] total_loss=0.0013, data_loss=0.0009, ref_loss=0.0282, physics_loss=4.7134E-05, it_time=0.00806 s total_time=11.6 min
[Iteration 12130] total_loss=0.0013, data_loss=0.0009, ref_loss=0.0282, physics_loss=4.7125E-05, it_time=0.00832 s total_time=11.7 min
[Iteration 12140] total_loss=0.0013, data_loss=0.0009, ref_loss=0.0282, physics_loss=4.7118E-05, it_time=0.00807 s total_time=11.7 min
[Iteration 12150] total_loss=0.0013, data_loss=0.0009, ref_loss=0.0282, physics_loss=4.7109E-05, it_time=0.01099 s total_time=11.7 min
[Iteration 12160] total_loss=0.0013, data_loss=0.0009, ref_loss=0.0282, physics_loss=4.7100E-05, it_time=0.00867 s total_time=11.7 min
[Iteration 12170] total_loss=0.0013, data_loss=0.0009, ref_loss=0.0282, physics_loss=4.7090E-05, it_time=0.00815 s total_time=11.7 min
[Iteration 12180] total_loss=0.0013, data_loss=0.0009, ref_loss=0.0282, physics_loss=4.7079E-05, it_time=0.00807 s total_time=11.7 min
[Iteration 12190] total_loss=0.0013, data_loss=0.0009, ref_loss=0.0282, physics_loss=4.7068E-05, it_time=0.00806 s total_time=11.7 min
[Iteration 12200] total_loss=0.0013, data_loss=0.0009, ref_loss=0.0282, physics_loss=4.7057E-05, it_time=0.00806 s total_time=11.7 min
[Iteration 12210] total_loss=0.0013, data_loss=0.0009, ref_loss=0.0282, physics_loss=4.7045E-05, it_time=0.00806 s total_time=11.7 min
[Iteration 12220] total_loss=0.0013, data_loss=0.0009, ref_loss=0.0282, physics_loss=4.7033E-05, it_time=0.008 s total_time=11.7 min
[Iteration 12230] total_loss=0.0013, data_loss=0.0009, ref_loss=0.0282, physics_loss=4.7021E-05, it_time=0.0086 s total_time=11.7 min
[Iteration 12240] total_loss=0.0013, data_loss=0.0009, ref_loss=0.0282, physics_loss=4.7008E-05, it_time=0.00806 s total_time=11.8 min
[Iteration 12250] total_loss=0.0013, data_loss=0.0009, ref_loss=0.0282, physics_loss=4.6995E-05, it_time=0.00809 s total_time=11.8 min
Total avg
Relative error [Fluid] 16.9
Relative error [Bound] 38.3
Relative error [Core] 8.3
Absolute error [Fluid] 0.1186
Absolute error [Bound] 0.2367
Absolute error [Core] 0.0716
Absolute error [Non-F] 0.0000
R.M.S.   error [Fluid] 0.1935
R.M.S.   error [Bound] 0.3295
R.M.S.   error [Core] 0.0958
R.M.S.   error [Non-F] 0.0000
[Iteration 12260] total_loss=0.0013, data_loss=0.0009, ref_loss=0.0282, physics_loss=4.6982E-05, it_time=0.00807 s total_time=11.8 min
[Iteration 12270] total_loss=0.0013, data_loss=0.0009, ref_loss=0.0282, physics_loss=4.6968E-05, it_time=0.00809 s total_time=11.8 min
[Iteration 12280] total_loss=0.0013, data_loss=0.0009, ref_loss=0.0282, physics_loss=4.6955E-05, it_time=0.00806 s total_time=11.8 min
[Iteration 12290] total_loss=0.0013, data_loss=0.0009, ref_loss=0.0282, physics_loss=4.6940E-05, it_time=0.00806 s total_time=11.8 min
[Iteration 12300] total_loss=0.0013, data_loss=0.0009, ref_loss=0.0282, physics_loss=4.6926E-05, it_time=0.00859 s total_time=11.8 min
[Iteration 12310] total_loss=0.0013, data_loss=0.0009, ref_loss=0.0282, physics_loss=4.6911E-05, it_time=0.00809 s total_time=11.8 min
[Iteration 12320] total_loss=0.0013, data_loss=0.0009, ref_loss=0.0282, physics_loss=4.6897E-05, it_time=0.0086 s total_time=11.8 min
[Iteration 12330] total_loss=0.0013, data_loss=0.0009, ref_loss=0.0282, physics_loss=4.6882E-05, it_time=0.00857 s total_time=11.9 min
[Iteration 12340] total_loss=0.0013, data_loss=0.0009, ref_loss=0.0282, physics_loss=4.6867E-05, it_time=0.00807 s total_time=11.9 min
[Iteration 12350] total_loss=0.0013, data_loss=0.0009, ref_loss=0.0282, physics_loss=4.6851E-05, it_time=0.00807 s total_time=11.9 min
[Iteration 12360] total_loss=0.0013, data_loss=0.0009, ref_loss=0.0282, physics_loss=4.6835E-05, it_time=0.00864 s total_time=11.9 min
[Iteration 12370] total_loss=0.0013, data_loss=0.0009, ref_loss=0.0282, physics_loss=4.6820E-05, it_time=0.00814 s total_time=11.9 min
[Iteration 12380] total_loss=0.0013, data_loss=0.0009, ref_loss=0.0282, physics_loss=4.6804E-05, it_time=0.00807 s total_time=11.9 min
[Iteration 12390] total_loss=0.0013, data_loss=0.0009, ref_loss=0.0282, physics_loss=4.6787E-05, it_time=0.00806 s total_time=11.9 min
[Iteration 12400] total_loss=0.0013, data_loss=0.0009, ref_loss=0.0282, physics_loss=4.6771E-05, it_time=0.00808 s total_time=11.9 min
[Iteration 12410] total_loss=0.0013, data_loss=0.0009, ref_loss=0.0282, physics_loss=4.6754E-05, it_time=0.00807 s total_time=11.9 min
[Iteration 12420] total_loss=0.0013, data_loss=0.0009, ref_loss=0.0282, physics_loss=4.6738E-05, it_time=0.0079 s total_time=11.9 min
[Iteration 12430] total_loss=0.0013, data_loss=0.0009, ref_loss=0.0282, physics_loss=4.6721E-05, it_time=0.00812 s total_time=11.9 min
[Iteration 12440] total_loss=0.0013, data_loss=0.0009, ref_loss=0.0282, physics_loss=4.6704E-05, it_time=0.0081 s total_time=11.9 min
[Iteration 12450] total_loss=0.0013, data_loss=0.0009, ref_loss=0.0282, physics_loss=4.6689E-05, it_time=0.00812 s total_time=12.0 min
[Iteration 12460] total_loss=0.0013, data_loss=0.0009, ref_loss=0.0282, physics_loss=4.6693E-05, it_time=0.00807 s total_time=12.0 min
[Iteration 12470] total_loss=0.0013, data_loss=0.0009, ref_loss=0.0279, physics_loss=4.7815E-05, it_time=0.00982 s total_time=12.0 min
[Iteration 12480] total_loss=0.0013, data_loss=0.0009, ref_loss=0.0284, physics_loss=4.7994E-05, it_time=0.00804 s total_time=12.0 min
[Iteration 12490] total_loss=0.0013, data_loss=0.0009, ref_loss=0.0282, physics_loss=4.6577E-05, it_time=0.00803 s total_time=12.0 min
[Iteration 12500] total_loss=0.0013, data_loss=0.0009, ref_loss=0.0282, physics_loss=4.6510E-05, it_time=0.00811 s total_time=12.0 min
Total avg
Relative error [Fluid] 16.9
Relative error [Bound] 38.3
Relative error [Core] 8.3
Absolute error [Fluid] 0.1187
Absolute error [Bound] 0.2369
Absolute error [Core] 0.0717
Absolute error [Non-F] 0.0000
R.M.S.   error [Fluid] 0.1936
R.M.S.   error [Bound] 0.3295
R.M.S.   error [Core] 0.0959
R.M.S.   error [Non-F] 0.0000
Checkpoint saved to ../models/250202_Aomodel_n2_4dsim/FFN_1t_4dsim_20250213-1047/checkpoints/FFN_1t_4dsim_it12500.pth
[Iteration 12510] total_loss=0.0013, data_loss=0.0009, ref_loss=0.0282, physics_loss=4.6402E-05, it_time=0.00889 s total_time=12.0 min
[Iteration 12520] total_loss=0.0013, data_loss=0.0009, ref_loss=0.0282, physics_loss=4.6481E-05, it_time=0.00808 s total_time=12.0 min
[Iteration 12530] total_loss=0.0013, data_loss=0.0009, ref_loss=0.0282, physics_loss=4.6449E-05, it_time=0.00808 s total_time=12.0 min
[Iteration 12540] total_loss=0.0013, data_loss=0.0009, ref_loss=0.0283, physics_loss=4.6413E-05, it_time=0.00806 s total_time=12.1 min
[Iteration 12550] total_loss=0.0013, data_loss=0.0009, ref_loss=0.0283, physics_loss=4.6387E-05, it_time=0.00807 s total_time=12.1 min
[Iteration 12560] total_loss=0.0013, data_loss=0.0009, ref_loss=0.0283, physics_loss=4.6329E-05, it_time=0.00807 s total_time=12.1 min
[Iteration 12570] total_loss=0.0013, data_loss=0.0009, ref_loss=0.0288, physics_loss=4.6116E-05, it_time=0.00865 s total_time=12.1 min
[Iteration 12580] total_loss=0.0013, data_loss=0.0009, ref_loss=0.0283, physics_loss=4.6393E-05, it_time=0.00807 s total_time=12.1 min
[Iteration 12590] total_loss=0.0013, data_loss=0.0009, ref_loss=0.0283, physics_loss=4.6715E-05, it_time=0.00805 s total_time=12.1 min
[Iteration 12600] total_loss=0.0013, data_loss=0.0009, ref_loss=0.0283, physics_loss=4.6410E-05, it_time=0.00805 s total_time=12.1 min
[Iteration 12610] total_loss=0.0013, data_loss=0.0009, ref_loss=0.0284, physics_loss=4.6657E-05, it_time=0.00919 s total_time=12.1 min
[Iteration 12620] total_loss=0.0013, data_loss=0.0009, ref_loss=0.0284, physics_loss=4.6688E-05, it_time=0.00808 s total_time=12.1 min
[Iteration 12630] total_loss=0.0013, data_loss=0.0009, ref_loss=0.0282, physics_loss=4.6147E-05, it_time=0.00806 s total_time=12.1 min
[Iteration 12640] total_loss=0.0013, data_loss=0.0009, ref_loss=0.0281, physics_loss=4.6260E-05, it_time=0.00806 s total_time=12.1 min
[Iteration 12650] total_loss=0.0013, data_loss=0.0009, ref_loss=0.0281, physics_loss=4.6543E-05, it_time=0.00847 s total_time=12.2 min
[Iteration 12660] total_loss=0.0013, data_loss=0.0009, ref_loss=0.0281, physics_loss=4.7158E-05, it_time=0.00811 s total_time=12.2 min
[Iteration 12670] total_loss=0.0013, data_loss=0.0009, ref_loss=0.0285, physics_loss=4.6040E-05, it_time=0.00964 s total_time=12.2 min
[Iteration 12680] total_loss=0.0013, data_loss=0.0009, ref_loss=0.0285, physics_loss=4.6076E-05, it_time=0.00805 s total_time=12.2 min
[Iteration 12690] total_loss=0.0013, data_loss=0.0009, ref_loss=0.0286, physics_loss=4.6427E-05, it_time=0.00806 s total_time=12.2 min
[Iteration 12700] total_loss=0.0013, data_loss=0.0009, ref_loss=0.0280, physics_loss=4.6618E-05, it_time=0.00805 s total_time=12.2 min
[Iteration 12710] total_loss=0.0013, data_loss=0.0009, ref_loss=0.0281, physics_loss=4.6424E-05, it_time=0.00999 s total_time=12.2 min
[Iteration 12720] total_loss=0.0013, data_loss=0.0009, ref_loss=0.0283, physics_loss=4.6072E-05, it_time=0.0091 s total_time=12.2 min
[Iteration 12730] total_loss=0.0013, data_loss=0.0009, ref_loss=0.0283, physics_loss=4.5995E-05, it_time=0.00804 s total_time=12.2 min
[Iteration 12740] total_loss=0.0013, data_loss=0.0009, ref_loss=0.0280, physics_loss=4.6090E-05, it_time=0.00834 s total_time=12.2 min
[Iteration 12750] total_loss=0.0013, data_loss=0.0009, ref_loss=0.0283, physics_loss=4.5929E-05, it_time=0.00805 s total_time=12.2 min
Total avg
Relative error [Fluid] 16.9
Relative error [Bound] 38.3
Relative error [Core] 8.3
Absolute error [Fluid] 0.1188
Absolute error [Bound] 0.2372
Absolute error [Core] 0.0717
Absolute error [Non-F] 0.0000
R.M.S.   error [Fluid] 0.1939
R.M.S.   error [Bound] 0.3303
R.M.S.   error [Core] 0.0959
R.M.S.   error [Non-F] 0.0000
[Iteration 12760] total_loss=0.0013, data_loss=0.0009, ref_loss=0.0281, physics_loss=4.6032E-05, it_time=0.00807 s total_time=12.3 min
[Iteration 12770] total_loss=0.0013, data_loss=0.0009, ref_loss=0.0283, physics_loss=4.6102E-05, it_time=0.00913 s total_time=12.3 min
[Iteration 12780] total_loss=0.0013, data_loss=0.0009, ref_loss=0.0279, physics_loss=4.6525E-05, it_time=0.00819 s total_time=12.3 min
[Iteration 12790] total_loss=0.0013, data_loss=0.0009, ref_loss=0.0280, physics_loss=4.6995E-05, it_time=0.00807 s total_time=12.3 min
[Iteration 12800] total_loss=0.0013, data_loss=0.0009, ref_loss=0.0285, physics_loss=4.5455E-05, it_time=0.00999 s total_time=12.3 min
[Iteration 12810] total_loss=0.0013, data_loss=0.0009, ref_loss=0.0283, physics_loss=4.5735E-05, it_time=0.00803 s total_time=12.3 min
[Iteration 12820] total_loss=0.0013, data_loss=0.0009, ref_loss=0.0282, physics_loss=4.6134E-05, it_time=0.01066 s total_time=12.3 min
[Iteration 12830] total_loss=0.0013, data_loss=0.0009, ref_loss=0.0282, physics_loss=4.6174E-05, it_time=0.00805 s total_time=12.3 min
[Iteration 12840] total_loss=0.0013, data_loss=0.0009, ref_loss=0.0283, physics_loss=4.6403E-05, it_time=0.00806 s total_time=12.3 min
[Iteration 12850] total_loss=0.0013, data_loss=0.0009, ref_loss=0.0286, physics_loss=4.5608E-05, it_time=0.0081 s total_time=12.3 min
[Iteration 12860] total_loss=0.0013, data_loss=0.0009, ref_loss=0.0284, physics_loss=4.5410E-05, it_time=0.00806 s total_time=12.4 min
[Iteration 12870] total_loss=0.0013, data_loss=0.0009, ref_loss=0.0282, physics_loss=4.5739E-05, it_time=0.00808 s total_time=12.4 min
[Iteration 12880] total_loss=0.0013, data_loss=0.0009, ref_loss=0.0278, physics_loss=4.6776E-05, it_time=0.00805 s total_time=12.4 min
[Iteration 12890] total_loss=0.0013, data_loss=0.0009, ref_loss=0.0285, physics_loss=4.6311E-05, it_time=0.00807 s total_time=12.4 min
[Iteration 12900] total_loss=0.0013, data_loss=0.0009, ref_loss=0.0281, physics_loss=4.5843E-05, it_time=0.00807 s total_time=12.4 min
[Iteration 12910] total_loss=0.0013, data_loss=0.0009, ref_loss=0.0283, physics_loss=4.5640E-05, it_time=0.00808 s total_time=12.4 min
[Iteration 12920] total_loss=0.0013, data_loss=0.0009, ref_loss=0.0283, physics_loss=4.5477E-05, it_time=0.00805 s total_time=12.4 min
[Iteration 12930] total_loss=0.0013, data_loss=0.0009, ref_loss=0.0284, physics_loss=4.5396E-05, it_time=0.00805 s total_time=12.4 min
[Iteration 12940] total_loss=0.0013, data_loss=0.0009, ref_loss=0.0287, physics_loss=4.4970E-05, it_time=0.01057 s total_time=12.4 min
[Iteration 12950] total_loss=0.0013, data_loss=0.0009, ref_loss=0.0283, physics_loss=4.5568E-05, it_time=0.00808 s total_time=12.4 min
[Iteration 12960] total_loss=0.0013, data_loss=0.0009, ref_loss=0.0281, physics_loss=4.6000E-05, it_time=0.01047 s total_time=12.4 min
[Iteration 12970] total_loss=0.0013, data_loss=0.0009, ref_loss=0.0284, physics_loss=4.5299E-05, it_time=0.00813 s total_time=12.4 min
[Iteration 12980] total_loss=0.0013, data_loss=0.0009, ref_loss=0.0285, physics_loss=4.5455E-05, it_time=0.00806 s total_time=12.5 min
[Iteration 12990] total_loss=0.0013, data_loss=0.0009, ref_loss=0.0285, physics_loss=4.5851E-05, it_time=0.00804 s total_time=12.5 min
[Iteration 13000] total_loss=0.0013, data_loss=0.0009, ref_loss=0.0282, physics_loss=4.5620E-05, it_time=0.00867 s total_time=12.5 min
Total avg
Relative error [Fluid] 16.9
Relative error [Bound] 38.3
Relative error [Core] 8.3
Absolute error [Fluid] 0.1186
Absolute error [Bound] 0.2367
Absolute error [Core] 0.0716
Absolute error [Non-F] 0.0000
R.M.S.   error [Fluid] 0.1935
R.M.S.   error [Bound] 0.3294
R.M.S.   error [Core] 0.0957
R.M.S.   error [Non-F] 0.0000
Checkpoint saved to ../models/250202_Aomodel_n2_4dsim/FFN_1t_4dsim_20250213-1047/checkpoints/FFN_1t_4dsim_it13000.pth
[Iteration 13010] total_loss=0.0013, data_loss=0.0009, ref_loss=0.0283, physics_loss=4.5389E-05, it_time=0.00806 s total_time=12.5 min
[Iteration 13020] total_loss=0.0013, data_loss=0.0009, ref_loss=0.0283, physics_loss=4.5393E-05, it_time=0.00805 s total_time=12.5 min
[Iteration 13030] total_loss=0.0013, data_loss=0.0009, ref_loss=0.0283, physics_loss=4.5450E-05, it_time=0.00805 s total_time=12.5 min
[Iteration 13040] total_loss=0.0013, data_loss=0.0009, ref_loss=0.0283, physics_loss=4.5412E-05, it_time=0.00806 s total_time=12.5 min
[Iteration 13050] total_loss=0.0013, data_loss=0.0009, ref_loss=0.0283, physics_loss=4.5421E-05, it_time=0.00807 s total_time=12.5 min
[Iteration 13060] total_loss=0.0013, data_loss=0.0009, ref_loss=0.0283, physics_loss=4.5423E-05, it_time=0.00805 s total_time=12.6 min
[Iteration 13070] total_loss=0.0013, data_loss=0.0009, ref_loss=0.0283, physics_loss=4.5412E-05, it_time=0.00807 s total_time=12.6 min
[Iteration 13080] total_loss=0.0013, data_loss=0.0009, ref_loss=0.0283, physics_loss=4.5412E-05, it_time=0.00864 s total_time=12.6 min
[Iteration 13090] total_loss=0.0013, data_loss=0.0009, ref_loss=0.0283, physics_loss=4.5404E-05, it_time=0.00805 s total_time=12.6 min
[Iteration 13100] total_loss=0.0013, data_loss=0.0009, ref_loss=0.0283, physics_loss=4.5399E-05, it_time=0.00804 s total_time=12.6 min
[Iteration 13110] total_loss=0.0013, data_loss=0.0009, ref_loss=0.0283, physics_loss=4.5391E-05, it_time=0.00847 s total_time=12.6 min
[Iteration 13120] total_loss=0.0013, data_loss=0.0009, ref_loss=0.0283, physics_loss=4.5384E-05, it_time=0.01097 s total_time=12.6 min
[Iteration 13130] total_loss=0.0013, data_loss=0.0009, ref_loss=0.0283, physics_loss=4.5376E-05, it_time=0.00858 s total_time=12.6 min
[Iteration 13140] total_loss=0.0013, data_loss=0.0009, ref_loss=0.0283, physics_loss=4.5367E-05, it_time=0.01055 s total_time=12.6 min
[Iteration 13150] total_loss=0.0013, data_loss=0.0009, ref_loss=0.0283, physics_loss=4.5358E-05, it_time=0.00807 s total_time=12.6 min
[Iteration 13160] total_loss=0.0013, data_loss=0.0009, ref_loss=0.0283, physics_loss=4.5349E-05, it_time=0.0081 s total_time=12.6 min
[Iteration 13170] total_loss=0.0013, data_loss=0.0009, ref_loss=0.0283, physics_loss=4.5339E-05, it_time=0.00807 s total_time=12.7 min
[Iteration 13180] total_loss=0.0013, data_loss=0.0009, ref_loss=0.0283, physics_loss=4.5329E-05, it_time=0.00805 s total_time=12.7 min
[Iteration 13190] total_loss=0.0013, data_loss=0.0009, ref_loss=0.0283, physics_loss=4.5319E-05, it_time=0.00927 s total_time=12.7 min
[Iteration 13200] total_loss=0.0013, data_loss=0.0009, ref_loss=0.0283, physics_loss=4.5308E-05, it_time=0.00804 s total_time=12.7 min
[Iteration 13210] total_loss=0.0013, data_loss=0.0009, ref_loss=0.0283, physics_loss=4.5297E-05, it_time=0.00808 s total_time=12.7 min
[Iteration 13220] total_loss=0.0013, data_loss=0.0009, ref_loss=0.0283, physics_loss=4.5286E-05, it_time=0.00806 s total_time=12.7 min
[Iteration 13230] total_loss=0.0013, data_loss=0.0009, ref_loss=0.0283, physics_loss=4.5274E-05, it_time=0.00815 s total_time=12.7 min
[Iteration 13240] total_loss=0.0013, data_loss=0.0009, ref_loss=0.0283, physics_loss=4.5263E-05, it_time=0.00807 s total_time=12.7 min
[Iteration 13250] total_loss=0.0013, data_loss=0.0009, ref_loss=0.0283, physics_loss=4.5251E-05, it_time=0.00805 s total_time=12.7 min
Total avg
Relative error [Fluid] 16.9
Relative error [Bound] 38.3
Relative error [Core] 8.3
Absolute error [Fluid] 0.1189
Absolute error [Bound] 0.2371
Absolute error [Core] 0.0718
Absolute error [Non-F] 0.0000
R.M.S.   error [Fluid] 0.1938
R.M.S.   error [Bound] 0.3299
R.M.S.   error [Core] 0.0960
R.M.S.   error [Non-F] 0.0000
[Iteration 13260] total_loss=0.0013, data_loss=0.0009, ref_loss=0.0283, physics_loss=4.5239E-05, it_time=0.00805 s total_time=12.8 min
[Iteration 13270] total_loss=0.0013, data_loss=0.0009, ref_loss=0.0283, physics_loss=4.5226E-05, it_time=0.0082 s total_time=12.8 min
[Iteration 13280] total_loss=0.0013, data_loss=0.0009, ref_loss=0.0283, physics_loss=4.5214E-05, it_time=0.00806 s total_time=12.8 min
[Iteration 13290] total_loss=0.0013, data_loss=0.0008, ref_loss=0.0283, physics_loss=4.5201E-05, it_time=0.00805 s total_time=12.8 min
[Iteration 13300] total_loss=0.0013, data_loss=0.0008, ref_loss=0.0283, physics_loss=4.5188E-05, it_time=0.00805 s total_time=12.8 min
[Iteration 13310] total_loss=0.0013, data_loss=0.0008, ref_loss=0.0283, physics_loss=4.5175E-05, it_time=0.00804 s total_time=12.8 min
[Iteration 13320] total_loss=0.0013, data_loss=0.0008, ref_loss=0.0283, physics_loss=4.5162E-05, it_time=0.00805 s total_time=12.8 min
[Iteration 13330] total_loss=0.0013, data_loss=0.0008, ref_loss=0.0283, physics_loss=4.5149E-05, it_time=0.00809 s total_time=12.8 min
[Iteration 13340] total_loss=0.0013, data_loss=0.0008, ref_loss=0.0283, physics_loss=4.5135E-05, it_time=0.00807 s total_time=12.8 min
[Iteration 13350] total_loss=0.0013, data_loss=0.0008, ref_loss=0.0283, physics_loss=4.5121E-05, it_time=0.00804 s total_time=12.8 min
[Iteration 13360] total_loss=0.0013, data_loss=0.0008, ref_loss=0.0283, physics_loss=4.5107E-05, it_time=0.00804 s total_time=12.8 min
[Iteration 13370] total_loss=0.0013, data_loss=0.0008, ref_loss=0.0283, physics_loss=4.5093E-05, it_time=0.00807 s total_time=12.8 min
[Iteration 13380] total_loss=0.0013, data_loss=0.0008, ref_loss=0.0283, physics_loss=4.5079E-05, it_time=0.00806 s total_time=12.9 min
[Iteration 13390] total_loss=0.0013, data_loss=0.0008, ref_loss=0.0283, physics_loss=4.5065E-05, it_time=0.00808 s total_time=12.9 min
[Iteration 13400] total_loss=0.0013, data_loss=0.0008, ref_loss=0.0283, physics_loss=4.5051E-05, it_time=0.00808 s total_time=12.9 min
[Iteration 13410] total_loss=0.0013, data_loss=0.0008, ref_loss=0.0283, physics_loss=4.5036E-05, it_time=0.0081 s total_time=12.9 min
[Iteration 13420] total_loss=0.0013, data_loss=0.0008, ref_loss=0.0283, physics_loss=4.5021E-05, it_time=0.00807 s total_time=12.9 min
[Iteration 13430] total_loss=0.0013, data_loss=0.0008, ref_loss=0.0283, physics_loss=4.5007E-05, it_time=0.00808 s total_time=12.9 min
[Iteration 13440] total_loss=0.0013, data_loss=0.0008, ref_loss=0.0283, physics_loss=4.4991E-05, it_time=0.00816 s total_time=12.9 min
[Iteration 13450] total_loss=0.0013, data_loss=0.0008, ref_loss=0.0283, physics_loss=4.4976E-05, it_time=0.00917 s total_time=12.9 min
[Iteration 13460] total_loss=0.0013, data_loss=0.0008, ref_loss=0.0283, physics_loss=4.4961E-05, it_time=0.00814 s total_time=12.9 min
[Iteration 13470] total_loss=0.0013, data_loss=0.0008, ref_loss=0.0283, physics_loss=4.4946E-05, it_time=0.00805 s total_time=12.9 min
[Iteration 13480] total_loss=0.0013, data_loss=0.0008, ref_loss=0.0283, physics_loss=4.4930E-05, it_time=0.00806 s total_time=12.9 min
[Iteration 13490] total_loss=0.0013, data_loss=0.0008, ref_loss=0.0283, physics_loss=4.4913E-05, it_time=0.00859 s total_time=13.0 min
[Iteration 13500] total_loss=0.0013, data_loss=0.0008, ref_loss=0.0283, physics_loss=4.4892E-05, it_time=0.01097 s total_time=13.0 min
Total avg
Relative error [Fluid] 16.9
Relative error [Bound] 38.4
Relative error [Core] 8.3
Absolute error [Fluid] 0.1190
Absolute error [Bound] 0.2373
Absolute error [Core] 0.0719
Absolute error [Non-F] 0.0000
R.M.S.   error [Fluid] 0.1939
R.M.S.   error [Bound] 0.3301
R.M.S.   error [Core] 0.0960
R.M.S.   error [Non-F] 0.0000
Checkpoint saved to ../models/250202_Aomodel_n2_4dsim/FFN_1t_4dsim_20250213-1047/checkpoints/FFN_1t_4dsim_it13500.pth
[Iteration 13510] total_loss=0.0013, data_loss=0.0009, ref_loss=0.0286, physics_loss=4.6032E-05, it_time=0.00842 s total_time=13.0 min
[Iteration 13520] total_loss=0.0013, data_loss=0.0009, ref_loss=0.0283, physics_loss=4.5162E-05, it_time=0.00813 s total_time=13.0 min
[Iteration 13530] total_loss=0.0013, data_loss=0.0008, ref_loss=0.0282, physics_loss=4.5067E-05, it_time=0.00807 s total_time=13.0 min
[Iteration 13540] total_loss=0.0013, data_loss=0.0008, ref_loss=0.0283, physics_loss=4.4738E-05, it_time=0.00806 s total_time=13.0 min
[Iteration 13550] total_loss=0.0013, data_loss=0.0008, ref_loss=0.0283, physics_loss=4.4681E-05, it_time=0.00805 s total_time=13.0 min
[Iteration 13560] total_loss=0.0013, data_loss=0.0008, ref_loss=0.0284, physics_loss=4.4715E-05, it_time=0.00806 s total_time=13.0 min
[Iteration 13570] total_loss=0.0013, data_loss=0.0008, ref_loss=0.0283, physics_loss=4.4709E-05, it_time=0.0086 s total_time=13.0 min
[Iteration 13580] total_loss=0.0013, data_loss=0.0008, ref_loss=0.0284, physics_loss=4.4673E-05, it_time=0.00809 s total_time=13.1 min
[Iteration 13590] total_loss=0.0013, data_loss=0.0008, ref_loss=0.0287, physics_loss=4.4518E-05, it_time=0.00861 s total_time=13.1 min
[Iteration 13600] total_loss=0.0013, data_loss=0.0009, ref_loss=0.0286, physics_loss=4.4420E-05, it_time=0.00808 s total_time=13.1 min
[Iteration 13610] total_loss=0.0013, data_loss=0.0008, ref_loss=0.0283, physics_loss=4.4804E-05, it_time=0.00807 s total_time=13.1 min
[Iteration 13620] total_loss=0.0013, data_loss=0.0008, ref_loss=0.0283, physics_loss=4.4803E-05, it_time=0.00807 s total_time=13.1 min
[Iteration 13630] total_loss=0.0013, data_loss=0.0008, ref_loss=0.0284, physics_loss=4.4537E-05, it_time=0.00859 s total_time=13.1 min
[Iteration 13640] total_loss=0.0013, data_loss=0.0008, ref_loss=0.0283, physics_loss=4.4633E-05, it_time=0.01047 s total_time=13.1 min
[Iteration 13650] total_loss=0.0013, data_loss=0.0008, ref_loss=0.0284, physics_loss=4.4517E-05, it_time=0.00805 s total_time=13.1 min
[Iteration 13660] total_loss=0.0013, data_loss=0.0008, ref_loss=0.0285, physics_loss=4.4562E-05, it_time=0.00807 s total_time=13.1 min
[Iteration 13670] total_loss=0.0013, data_loss=0.0008, ref_loss=0.0285, physics_loss=4.4893E-05, it_time=0.00807 s total_time=13.1 min
[Iteration 13680] total_loss=0.0013, data_loss=0.0009, ref_loss=0.0284, physics_loss=4.5387E-05, it_time=0.00809 s total_time=13.1 min
[Iteration 13690] total_loss=0.0013, data_loss=0.0008, ref_loss=0.0282, physics_loss=4.4495E-05, it_time=0.00808 s total_time=13.2 min
[Iteration 13700] total_loss=0.0013, data_loss=0.0008, ref_loss=0.0284, physics_loss=4.4562E-05, it_time=0.00809 s total_time=13.2 min
[Iteration 13710] total_loss=0.0012, data_loss=0.0008, ref_loss=0.0283, physics_loss=4.4391E-05, it_time=0.00821 s total_time=13.2 min
[Iteration 13720] total_loss=0.0012, data_loss=0.0008, ref_loss=0.0283, physics_loss=4.4428E-05, it_time=0.0081 s total_time=13.2 min
[Iteration 13730] total_loss=0.0012, data_loss=0.0008, ref_loss=0.0283, physics_loss=4.4435E-05, it_time=0.00811 s total_time=13.2 min
[Iteration 13740] total_loss=0.0012, data_loss=0.0008, ref_loss=0.0283, physics_loss=4.4448E-05, it_time=0.00809 s total_time=13.2 min
[Iteration 13750] total_loss=0.0012, data_loss=0.0008, ref_loss=0.0283, physics_loss=4.4424E-05, it_time=0.00831 s total_time=13.2 min
Total avg
Relative error [Fluid] 16.9
Relative error [Bound] 38.3
Relative error [Core] 8.3
Absolute error [Fluid] 0.1190
Absolute error [Bound] 0.2372
Absolute error [Core] 0.0719
Absolute error [Non-F] 0.0000
R.M.S.   error [Fluid] 0.1938
R.M.S.   error [Bound] 0.3299
R.M.S.   error [Core] 0.0960
R.M.S.   error [Non-F] 0.0000
[Iteration 13760] total_loss=0.0012, data_loss=0.0008, ref_loss=0.0282, physics_loss=4.4542E-05, it_time=0.00806 s total_time=13.2 min
[Iteration 13770] total_loss=0.0013, data_loss=0.0009, ref_loss=0.0277, physics_loss=4.5633E-05, it_time=0.01045 s total_time=13.2 min
[Iteration 13780] total_loss=0.0013, data_loss=0.0009, ref_loss=0.0286, physics_loss=4.4193E-05, it_time=0.00806 s total_time=13.2 min
[Iteration 13790] total_loss=0.0012, data_loss=0.0008, ref_loss=0.0281, physics_loss=4.4659E-05, it_time=0.00806 s total_time=13.3 min
[Iteration 13800] total_loss=0.0012, data_loss=0.0008, ref_loss=0.0284, physics_loss=4.4337E-05, it_time=0.00983 s total_time=13.3 min
[Iteration 13810] total_loss=0.0012, data_loss=0.0008, ref_loss=0.0284, physics_loss=4.4370E-05, it_time=0.00867 s total_time=13.3 min
[Iteration 13820] total_loss=0.0012, data_loss=0.0008, ref_loss=0.0285, physics_loss=4.4463E-05, it_time=0.00804 s total_time=13.3 min
[Iteration 13830] total_loss=0.0013, data_loss=0.0008, ref_loss=0.0285, physics_loss=4.4618E-05, it_time=0.01033 s total_time=13.3 min
[Iteration 13840] total_loss=0.0012, data_loss=0.0008, ref_loss=0.0284, physics_loss=4.4167E-05, it_time=0.00846 s total_time=13.3 min
[Iteration 13850] total_loss=0.0012, data_loss=0.0008, ref_loss=0.0283, physics_loss=4.4124E-05, it_time=0.00805 s total_time=13.3 min
[Iteration 13860] total_loss=0.0012, data_loss=0.0008, ref_loss=0.0284, physics_loss=4.4115E-05, it_time=0.0086 s total_time=13.3 min
[Iteration 13870] total_loss=0.0012, data_loss=0.0008, ref_loss=0.0285, physics_loss=4.4265E-05, it_time=0.00865 s total_time=13.3 min
[Iteration 13880] total_loss=0.0012, data_loss=0.0008, ref_loss=0.0285, physics_loss=4.4161E-05, it_time=0.00859 s total_time=13.3 min
[Iteration 13890] total_loss=0.0012, data_loss=0.0008, ref_loss=0.0283, physics_loss=4.4476E-05, it_time=0.00856 s total_time=13.3 min
[Iteration 13900] total_loss=0.0012, data_loss=0.0008, ref_loss=0.0282, physics_loss=4.4595E-05, it_time=0.00808 s total_time=13.4 min
[Iteration 13910] total_loss=0.0012, data_loss=0.0008, ref_loss=0.0283, physics_loss=4.4574E-05, it_time=0.00805 s total_time=13.4 min
[Iteration 13920] total_loss=0.0012, data_loss=0.0008, ref_loss=0.0285, physics_loss=4.4076E-05, it_time=0.01111 s total_time=13.4 min
[Iteration 13930] total_loss=0.0012, data_loss=0.0008, ref_loss=0.0286, physics_loss=4.4178E-05, it_time=0.00898 s total_time=13.4 min
[Iteration 13940] total_loss=0.0012, data_loss=0.0008, ref_loss=0.0285, physics_loss=4.4261E-05, it_time=0.00809 s total_time=13.4 min
[Iteration 13950] total_loss=0.0012, data_loss=0.0008, ref_loss=0.0281, physics_loss=4.4532E-05, it_time=0.00804 s total_time=13.4 min
[Iteration 13960] total_loss=0.0012, data_loss=0.0008, ref_loss=0.0282, physics_loss=4.4423E-05, it_time=0.00879 s total_time=13.4 min
[Iteration 13970] total_loss=0.0012, data_loss=0.0008, ref_loss=0.0285, physics_loss=4.4121E-05, it_time=0.00803 s total_time=13.4 min
[Iteration 13980] total_loss=0.0012, data_loss=0.0008, ref_loss=0.0284, physics_loss=4.4165E-05, it_time=0.00813 s total_time=13.4 min
[Iteration 13990] total_loss=0.0012, data_loss=0.0008, ref_loss=0.0282, physics_loss=4.4361E-05, it_time=0.00859 s total_time=13.4 min
[Iteration 14000] total_loss=0.0012, data_loss=0.0008, ref_loss=0.0282, physics_loss=4.4430E-05, it_time=0.00805 s total_time=13.4 min
Total avg
Relative error [Fluid] 16.9
Relative error [Bound] 38.3
Relative error [Core] 8.4
Absolute error [Fluid] 0.1190
Absolute error [Bound] 0.2367
Absolute error [Core] 0.0721
Absolute error [Non-F] 0.0000
R.M.S.   error [Fluid] 0.1935
R.M.S.   error [Bound] 0.3291
R.M.S.   error [Core] 0.0962
R.M.S.   error [Non-F] 0.0000
Checkpoint saved to ../models/250202_Aomodel_n2_4dsim/FFN_1t_4dsim_20250213-1047/checkpoints/FFN_1t_4dsim_it14000.pth
[Iteration 14010] total_loss=0.0012, data_loss=0.0008, ref_loss=0.0284, physics_loss=4.3751E-05, it_time=0.00808 s total_time=13.5 min
[Iteration 14020] total_loss=0.0012, data_loss=0.0008, ref_loss=0.0284, physics_loss=4.4014E-05, it_time=0.01079 s total_time=13.5 min
[Iteration 14030] total_loss=0.0012, data_loss=0.0008, ref_loss=0.0283, physics_loss=4.3966E-05, it_time=0.00806 s total_time=13.5 min
[Iteration 14040] total_loss=0.0012, data_loss=0.0008, ref_loss=0.0284, physics_loss=4.3891E-05, it_time=0.00809 s total_time=13.5 min
[Iteration 14050] total_loss=0.0012, data_loss=0.0008, ref_loss=0.0284, physics_loss=4.3950E-05, it_time=0.00806 s total_time=13.5 min
[Iteration 14060] total_loss=0.0012, data_loss=0.0008, ref_loss=0.0284, physics_loss=4.3908E-05, it_time=0.00804 s total_time=13.5 min
[Iteration 14070] total_loss=0.0012, data_loss=0.0008, ref_loss=0.0284, physics_loss=4.3915E-05, it_time=0.00809 s total_time=13.5 min
[Iteration 14080] total_loss=0.0012, data_loss=0.0008, ref_loss=0.0284, physics_loss=4.3902E-05, it_time=0.00806 s total_time=13.5 min
[Iteration 14090] total_loss=0.0012, data_loss=0.0008, ref_loss=0.0284, physics_loss=4.3895E-05, it_time=0.00821 s total_time=13.5 min
[Iteration 14100] total_loss=0.0012, data_loss=0.0008, ref_loss=0.0284, physics_loss=4.3886E-05, it_time=0.00816 s total_time=13.6 min
[Iteration 14110] total_loss=0.0012, data_loss=0.0008, ref_loss=0.0284, physics_loss=4.3877E-05, it_time=0.00808 s total_time=13.6 min
[Iteration 14120] total_loss=0.0012, data_loss=0.0008, ref_loss=0.0284, physics_loss=4.3867E-05, it_time=0.00918 s total_time=13.6 min
[Iteration 14130] total_loss=0.0012, data_loss=0.0008, ref_loss=0.0284, physics_loss=4.3858E-05, it_time=0.00806 s total_time=13.6 min
[Iteration 14140] total_loss=0.0012, data_loss=0.0008, ref_loss=0.0284, physics_loss=4.3848E-05, it_time=0.00811 s total_time=13.6 min
[Iteration 14150] total_loss=0.0012, data_loss=0.0008, ref_loss=0.0284, physics_loss=4.3837E-05, it_time=0.00859 s total_time=13.6 min
[Iteration 14160] total_loss=0.0012, data_loss=0.0008, ref_loss=0.0284, physics_loss=4.3827E-05, it_time=0.00803 s total_time=13.6 min
[Iteration 14170] total_loss=0.0012, data_loss=0.0008, ref_loss=0.0284, physics_loss=4.3816E-05, it_time=0.00806 s total_time=13.6 min
[Iteration 14180] total_loss=0.0012, data_loss=0.0008, ref_loss=0.0284, physics_loss=4.3805E-05, it_time=0.00823 s total_time=13.6 min
[Iteration 14190] total_loss=0.0012, data_loss=0.0008, ref_loss=0.0284, physics_loss=4.3794E-05, it_time=0.00805 s total_time=13.6 min
[Iteration 14200] total_loss=0.0012, data_loss=0.0008, ref_loss=0.0284, physics_loss=4.3783E-05, it_time=0.00806 s total_time=13.6 min
[Iteration 14210] total_loss=0.0012, data_loss=0.0008, ref_loss=0.0284, physics_loss=4.3772E-05, it_time=0.00804 s total_time=13.6 min
[Iteration 14220] total_loss=0.0012, data_loss=0.0008, ref_loss=0.0284, physics_loss=4.3760E-05, it_time=0.00807 s total_time=13.7 min
[Iteration 14230] total_loss=0.0012, data_loss=0.0008, ref_loss=0.0284, physics_loss=4.3748E-05, it_time=0.00802 s total_time=13.7 min
[Iteration 14240] total_loss=0.0012, data_loss=0.0008, ref_loss=0.0284, physics_loss=4.3736E-05, it_time=0.00963 s total_time=13.7 min
[Iteration 14250] total_loss=0.0012, data_loss=0.0008, ref_loss=0.0284, physics_loss=4.3724E-05, it_time=0.00807 s total_time=13.7 min
Total avg
Relative error [Fluid] 16.9
Relative error [Bound] 38.4
Relative error [Core] 8.4
Absolute error [Fluid] 0.1191
Absolute error [Bound] 0.2374
Absolute error [Core] 0.0720
Absolute error [Non-F] 0.0000
R.M.S.   error [Fluid] 0.1940
R.M.S.   error [Bound] 0.3303
R.M.S.   error [Core] 0.0961
R.M.S.   error [Non-F] 0.0000
[Iteration 14260] total_loss=0.0012, data_loss=0.0008, ref_loss=0.0284, physics_loss=4.3712E-05, it_time=0.00807 s total_time=13.7 min
[Iteration 14270] total_loss=0.0012, data_loss=0.0008, ref_loss=0.0284, physics_loss=4.3700E-05, it_time=0.00808 s total_time=13.7 min
[Iteration 14280] total_loss=0.0012, data_loss=0.0008, ref_loss=0.0284, physics_loss=4.3687E-05, it_time=0.00806 s total_time=13.7 min
[Iteration 14290] total_loss=0.0012, data_loss=0.0008, ref_loss=0.0284, physics_loss=4.3675E-05, it_time=0.00807 s total_time=13.7 min
[Iteration 14300] total_loss=0.0012, data_loss=0.0008, ref_loss=0.0284, physics_loss=4.3662E-05, it_time=0.00819 s total_time=13.7 min
[Iteration 14310] total_loss=0.0012, data_loss=0.0008, ref_loss=0.0284, physics_loss=4.3649E-05, it_time=0.00989 s total_time=13.8 min
[Iteration 14320] total_loss=0.0012, data_loss=0.0008, ref_loss=0.0284, physics_loss=4.3636E-05, it_time=0.00806 s total_time=13.8 min
[Iteration 14330] total_loss=0.0012, data_loss=0.0008, ref_loss=0.0284, physics_loss=4.3623E-05, it_time=0.0079 s total_time=13.8 min
[Iteration 14340] total_loss=0.0012, data_loss=0.0008, ref_loss=0.0284, physics_loss=4.3610E-05, it_time=0.00804 s total_time=13.8 min
[Iteration 14350] total_loss=0.0012, data_loss=0.0008, ref_loss=0.0284, physics_loss=4.3597E-05, it_time=0.00804 s total_time=13.8 min
[Iteration 14360] total_loss=0.0012, data_loss=0.0008, ref_loss=0.0284, physics_loss=4.3583E-05, it_time=0.00806 s total_time=13.8 min
[Iteration 14370] total_loss=0.0012, data_loss=0.0008, ref_loss=0.0284, physics_loss=4.3570E-05, it_time=0.00807 s total_time=13.8 min
[Iteration 14380] total_loss=0.0012, data_loss=0.0008, ref_loss=0.0284, physics_loss=4.3556E-05, it_time=0.00804 s total_time=13.8 min
[Iteration 14390] total_loss=0.0012, data_loss=0.0008, ref_loss=0.0284, physics_loss=4.3543E-05, it_time=0.00804 s total_time=13.8 min
[Iteration 14400] total_loss=0.0012, data_loss=0.0008, ref_loss=0.0284, physics_loss=4.3529E-05, it_time=0.00924 s total_time=13.8 min
[Iteration 14410] total_loss=0.0012, data_loss=0.0008, ref_loss=0.0284, physics_loss=4.3515E-05, it_time=0.00803 s total_time=13.8 min
[Iteration 14420] total_loss=0.0012, data_loss=0.0008, ref_loss=0.0284, physics_loss=4.3501E-05, it_time=0.00806 s total_time=13.9 min
[Iteration 14430] total_loss=0.0012, data_loss=0.0008, ref_loss=0.0284, physics_loss=4.3486E-05, it_time=0.00858 s total_time=13.9 min
[Iteration 14440] total_loss=0.0012, data_loss=0.0008, ref_loss=0.0284, physics_loss=4.3472E-05, it_time=0.00806 s total_time=13.9 min
[Iteration 14450] total_loss=0.0012, data_loss=0.0008, ref_loss=0.0284, physics_loss=4.3458E-05, it_time=0.00807 s total_time=13.9 min
[Iteration 14460] total_loss=0.0012, data_loss=0.0008, ref_loss=0.0284, physics_loss=4.3443E-05, it_time=0.00807 s total_time=13.9 min
[Iteration 14470] total_loss=0.0012, data_loss=0.0008, ref_loss=0.0284, physics_loss=4.3429E-05, it_time=0.00805 s total_time=13.9 min
[Iteration 14480] total_loss=0.0012, data_loss=0.0008, ref_loss=0.0284, physics_loss=4.3414E-05, it_time=0.00856 s total_time=13.9 min
[Iteration 14490] total_loss=0.0012, data_loss=0.0008, ref_loss=0.0284, physics_loss=4.3399E-05, it_time=0.00806 s total_time=13.9 min
[Iteration 14500] total_loss=0.0012, data_loss=0.0008, ref_loss=0.0284, physics_loss=4.3382E-05, it_time=0.00804 s total_time=13.9 min
Total avg
Relative error [Fluid] 16.9
Relative error [Bound] 38.4
Relative error [Core] 8.4
Absolute error [Fluid] 0.1192
Absolute error [Bound] 0.2375
Absolute error [Core] 0.0721
Absolute error [Non-F] 0.0000
R.M.S.   error [Fluid] 0.1941
R.M.S.   error [Bound] 0.3304
R.M.S.   error [Core] 0.0961
R.M.S.   error [Non-F] 0.0000
Checkpoint saved to ../models/250202_Aomodel_n2_4dsim/FFN_1t_4dsim_20250213-1047/checkpoints/FFN_1t_4dsim_it14500.pth
[Iteration 14510] total_loss=0.0012, data_loss=0.0008, ref_loss=0.0285, physics_loss=4.3770E-05, it_time=0.00805 s total_time=14.0 min
[Iteration 14520] total_loss=0.0012, data_loss=0.0008, ref_loss=0.0285, physics_loss=4.4005E-05, it_time=0.00809 s total_time=14.0 min
[Iteration 14530] total_loss=0.0012, data_loss=0.0008, ref_loss=0.0283, physics_loss=4.3568E-05, it_time=0.00805 s total_time=14.0 min
[Iteration 14540] total_loss=0.0012, data_loss=0.0008, ref_loss=0.0284, physics_loss=4.3207E-05, it_time=0.00855 s total_time=14.0 min
[Iteration 14550] total_loss=0.0012, data_loss=0.0008, ref_loss=0.0284, physics_loss=4.3237E-05, it_time=0.00806 s total_time=14.0 min
[Iteration 14560] total_loss=0.0012, data_loss=0.0008, ref_loss=0.0284, physics_loss=4.3268E-05, it_time=0.00807 s total_time=14.0 min
[Iteration 14570] total_loss=0.0012, data_loss=0.0008, ref_loss=0.0284, physics_loss=4.3229E-05, it_time=0.0081 s total_time=14.0 min
[Iteration 14580] total_loss=0.0012, data_loss=0.0008, ref_loss=0.0284, physics_loss=4.3270E-05, it_time=0.00863 s total_time=14.0 min
[Iteration 14590] total_loss=0.0012, data_loss=0.0008, ref_loss=0.0284, physics_loss=4.4134E-05, it_time=0.00805 s total_time=14.0 min
[Iteration 14600] total_loss=0.0012, data_loss=0.0008, ref_loss=0.0284, physics_loss=4.3376E-05, it_time=0.0081 s total_time=14.0 min
[Iteration 14610] total_loss=0.0012, data_loss=0.0008, ref_loss=0.0284, physics_loss=4.3136E-05, it_time=0.00809 s total_time=14.0 min
[Iteration 14620] total_loss=0.0012, data_loss=0.0008, ref_loss=0.0284, physics_loss=4.3236E-05, it_time=0.00806 s total_time=14.1 min
[Iteration 14630] total_loss=0.0012, data_loss=0.0008, ref_loss=0.0284, physics_loss=4.3122E-05, it_time=0.00857 s total_time=14.1 min
[Iteration 14640] total_loss=0.0012, data_loss=0.0008, ref_loss=0.0283, physics_loss=4.3151E-05, it_time=0.00804 s total_time=14.1 min
[Iteration 14650] total_loss=0.0012, data_loss=0.0008, ref_loss=0.0281, physics_loss=4.3406E-05, it_time=0.00854 s total_time=14.1 min
[Iteration 14660] total_loss=0.0012, data_loss=0.0008, ref_loss=0.0280, physics_loss=4.3832E-05, it_time=0.00804 s total_time=14.1 min
[Iteration 14670] total_loss=0.0012, data_loss=0.0008, ref_loss=0.0286, physics_loss=4.2844E-05, it_time=0.00803 s total_time=14.1 min
[Iteration 14680] total_loss=0.0012, data_loss=0.0008, ref_loss=0.0283, physics_loss=4.3274E-05, it_time=0.00805 s total_time=14.1 min
[Iteration 14690] total_loss=0.0012, data_loss=0.0008, ref_loss=0.0284, physics_loss=4.2918E-05, it_time=0.00805 s total_time=14.1 min
[Iteration 14700] total_loss=0.0012, data_loss=0.0008, ref_loss=0.0283, physics_loss=4.3080E-05, it_time=0.00806 s total_time=14.1 min
[Iteration 14710] total_loss=0.0012, data_loss=0.0008, ref_loss=0.0284, physics_loss=4.2957E-05, it_time=0.00806 s total_time=14.1 min
[Iteration 14720] total_loss=0.0012, data_loss=0.0008, ref_loss=0.0283, physics_loss=4.2928E-05, it_time=0.00805 s total_time=14.1 min
[Iteration 14730] total_loss=0.0012, data_loss=0.0008, ref_loss=0.0283, physics_loss=4.3048E-05, it_time=0.00856 s total_time=14.1 min
[Iteration 14740] total_loss=0.0012, data_loss=0.0008, ref_loss=0.0285, physics_loss=4.3202E-05, it_time=0.00847 s total_time=14.2 min
[Iteration 14750] total_loss=0.0012, data_loss=0.0008, ref_loss=0.0283, physics_loss=4.2891E-05, it_time=0.00982 s total_time=14.2 min
Total avg
Relative error [Fluid] 16.9
Relative error [Bound] 38.4
Relative error [Core] 8.4
Absolute error [Fluid] 0.1191
Absolute error [Bound] 0.2374
Absolute error [Core] 0.0720
Absolute error [Non-F] 0.0000
R.M.S.   error [Fluid] 0.1939
R.M.S.   error [Bound] 0.3302
R.M.S.   error [Core] 0.0960
R.M.S.   error [Non-F] 0.0000
[Iteration 14760] total_loss=0.0012, data_loss=0.0008, ref_loss=0.0284, physics_loss=4.2980E-05, it_time=0.00806 s total_time=14.2 min
[Iteration 14770] total_loss=0.0012, data_loss=0.0008, ref_loss=0.0283, physics_loss=4.2917E-05, it_time=0.00807 s total_time=14.2 min
[Iteration 14780] total_loss=0.0012, data_loss=0.0008, ref_loss=0.0283, physics_loss=4.2959E-05, it_time=0.01045 s total_time=14.2 min
[Iteration 14790] total_loss=0.0012, data_loss=0.0008, ref_loss=0.0282, physics_loss=4.3386E-05, it_time=0.00856 s total_time=14.2 min
[Iteration 14800] total_loss=0.0012, data_loss=0.0008, ref_loss=0.0283, physics_loss=4.3234E-05, it_time=0.00808 s total_time=14.2 min
[Iteration 14810] total_loss=0.0012, data_loss=0.0008, ref_loss=0.0283, physics_loss=4.3125E-05, it_time=0.00807 s total_time=14.2 min
[Iteration 14820] total_loss=0.0012, data_loss=0.0008, ref_loss=0.0284, physics_loss=4.2874E-05, it_time=0.00808 s total_time=14.2 min
[Iteration 14830] total_loss=0.0012, data_loss=0.0008, ref_loss=0.0284, physics_loss=4.2773E-05, it_time=0.00861 s total_time=14.3 min
[Iteration 14840] total_loss=0.0012, data_loss=0.0008, ref_loss=0.0284, physics_loss=4.2710E-05, it_time=0.0081 s total_time=14.3 min
[Iteration 14850] total_loss=0.0012, data_loss=0.0008, ref_loss=0.0285, physics_loss=4.2542E-05, it_time=0.00808 s total_time=14.3 min
[Iteration 14860] total_loss=0.0012, data_loss=0.0008, ref_loss=0.0285, physics_loss=4.2575E-05, it_time=0.01037 s total_time=14.3 min
[Iteration 14870] total_loss=0.0012, data_loss=0.0008, ref_loss=0.0286, physics_loss=4.2940E-05, it_time=0.01052 s total_time=14.3 min
[Iteration 14880] total_loss=0.0012, data_loss=0.0008, ref_loss=0.0285, physics_loss=4.2797E-05, it_time=0.00804 s total_time=14.3 min
[Iteration 14890] total_loss=0.0012, data_loss=0.0008, ref_loss=0.0284, physics_loss=4.2981E-05, it_time=0.00997 s total_time=14.3 min
[Iteration 14900] total_loss=0.0012, data_loss=0.0008, ref_loss=0.0284, physics_loss=4.2604E-05, it_time=0.01113 s total_time=14.3 min
[Iteration 14910] total_loss=0.0012, data_loss=0.0008, ref_loss=0.0284, physics_loss=4.2744E-05, it_time=0.00858 s total_time=14.3 min
[Iteration 14920] total_loss=0.0012, data_loss=0.0008, ref_loss=0.0283, physics_loss=4.2747E-05, it_time=0.00864 s total_time=14.3 min
[Iteration 14930] total_loss=0.0012, data_loss=0.0008, ref_loss=0.0281, physics_loss=4.2971E-05, it_time=0.00806 s total_time=14.3 min
[Iteration 14940] total_loss=0.0012, data_loss=0.0008, ref_loss=0.0283, physics_loss=4.2870E-05, it_time=0.00807 s total_time=14.4 min
[Iteration 14950] total_loss=0.0012, data_loss=0.0008, ref_loss=0.0285, physics_loss=4.2734E-05, it_time=0.00806 s total_time=14.4 min
[Iteration 14960] total_loss=0.0012, data_loss=0.0008, ref_loss=0.0282, physics_loss=4.2877E-05, it_time=0.00999 s total_time=14.4 min
[Iteration 14970] total_loss=0.0012, data_loss=0.0008, ref_loss=0.0282, physics_loss=4.3030E-05, it_time=0.01138 s total_time=14.4 min
[Iteration 14980] total_loss=0.0012, data_loss=0.0008, ref_loss=0.0284, physics_loss=4.2685E-05, it_time=0.00808 s total_time=14.4 min
[Iteration 14990] total_loss=0.0012, data_loss=0.0008, ref_loss=0.0284, physics_loss=4.2473E-05, it_time=0.00806 s total_time=14.4 min
[Iteration 15000] total_loss=0.0012, data_loss=0.0008, ref_loss=0.0284, physics_loss=4.2499E-05, it_time=0.00806 s total_time=14.4 min
Total avg
Relative error [Fluid] 16.9
Relative error [Bound] 38.4
Relative error [Core] 8.4
Absolute error [Fluid] 0.1191
Absolute error [Bound] 0.2375
Absolute error [Core] 0.0720
Absolute error [Non-F] 0.0000
R.M.S.   error [Fluid] 0.1940
R.M.S.   error [Bound] 0.3303
R.M.S.   error [Core] 0.0960
R.M.S.   error [Non-F] 0.0000
Checkpoint saved to ../models/250202_Aomodel_n2_4dsim/FFN_1t_4dsim_20250213-1047/checkpoints/FFN_1t_4dsim_it15000.pth
[Iteration 15010] total_loss=0.0012, data_loss=0.0008, ref_loss=0.0284, physics_loss=4.2609E-05, it_time=0.00829 s total_time=14.4 min
[Iteration 15020] total_loss=0.0012, data_loss=0.0008, ref_loss=0.0284, physics_loss=4.2530E-05, it_time=0.00806 s total_time=14.4 min
[Iteration 15030] total_loss=0.0012, data_loss=0.0008, ref_loss=0.0284, physics_loss=4.2535E-05, it_time=0.00806 s total_time=14.5 min
[Iteration 15040] total_loss=0.0012, data_loss=0.0008, ref_loss=0.0284, physics_loss=4.2540E-05, it_time=0.0086 s total_time=14.5 min
[Iteration 15050] total_loss=0.0012, data_loss=0.0008, ref_loss=0.0284, physics_loss=4.2516E-05, it_time=0.00805 s total_time=14.5 min
[Iteration 15060] total_loss=0.0012, data_loss=0.0008, ref_loss=0.0284, physics_loss=4.2519E-05, it_time=0.00809 s total_time=14.5 min
[Iteration 15070] total_loss=0.0012, data_loss=0.0008, ref_loss=0.0284, physics_loss=4.2505E-05, it_time=0.00808 s total_time=14.5 min
[Iteration 15080] total_loss=0.0012, data_loss=0.0008, ref_loss=0.0284, physics_loss=4.2498E-05, it_time=0.00806 s total_time=14.5 min
[Iteration 15090] total_loss=0.0012, data_loss=0.0008, ref_loss=0.0284, physics_loss=4.2488E-05, it_time=0.01107 s total_time=14.5 min
[Iteration 15100] total_loss=0.0012, data_loss=0.0008, ref_loss=0.0284, physics_loss=4.2479E-05, it_time=0.00863 s total_time=14.5 min
[Iteration 15110] total_loss=0.0012, data_loss=0.0008, ref_loss=0.0284, physics_loss=4.2469E-05, it_time=0.0086 s total_time=14.5 min
[Iteration 15120] total_loss=0.0012, data_loss=0.0008, ref_loss=0.0284, physics_loss=4.2459E-05, it_time=0.00857 s total_time=14.5 min
[Iteration 15130] total_loss=0.0012, data_loss=0.0008, ref_loss=0.0284, physics_loss=4.2449E-05, it_time=0.00811 s total_time=14.5 min
[Iteration 15140] total_loss=0.0012, data_loss=0.0008, ref_loss=0.0284, physics_loss=4.2439E-05, it_time=0.00806 s total_time=14.6 min
[Iteration 15150] total_loss=0.0012, data_loss=0.0008, ref_loss=0.0284, physics_loss=4.2429E-05, it_time=0.00806 s total_time=14.6 min
[Iteration 15160] total_loss=0.0012, data_loss=0.0008, ref_loss=0.0284, physics_loss=4.2418E-05, it_time=0.00806 s total_time=14.6 min
[Iteration 15170] total_loss=0.0012, data_loss=0.0008, ref_loss=0.0284, physics_loss=4.2408E-05, it_time=0.0081 s total_time=14.6 min
[Iteration 15180] total_loss=0.0012, data_loss=0.0008, ref_loss=0.0284, physics_loss=4.2397E-05, it_time=0.01045 s total_time=14.6 min
[Iteration 15190] total_loss=0.0012, data_loss=0.0008, ref_loss=0.0284, physics_loss=4.2386E-05, it_time=0.00808 s total_time=14.6 min
[Iteration 15200] total_loss=0.0012, data_loss=0.0008, ref_loss=0.0284, physics_loss=4.2375E-05, it_time=0.00806 s total_time=14.6 min
[Iteration 15210] total_loss=0.0012, data_loss=0.0008, ref_loss=0.0284, physics_loss=4.2364E-05, it_time=0.00862 s total_time=14.6 min
[Iteration 15220] total_loss=0.0012, data_loss=0.0008, ref_loss=0.0284, physics_loss=4.2353E-05, it_time=0.00818 s total_time=14.6 min
[Iteration 15230] total_loss=0.0012, data_loss=0.0008, ref_loss=0.0284, physics_loss=4.2342E-05, it_time=0.00857 s total_time=14.6 min
[Iteration 15240] total_loss=0.0012, data_loss=0.0008, ref_loss=0.0284, physics_loss=4.2330E-05, it_time=0.00805 s total_time=14.6 min
[Iteration 15250] total_loss=0.0012, data_loss=0.0008, ref_loss=0.0284, physics_loss=4.2319E-05, it_time=0.00864 s total_time=14.7 min
Total avg
Relative error [Fluid] 16.9
Relative error [Bound] 38.4
Relative error [Core] 8.4
Absolute error [Fluid] 0.1193
Absolute error [Bound] 0.2377
Absolute error [Core] 0.0722
Absolute error [Non-F] 0.0000
R.M.S.   error [Fluid] 0.1942
R.M.S.   error [Bound] 0.3306
R.M.S.   error [Core] 0.0962
R.M.S.   error [Non-F] 0.0000
[Iteration 15260] total_loss=0.0012, data_loss=0.0008, ref_loss=0.0284, physics_loss=4.2307E-05, it_time=0.00807 s total_time=14.7 min
[Iteration 15270] total_loss=0.0012, data_loss=0.0008, ref_loss=0.0284, physics_loss=4.2295E-05, it_time=0.00807 s total_time=14.7 min
[Iteration 15280] total_loss=0.0012, data_loss=0.0008, ref_loss=0.0284, physics_loss=4.2284E-05, it_time=0.00806 s total_time=14.7 min
[Iteration 15290] total_loss=0.0012, data_loss=0.0008, ref_loss=0.0284, physics_loss=4.2272E-05, it_time=0.00861 s total_time=14.7 min
[Iteration 15300] total_loss=0.0012, data_loss=0.0008, ref_loss=0.0284, physics_loss=4.2260E-05, it_time=0.00809 s total_time=14.7 min
[Iteration 15310] total_loss=0.0012, data_loss=0.0008, ref_loss=0.0284, physics_loss=4.2248E-05, it_time=0.00987 s total_time=14.7 min
[Iteration 15320] total_loss=0.0012, data_loss=0.0008, ref_loss=0.0284, physics_loss=4.2235E-05, it_time=0.00808 s total_time=14.7 min
[Iteration 15330] total_loss=0.0012, data_loss=0.0008, ref_loss=0.0284, physics_loss=4.2223E-05, it_time=0.00807 s total_time=14.7 min
[Iteration 15340] total_loss=0.0012, data_loss=0.0008, ref_loss=0.0284, physics_loss=4.2211E-05, it_time=0.00806 s total_time=14.7 min
[Iteration 15350] total_loss=0.0012, data_loss=0.0008, ref_loss=0.0284, physics_loss=4.2198E-05, it_time=0.00809 s total_time=14.8 min
[Iteration 15360] total_loss=0.0012, data_loss=0.0008, ref_loss=0.0284, physics_loss=4.2186E-05, it_time=0.0083 s total_time=14.8 min
[Iteration 15370] total_loss=0.0012, data_loss=0.0008, ref_loss=0.0284, physics_loss=4.2173E-05, it_time=0.01057 s total_time=14.8 min
[Iteration 15380] total_loss=0.0012, data_loss=0.0008, ref_loss=0.0284, physics_loss=4.2160E-05, it_time=0.00857 s total_time=14.8 min
[Iteration 15390] total_loss=0.0012, data_loss=0.0008, ref_loss=0.0284, physics_loss=4.2148E-05, it_time=0.00807 s total_time=14.8 min
[Iteration 15400] total_loss=0.0012, data_loss=0.0008, ref_loss=0.0284, physics_loss=4.2135E-05, it_time=0.00806 s total_time=14.8 min
[Iteration 15410] total_loss=0.0012, data_loss=0.0008, ref_loss=0.0284, physics_loss=4.2122E-05, it_time=0.00806 s total_time=14.8 min
[Iteration 15420] total_loss=0.0012, data_loss=0.0008, ref_loss=0.0284, physics_loss=4.2109E-05, it_time=0.00807 s total_time=14.8 min
[Iteration 15430] total_loss=0.0012, data_loss=0.0008, ref_loss=0.0284, physics_loss=4.2096E-05, it_time=0.00808 s total_time=14.8 min
[Iteration 15440] total_loss=0.0012, data_loss=0.0008, ref_loss=0.0284, physics_loss=4.2082E-05, it_time=0.00806 s total_time=14.8 min
[Iteration 15450] total_loss=0.0012, data_loss=0.0008, ref_loss=0.0284, physics_loss=4.2069E-05, it_time=0.00812 s total_time=14.8 min
[Iteration 15460] total_loss=0.0012, data_loss=0.0008, ref_loss=0.0284, physics_loss=4.2056E-05, it_time=0.00807 s total_time=14.9 min
[Iteration 15470] total_loss=0.0012, data_loss=0.0008, ref_loss=0.0284, physics_loss=4.2042E-05, it_time=0.01056 s total_time=14.9 min
[Iteration 15480] total_loss=0.0012, data_loss=0.0008, ref_loss=0.0284, physics_loss=4.2029E-05, it_time=0.00807 s total_time=14.9 min
[Iteration 15490] total_loss=0.0012, data_loss=0.0008, ref_loss=0.0284, physics_loss=4.2015E-05, it_time=0.00812 s total_time=14.9 min
[Iteration 15500] total_loss=0.0012, data_loss=0.0008, ref_loss=0.0284, physics_loss=4.2001E-05, it_time=0.0086 s total_time=14.9 min
Total avg
Relative error [Fluid] 16.9
Relative error [Bound] 38.4
Relative error [Core] 8.4
Absolute error [Fluid] 0.1193
Absolute error [Bound] 0.2378
Absolute error [Core] 0.0722
Absolute error [Non-F] 0.0000
R.M.S.   error [Fluid] 0.1942
R.M.S.   error [Bound] 0.3306
R.M.S.   error [Core] 0.0962
R.M.S.   error [Non-F] 0.0000
Checkpoint saved to ../models/250202_Aomodel_n2_4dsim/FFN_1t_4dsim_20250213-1047/checkpoints/FFN_1t_4dsim_it15500.pth
[Iteration 15510] total_loss=0.0012, data_loss=0.0008, ref_loss=0.0284, physics_loss=4.1989E-05, it_time=0.0081 s total_time=14.9 min
[Iteration 15520] total_loss=0.0012, data_loss=0.0008, ref_loss=0.0284, physics_loss=4.2089E-05, it_time=0.00807 s total_time=14.9 min
[Iteration 15530] total_loss=0.0012, data_loss=0.0008, ref_loss=0.0283, physics_loss=4.2276E-05, it_time=0.00815 s total_time=14.9 min
[Iteration 15540] total_loss=0.0012, data_loss=0.0008, ref_loss=0.0284, physics_loss=4.1949E-05, it_time=0.0105 s total_time=14.9 min
[Iteration 15550] total_loss=0.0012, data_loss=0.0008, ref_loss=0.0284, physics_loss=4.1924E-05, it_time=0.00809 s total_time=15.0 min
[Iteration 15560] total_loss=0.0012, data_loss=0.0008, ref_loss=0.0284, physics_loss=4.1923E-05, it_time=0.00804 s total_time=15.0 min
[Iteration 15570] total_loss=0.0012, data_loss=0.0008, ref_loss=0.0284, physics_loss=4.1887E-05, it_time=0.00811 s total_time=15.0 min
[Iteration 15580] total_loss=0.0012, data_loss=0.0008, ref_loss=0.0284, physics_loss=4.1868E-05, it_time=0.00804 s total_time=15.0 min
[Iteration 15590] total_loss=0.0012, data_loss=0.0008, ref_loss=0.0283, physics_loss=4.1910E-05, it_time=0.00811 s total_time=15.0 min
[Iteration 15600] total_loss=0.0012, data_loss=0.0008, ref_loss=0.0281, physics_loss=4.2412E-05, it_time=0.00805 s total_time=15.0 min
[Iteration 15610] total_loss=0.0012, data_loss=0.0008, ref_loss=0.0285, physics_loss=4.1873E-05, it_time=0.00806 s total_time=15.0 min
[Iteration 15620] total_loss=0.0012, data_loss=0.0008, ref_loss=0.0285, physics_loss=4.1794E-05, it_time=0.00807 s total_time=15.0 min
[Iteration 15630] total_loss=0.0012, data_loss=0.0008, ref_loss=0.0284, physics_loss=4.1804E-05, it_time=0.00806 s total_time=15.0 min
[Iteration 15640] total_loss=0.0012, data_loss=0.0008, ref_loss=0.0285, physics_loss=4.1744E-05, it_time=0.00808 s total_time=15.0 min
[Iteration 15650] total_loss=0.0012, data_loss=0.0008, ref_loss=0.0285, physics_loss=4.1676E-05, it_time=0.00809 s total_time=15.0 min
[Iteration 15660] total_loss=0.0012, data_loss=0.0008, ref_loss=0.0287, physics_loss=4.1492E-05, it_time=0.00816 s total_time=15.0 min
[Iteration 15670] total_loss=0.0012, data_loss=0.0008, ref_loss=0.0283, physics_loss=4.2049E-05, it_time=0.00859 s total_time=15.1 min
[Iteration 15680] total_loss=0.0012, data_loss=0.0008, ref_loss=0.0285, physics_loss=4.1609E-05, it_time=0.00808 s total_time=15.1 min
[Iteration 15690] total_loss=0.0012, data_loss=0.0008, ref_loss=0.0284, physics_loss=4.1812E-05, it_time=0.00806 s total_time=15.1 min
[Iteration 15700] total_loss=0.0012, data_loss=0.0008, ref_loss=0.0285, physics_loss=4.1645E-05, it_time=0.00808 s total_time=15.1 min
[Iteration 15710] total_loss=0.0012, data_loss=0.0008, ref_loss=0.0284, physics_loss=4.1706E-05, it_time=0.00809 s total_time=15.1 min
[Iteration 15720] total_loss=0.0012, data_loss=0.0008, ref_loss=0.0284, physics_loss=4.1642E-05, it_time=0.00824 s total_time=15.1 min
[Iteration 15730] total_loss=0.0012, data_loss=0.0008, ref_loss=0.0285, physics_loss=4.1625E-05, it_time=0.00805 s total_time=15.1 min
[Iteration 15740] total_loss=0.0012, data_loss=0.0008, ref_loss=0.0284, physics_loss=4.1667E-05, it_time=0.0081 s total_time=15.1 min
[Iteration 15750] total_loss=0.0012, data_loss=0.0008, ref_loss=0.0282, physics_loss=4.1712E-05, it_time=0.00809 s total_time=15.1 min
Total avg
Relative error [Fluid] 16.9
Relative error [Bound] 38.3
Relative error [Core] 8.4
Absolute error [Fluid] 0.1191
Absolute error [Bound] 0.2370
Absolute error [Core] 0.0721
Absolute error [Non-F] 0.0000
R.M.S.   error [Fluid] 0.1935
R.M.S.   error [Bound] 0.3292
R.M.S.   error [Core] 0.0961
R.M.S.   error [Non-F] 0.0000
[Iteration 15760] total_loss=0.0012, data_loss=0.0008, ref_loss=0.0285, physics_loss=4.1613E-05, it_time=0.00804 s total_time=15.2 min
[Iteration 15770] total_loss=0.0012, data_loss=0.0008, ref_loss=0.0285, physics_loss=4.1577E-05, it_time=0.00805 s total_time=15.2 min
[Iteration 15780] total_loss=0.0012, data_loss=0.0008, ref_loss=0.0285, physics_loss=4.1534E-05, it_time=0.00809 s total_time=15.2 min
[Iteration 15790] total_loss=0.0012, data_loss=0.0008, ref_loss=0.0285, physics_loss=4.1475E-05, it_time=0.00808 s total_time=15.2 min
[Iteration 15800] total_loss=0.0012, data_loss=0.0008, ref_loss=0.0285, physics_loss=4.1394E-05, it_time=0.00807 s total_time=15.2 min
[Iteration 15810] total_loss=0.0012, data_loss=0.0008, ref_loss=0.0284, physics_loss=4.1664E-05, it_time=0.00805 s total_time=15.2 min
[Iteration 15820] total_loss=0.0012, data_loss=0.0008, ref_loss=0.0285, physics_loss=4.1527E-05, it_time=0.01162 s total_time=15.2 min
[Iteration 15830] total_loss=0.0012, data_loss=0.0008, ref_loss=0.0285, physics_loss=4.1529E-05, it_time=0.00807 s total_time=15.2 min
[Iteration 15840] total_loss=0.0012, data_loss=0.0008, ref_loss=0.0285, physics_loss=4.1517E-05, it_time=0.00806 s total_time=15.2 min
[Iteration 15850] total_loss=0.0012, data_loss=0.0008, ref_loss=0.0288, physics_loss=4.1585E-05, it_time=0.00808 s total_time=15.2 min
[Iteration 15860] total_loss=0.0012, data_loss=0.0008, ref_loss=0.0285, physics_loss=4.1433E-05, it_time=0.00861 s total_time=15.2 min
[Iteration 15870] total_loss=0.0012, data_loss=0.0008, ref_loss=0.0284, physics_loss=4.1657E-05, it_time=0.00808 s total_time=15.2 min
[Iteration 15880] total_loss=0.0012, data_loss=0.0008, ref_loss=0.0285, physics_loss=4.1397E-05, it_time=0.00807 s total_time=15.3 min
[Iteration 15890] total_loss=0.0012, data_loss=0.0008, ref_loss=0.0284, physics_loss=4.1423E-05, it_time=0.00806 s total_time=15.3 min
[Iteration 15900] total_loss=0.0012, data_loss=0.0008, ref_loss=0.0284, physics_loss=4.1444E-05, it_time=0.00857 s total_time=15.3 min
[Iteration 15910] total_loss=0.0012, data_loss=0.0008, ref_loss=0.0284, physics_loss=4.1423E-05, it_time=0.00809 s total_time=15.3 min
[Iteration 15920] total_loss=0.0012, data_loss=0.0008, ref_loss=0.0284, physics_loss=4.1399E-05, it_time=0.00859 s total_time=15.3 min
[Iteration 15930] total_loss=0.0012, data_loss=0.0008, ref_loss=0.0284, physics_loss=4.1392E-05, it_time=0.00872 s total_time=15.3 min
[Iteration 15940] total_loss=0.0012, data_loss=0.0008, ref_loss=0.0284, physics_loss=4.1451E-05, it_time=0.00867 s total_time=15.3 min
[Iteration 15950] total_loss=0.0012, data_loss=0.0008, ref_loss=0.0280, physics_loss=4.2266E-05, it_time=0.00829 s total_time=15.3 min
[Iteration 15960] total_loss=0.0012, data_loss=0.0008, ref_loss=0.0286, physics_loss=4.1319E-05, it_time=0.00867 s total_time=15.3 min
[Iteration 15970] total_loss=0.0012, data_loss=0.0008, ref_loss=0.0284, physics_loss=4.1354E-05, it_time=0.00805 s total_time=15.3 min
[Iteration 15980] total_loss=0.0012, data_loss=0.0008, ref_loss=0.0284, physics_loss=4.1375E-05, it_time=0.00804 s total_time=15.3 min
[Iteration 15990] total_loss=0.0012, data_loss=0.0008, ref_loss=0.0285, physics_loss=4.1244E-05, it_time=0.00807 s total_time=15.4 min
[Iteration 16000] total_loss=0.0012, data_loss=0.0008, ref_loss=0.0284, physics_loss=4.1261E-05, it_time=0.00808 s total_time=15.4 min
Total avg
Relative error [Fluid] 16.9
Relative error [Bound] 38.4
Relative error [Core] 8.4
Absolute error [Fluid] 0.1194
Absolute error [Bound] 0.2379
Absolute error [Core] 0.0722
Absolute error [Non-F] 0.0000
R.M.S.   error [Fluid] 0.1943
R.M.S.   error [Bound] 0.3307
R.M.S.   error [Core] 0.0962
R.M.S.   error [Non-F] 0.0000
Checkpoint saved to ../models/250202_Aomodel_n2_4dsim/FFN_1t_4dsim_20250213-1047/checkpoints/FFN_1t_4dsim_it16000.pth
[Iteration 16010] total_loss=0.0012, data_loss=0.0008, ref_loss=0.0285, physics_loss=4.1290E-05, it_time=0.00806 s total_time=15.4 min
[Iteration 16020] total_loss=0.0012, data_loss=0.0008, ref_loss=0.0285, physics_loss=4.1256E-05, it_time=0.00828 s total_time=15.4 min
[Iteration 16030] total_loss=0.0012, data_loss=0.0008, ref_loss=0.0285, physics_loss=4.1258E-05, it_time=0.00861 s total_time=15.4 min
[Iteration 16040] total_loss=0.0012, data_loss=0.0008, ref_loss=0.0285, physics_loss=4.1249E-05, it_time=0.00808 s total_time=15.4 min
[Iteration 16050] total_loss=0.0012, data_loss=0.0008, ref_loss=0.0285, physics_loss=4.1242E-05, it_time=0.01165 s total_time=15.4 min
[Iteration 16060] total_loss=0.0012, data_loss=0.0008, ref_loss=0.0285, physics_loss=4.1234E-05, it_time=0.00809 s total_time=15.4 min
[Iteration 16070] total_loss=0.0012, data_loss=0.0008, ref_loss=0.0285, physics_loss=4.1225E-05, it_time=0.00806 s total_time=15.4 min
[Iteration 16080] total_loss=0.0012, data_loss=0.0008, ref_loss=0.0285, physics_loss=4.1218E-05, it_time=0.00869 s total_time=15.5 min
[Iteration 16090] total_loss=0.0012, data_loss=0.0008, ref_loss=0.0285, physics_loss=4.1208E-05, it_time=0.00809 s total_time=15.5 min
[Iteration 16100] total_loss=0.0012, data_loss=0.0008, ref_loss=0.0285, physics_loss=4.1200E-05, it_time=0.00806 s total_time=15.5 min
[Iteration 16110] total_loss=0.0012, data_loss=0.0008, ref_loss=0.0285, physics_loss=4.1191E-05, it_time=0.00807 s total_time=15.5 min
[Iteration 16120] total_loss=0.0012, data_loss=0.0008, ref_loss=0.0285, physics_loss=4.1182E-05, it_time=0.00808 s total_time=15.5 min
[Iteration 16130] total_loss=0.0012, data_loss=0.0008, ref_loss=0.0285, physics_loss=4.1173E-05, it_time=0.00807 s total_time=15.5 min
[Iteration 16140] total_loss=0.0012, data_loss=0.0008, ref_loss=0.0285, physics_loss=4.1163E-05, it_time=0.00806 s total_time=15.5 min
[Iteration 16150] total_loss=0.0012, data_loss=0.0008, ref_loss=0.0285, physics_loss=4.1154E-05, it_time=0.00807 s total_time=15.5 min
[Iteration 16160] total_loss=0.0012, data_loss=0.0008, ref_loss=0.0285, physics_loss=4.1144E-05, it_time=0.00807 s total_time=15.5 min
[Iteration 16170] total_loss=0.0012, data_loss=0.0008, ref_loss=0.0285, physics_loss=4.1135E-05, it_time=0.00805 s total_time=15.5 min
[Iteration 16180] total_loss=0.0012, data_loss=0.0008, ref_loss=0.0285, physics_loss=4.1125E-05, it_time=0.00863 s total_time=15.5 min
[Iteration 16190] total_loss=0.0012, data_loss=0.0008, ref_loss=0.0285, physics_loss=4.1115E-05, it_time=0.00855 s total_time=15.6 min
[Iteration 16200] total_loss=0.0012, data_loss=0.0008, ref_loss=0.0285, physics_loss=4.1105E-05, it_time=0.00809 s total_time=15.6 min
[Iteration 16210] total_loss=0.0012, data_loss=0.0008, ref_loss=0.0285, physics_loss=4.1095E-05, it_time=0.00971 s total_time=15.6 min
[Iteration 16220] total_loss=0.0012, data_loss=0.0008, ref_loss=0.0285, physics_loss=4.1085E-05, it_time=0.00808 s total_time=15.6 min
[Iteration 16230] total_loss=0.0012, data_loss=0.0008, ref_loss=0.0285, physics_loss=4.1075E-05, it_time=0.0081 s total_time=15.6 min
[Iteration 16240] total_loss=0.0012, data_loss=0.0008, ref_loss=0.0285, physics_loss=4.1065E-05, it_time=0.00807 s total_time=15.6 min
[Iteration 16250] total_loss=0.0012, data_loss=0.0008, ref_loss=0.0285, physics_loss=4.1054E-05, it_time=0.01007 s total_time=15.6 min
Total avg
Relative error [Fluid] 16.9
Relative error [Bound] 38.4
Relative error [Core] 8.4
Absolute error [Fluid] 0.1195
Absolute error [Bound] 0.2379
Absolute error [Core] 0.0723
Absolute error [Non-F] 0.0000
R.M.S.   error [Fluid] 0.1943
R.M.S.   error [Bound] 0.3308
R.M.S.   error [Core] 0.0963
R.M.S.   error [Non-F] 0.0000
[Iteration 16260] total_loss=0.0012, data_loss=0.0008, ref_loss=0.0285, physics_loss=4.1044E-05, it_time=0.0081 s total_time=15.6 min
[Iteration 16270] total_loss=0.0012, data_loss=0.0008, ref_loss=0.0285, physics_loss=4.1033E-05, it_time=0.01044 s total_time=15.6 min
[Iteration 16280] total_loss=0.0012, data_loss=0.0008, ref_loss=0.0285, physics_loss=4.1023E-05, it_time=0.0082 s total_time=15.6 min
[Iteration 16290] total_loss=0.0012, data_loss=0.0008, ref_loss=0.0285, physics_loss=4.1012E-05, it_time=0.00858 s total_time=15.7 min
[Iteration 16300] total_loss=0.0012, data_loss=0.0008, ref_loss=0.0285, physics_loss=4.1002E-05, it_time=0.00808 s total_time=15.7 min
[Iteration 16310] total_loss=0.0012, data_loss=0.0008, ref_loss=0.0285, physics_loss=4.0991E-05, it_time=0.00817 s total_time=15.7 min
[Iteration 16320] total_loss=0.0012, data_loss=0.0008, ref_loss=0.0285, physics_loss=4.0980E-05, it_time=0.00804 s total_time=15.7 min
[Iteration 16330] total_loss=0.0012, data_loss=0.0008, ref_loss=0.0285, physics_loss=4.0969E-05, it_time=0.00805 s total_time=15.7 min
[Iteration 16340] total_loss=0.0012, data_loss=0.0008, ref_loss=0.0285, physics_loss=4.0958E-05, it_time=0.0081 s total_time=15.7 min
[Iteration 16350] total_loss=0.0012, data_loss=0.0008, ref_loss=0.0285, physics_loss=4.0947E-05, it_time=0.00805 s total_time=15.7 min
[Iteration 16360] total_loss=0.0012, data_loss=0.0008, ref_loss=0.0285, physics_loss=4.0936E-05, it_time=0.0081 s total_time=15.7 min
[Iteration 16370] total_loss=0.0012, data_loss=0.0008, ref_loss=0.0285, physics_loss=4.0924E-05, it_time=0.00808 s total_time=15.7 min
[Iteration 16380] total_loss=0.0012, data_loss=0.0007, ref_loss=0.0285, physics_loss=4.0913E-05, it_time=0.00805 s total_time=15.7 min
[Iteration 16390] total_loss=0.0012, data_loss=0.0007, ref_loss=0.0285, physics_loss=4.0902E-05, it_time=0.00806 s total_time=15.7 min
[Iteration 16400] total_loss=0.0012, data_loss=0.0007, ref_loss=0.0285, physics_loss=4.0890E-05, it_time=0.00805 s total_time=15.8 min
[Iteration 16410] total_loss=0.0012, data_loss=0.0007, ref_loss=0.0285, physics_loss=4.0879E-05, it_time=0.00855 s total_time=15.8 min
[Iteration 16420] total_loss=0.0012, data_loss=0.0007, ref_loss=0.0285, physics_loss=4.0867E-05, it_time=0.00859 s total_time=15.8 min
[Iteration 16430] total_loss=0.0012, data_loss=0.0007, ref_loss=0.0285, physics_loss=4.0856E-05, it_time=0.00806 s total_time=15.8 min
[Iteration 16440] total_loss=0.0012, data_loss=0.0007, ref_loss=0.0285, physics_loss=4.0844E-05, it_time=0.00862 s total_time=15.8 min
[Iteration 16450] total_loss=0.0012, data_loss=0.0007, ref_loss=0.0285, physics_loss=4.0832E-05, it_time=0.00864 s total_time=15.8 min
[Iteration 16460] total_loss=0.0012, data_loss=0.0007, ref_loss=0.0285, physics_loss=4.0820E-05, it_time=0.00807 s total_time=15.8 min
[Iteration 16470] total_loss=0.0012, data_loss=0.0007, ref_loss=0.0285, physics_loss=4.0809E-05, it_time=0.00811 s total_time=15.8 min
[Iteration 16480] total_loss=0.0012, data_loss=0.0007, ref_loss=0.0285, physics_loss=4.0796E-05, it_time=0.00808 s total_time=15.8 min
[Iteration 16490] total_loss=0.0012, data_loss=0.0007, ref_loss=0.0285, physics_loss=4.0784E-05, it_time=0.00806 s total_time=15.8 min
[Iteration 16500] total_loss=0.0012, data_loss=0.0007, ref_loss=0.0285, physics_loss=4.0772E-05, it_time=0.00808 s total_time=15.8 min
Total avg
Relative error [Fluid] 16.9
Relative error [Bound] 38.4
Relative error [Core] 8.4
Absolute error [Fluid] 0.1195
Absolute error [Bound] 0.2380
Absolute error [Core] 0.0724
Absolute error [Non-F] 0.0000
R.M.S.   error [Fluid] 0.1944
R.M.S.   error [Bound] 0.3309
R.M.S.   error [Core] 0.0963
R.M.S.   error [Non-F] 0.0000
Checkpoint saved to ../models/250202_Aomodel_n2_4dsim/FFN_1t_4dsim_20250213-1047/checkpoints/FFN_1t_4dsim_it16500.pth
[Iteration 16510] total_loss=0.0012, data_loss=0.0007, ref_loss=0.0285, physics_loss=4.0760E-05, it_time=0.00811 s total_time=15.9 min
[Iteration 16520] total_loss=0.0012, data_loss=0.0007, ref_loss=0.0285, physics_loss=4.0748E-05, it_time=0.00808 s total_time=15.9 min
[Iteration 16530] total_loss=0.0012, data_loss=0.0007, ref_loss=0.0285, physics_loss=4.0737E-05, it_time=0.00807 s total_time=15.9 min
[Iteration 16540] total_loss=0.0012, data_loss=0.0008, ref_loss=0.0284, physics_loss=4.0998E-05, it_time=0.00808 s total_time=15.9 min
[Iteration 16550] total_loss=0.0012, data_loss=0.0008, ref_loss=0.0284, physics_loss=4.0713E-05, it_time=0.00869 s total_time=15.9 min
[Iteration 16560] total_loss=0.0012, data_loss=0.0007, ref_loss=0.0286, physics_loss=4.0703E-05, it_time=0.00807 s total_time=15.9 min
[Iteration 16570] total_loss=0.0012, data_loss=0.0007, ref_loss=0.0284, physics_loss=4.0741E-05, it_time=0.00806 s total_time=15.9 min
[Iteration 16580] total_loss=0.0012, data_loss=0.0007, ref_loss=0.0285, physics_loss=4.0661E-05, it_time=0.00856 s total_time=15.9 min
[Iteration 16590] total_loss=0.0012, data_loss=0.0007, ref_loss=0.0285, physics_loss=4.0622E-05, it_time=0.00856 s total_time=15.9 min
[Iteration 16600] total_loss=0.0012, data_loss=0.0007, ref_loss=0.0285, physics_loss=4.0599E-05, it_time=0.00866 s total_time=16.0 min
[Iteration 16610] total_loss=0.0012, data_loss=0.0007, ref_loss=0.0285, physics_loss=4.0531E-05, it_time=0.00809 s total_time=16.0 min
[Iteration 16620] total_loss=0.0012, data_loss=0.0007, ref_loss=0.0286, physics_loss=4.0444E-05, it_time=0.00805 s total_time=16.0 min
[Iteration 16630] total_loss=0.0012, data_loss=0.0007, ref_loss=0.0284, physics_loss=4.0725E-05, it_time=0.01102 s total_time=16.0 min
[Iteration 16640] total_loss=0.0012, data_loss=0.0007, ref_loss=0.0284, physics_loss=4.0606E-05, it_time=0.00809 s total_time=16.0 min
[Iteration 16650] total_loss=0.0012, data_loss=0.0007, ref_loss=0.0283, physics_loss=4.0653E-05, it_time=0.00856 s total_time=16.0 min
[Iteration 16660] total_loss=0.0012, data_loss=0.0007, ref_loss=0.0284, physics_loss=4.0634E-05, it_time=0.00807 s total_time=16.0 min
[Iteration 16670] total_loss=0.0012, data_loss=0.0007, ref_loss=0.0285, physics_loss=4.0517E-05, it_time=0.00806 s total_time=16.0 min
[Iteration 16680] total_loss=0.0012, data_loss=0.0007, ref_loss=0.0284, physics_loss=4.0556E-05, it_time=0.01002 s total_time=16.0 min
[Iteration 16690] total_loss=0.0012, data_loss=0.0007, ref_loss=0.0285, physics_loss=4.0534E-05, it_time=0.01105 s total_time=16.0 min
[Iteration 16700] total_loss=0.0012, data_loss=0.0007, ref_loss=0.0285, physics_loss=4.0539E-05, it_time=0.00806 s total_time=16.0 min
[Iteration 16710] total_loss=0.0012, data_loss=0.0007, ref_loss=0.0284, physics_loss=4.0612E-05, it_time=0.00808 s total_time=16.1 min
[Iteration 16720] total_loss=0.0012, data_loss=0.0007, ref_loss=0.0283, physics_loss=4.0935E-05, it_time=0.00805 s total_time=16.1 min
[Iteration 16730] total_loss=0.0012, data_loss=0.0007, ref_loss=0.0286, physics_loss=4.0477E-05, it_time=0.00808 s total_time=16.1 min
[Iteration 16740] total_loss=0.0012, data_loss=0.0007, ref_loss=0.0286, physics_loss=4.0514E-05, it_time=0.00805 s total_time=16.1 min
[Iteration 16750] total_loss=0.0012, data_loss=0.0007, ref_loss=0.0285, physics_loss=4.0542E-05, it_time=0.00806 s total_time=16.1 min
Total avg
Relative error [Fluid] 16.9
Relative error [Bound] 38.4
Relative error [Core] 8.4
Absolute error [Fluid] 0.1196
Absolute error [Bound] 0.2380
Absolute error [Core] 0.0725
Absolute error [Non-F] 0.0000
R.M.S.   error [Fluid] 0.1944
R.M.S.   error [Bound] 0.3308
R.M.S.   error [Core] 0.0964
R.M.S.   error [Non-F] 0.0000
[Iteration 16760] total_loss=0.0012, data_loss=0.0007, ref_loss=0.0285, physics_loss=4.0428E-05, it_time=0.0096 s total_time=16.1 min
[Iteration 16770] total_loss=0.0012, data_loss=0.0007, ref_loss=0.0285, physics_loss=4.0440E-05, it_time=0.00859 s total_time=16.1 min
[Iteration 16780] total_loss=0.0011, data_loss=0.0007, ref_loss=0.0285, physics_loss=4.0424E-05, it_time=0.00808 s total_time=16.1 min
[Iteration 16790] total_loss=0.0012, data_loss=0.0007, ref_loss=0.0285, physics_loss=4.0453E-05, it_time=0.00859 s total_time=16.1 min
[Iteration 16800] total_loss=0.0012, data_loss=0.0007, ref_loss=0.0286, physics_loss=4.0736E-05, it_time=0.00805 s total_time=16.1 min
[Iteration 16810] total_loss=0.0012, data_loss=0.0007, ref_loss=0.0284, physics_loss=4.0445E-05, it_time=0.00805 s total_time=16.2 min
[Iteration 16820] total_loss=0.0011, data_loss=0.0007, ref_loss=0.0285, physics_loss=4.0361E-05, it_time=0.00808 s total_time=16.2 min
[Iteration 16830] total_loss=0.0011, data_loss=0.0007, ref_loss=0.0285, physics_loss=4.0344E-05, it_time=0.00809 s total_time=16.2 min
[Iteration 16840] total_loss=0.0011, data_loss=0.0007, ref_loss=0.0285, physics_loss=4.0332E-05, it_time=0.00807 s total_time=16.2 min
[Iteration 16850] total_loss=0.0011, data_loss=0.0007, ref_loss=0.0285, physics_loss=4.0305E-05, it_time=0.00806 s total_time=16.2 min
[Iteration 16860] total_loss=0.0011, data_loss=0.0007, ref_loss=0.0286, physics_loss=4.0190E-05, it_time=0.00804 s total_time=16.2 min
[Iteration 16870] total_loss=0.0011, data_loss=0.0007, ref_loss=0.0286, physics_loss=4.0182E-05, it_time=0.00806 s total_time=16.2 min
[Iteration 16880] total_loss=0.0011, data_loss=0.0007, ref_loss=0.0285, physics_loss=4.0279E-05, it_time=0.01156 s total_time=16.2 min
[Iteration 16890] total_loss=0.0011, data_loss=0.0007, ref_loss=0.0284, physics_loss=4.0352E-05, it_time=0.00807 s total_time=16.2 min
[Iteration 16900] total_loss=0.0011, data_loss=0.0007, ref_loss=0.0285, physics_loss=4.0238E-05, it_time=0.00808 s total_time=16.2 min
[Iteration 16910] total_loss=0.0011, data_loss=0.0007, ref_loss=0.0285, physics_loss=4.0302E-05, it_time=0.00806 s total_time=16.2 min
[Iteration 16920] total_loss=0.0011, data_loss=0.0007, ref_loss=0.0284, physics_loss=4.0349E-05, it_time=0.00806 s total_time=16.3 min
[Iteration 16930] total_loss=0.0011, data_loss=0.0007, ref_loss=0.0284, physics_loss=4.0509E-05, it_time=0.00805 s total_time=16.3 min
[Iteration 16940] total_loss=0.0011, data_loss=0.0007, ref_loss=0.0284, physics_loss=4.0134E-05, it_time=0.00805 s total_time=16.3 min
[Iteration 16950] total_loss=0.0011, data_loss=0.0007, ref_loss=0.0284, physics_loss=4.0265E-05, it_time=0.0086 s total_time=16.3 min
[Iteration 16960] total_loss=0.0011, data_loss=0.0007, ref_loss=0.0285, physics_loss=4.0176E-05, it_time=0.00997 s total_time=16.3 min
[Iteration 16970] total_loss=0.0011, data_loss=0.0007, ref_loss=0.0285, physics_loss=4.0209E-05, it_time=0.00806 s total_time=16.3 min
[Iteration 16980] total_loss=0.0011, data_loss=0.0007, ref_loss=0.0285, physics_loss=4.0202E-05, it_time=0.00808 s total_time=16.3 min
[Iteration 16990] total_loss=0.0011, data_loss=0.0007, ref_loss=0.0286, physics_loss=4.0205E-05, it_time=0.00807 s total_time=16.3 min
[Iteration 17000] total_loss=0.0011, data_loss=0.0007, ref_loss=0.0286, physics_loss=4.0168E-05, it_time=0.00807 s total_time=16.3 min
Total avg
Relative error [Fluid] 17.0
Relative error [Bound] 38.4
Relative error [Core] 8.4
Absolute error [Fluid] 0.1197
Absolute error [Bound] 0.2384
Absolute error [Core] 0.0725
Absolute error [Non-F] 0.0000
R.M.S.   error [Fluid] 0.1947
R.M.S.   error [Bound] 0.3314
R.M.S.   error [Core] 0.0964
R.M.S.   error [Non-F] 0.0000
Checkpoint saved to ../models/250202_Aomodel_n2_4dsim/FFN_1t_4dsim_20250213-1047/checkpoints/FFN_1t_4dsim_it17000.pth
[Iteration 17010] total_loss=0.0011, data_loss=0.0007, ref_loss=0.0285, physics_loss=4.0166E-05, it_time=0.00962 s total_time=16.4 min
[Iteration 17020] total_loss=0.0011, data_loss=0.0007, ref_loss=0.0285, physics_loss=4.0125E-05, it_time=0.00804 s total_time=16.4 min
[Iteration 17030] total_loss=0.0011, data_loss=0.0007, ref_loss=0.0285, physics_loss=4.0129E-05, it_time=0.0086 s total_time=16.4 min
[Iteration 17040] total_loss=0.0011, data_loss=0.0007, ref_loss=0.0285, physics_loss=4.0122E-05, it_time=0.00805 s total_time=16.4 min
[Iteration 17050] total_loss=0.0011, data_loss=0.0007, ref_loss=0.0285, physics_loss=4.0110E-05, it_time=0.00808 s total_time=16.4 min
[Iteration 17060] total_loss=0.0011, data_loss=0.0007, ref_loss=0.0285, physics_loss=4.0106E-05, it_time=0.00856 s total_time=16.4 min
[Iteration 17070] total_loss=0.0011, data_loss=0.0007, ref_loss=0.0285, physics_loss=4.0096E-05, it_time=0.00845 s total_time=16.4 min
[Iteration 17080] total_loss=0.0011, data_loss=0.0007, ref_loss=0.0285, physics_loss=4.0089E-05, it_time=0.01039 s total_time=16.4 min
[Iteration 17090] total_loss=0.0011, data_loss=0.0007, ref_loss=0.0285, physics_loss=4.0080E-05, it_time=0.00991 s total_time=16.4 min
[Iteration 17100] total_loss=0.0011, data_loss=0.0007, ref_loss=0.0285, physics_loss=4.0072E-05, it_time=0.00805 s total_time=16.4 min
[Iteration 17110] total_loss=0.0011, data_loss=0.0007, ref_loss=0.0285, physics_loss=4.0064E-05, it_time=0.00807 s total_time=16.4 min
[Iteration 17120] total_loss=0.0011, data_loss=0.0007, ref_loss=0.0285, physics_loss=4.0055E-05, it_time=0.00866 s total_time=16.5 min
[Iteration 17130] total_loss=0.0011, data_loss=0.0007, ref_loss=0.0285, physics_loss=4.0047E-05, it_time=0.00807 s total_time=16.5 min
[Iteration 17140] total_loss=0.0011, data_loss=0.0007, ref_loss=0.0285, physics_loss=4.0038E-05, it_time=0.00875 s total_time=16.5 min
[Iteration 17150] total_loss=0.0011, data_loss=0.0007, ref_loss=0.0285, physics_loss=4.0030E-05, it_time=0.00865 s total_time=16.5 min
[Iteration 17160] total_loss=0.0011, data_loss=0.0007, ref_loss=0.0285, physics_loss=4.0021E-05, it_time=0.00808 s total_time=16.5 min
[Iteration 17170] total_loss=0.0011, data_loss=0.0007, ref_loss=0.0285, physics_loss=4.0012E-05, it_time=0.00807 s total_time=16.5 min
[Iteration 17180] total_loss=0.0011, data_loss=0.0007, ref_loss=0.0285, physics_loss=4.0003E-05, it_time=0.00804 s total_time=16.5 min
[Iteration 17190] total_loss=0.0011, data_loss=0.0007, ref_loss=0.0285, physics_loss=3.9994E-05, it_time=0.00804 s total_time=16.5 min
[Iteration 17200] total_loss=0.0011, data_loss=0.0007, ref_loss=0.0285, physics_loss=3.9985E-05, it_time=0.00812 s total_time=16.5 min
[Iteration 17210] total_loss=0.0011, data_loss=0.0007, ref_loss=0.0285, physics_loss=3.9976E-05, it_time=0.00868 s total_time=16.5 min
[Iteration 17220] total_loss=0.0011, data_loss=0.0007, ref_loss=0.0285, physics_loss=3.9967E-05, it_time=0.00884 s total_time=16.5 min
[Iteration 17230] total_loss=0.0011, data_loss=0.0007, ref_loss=0.0285, physics_loss=3.9958E-05, it_time=0.01052 s total_time=16.5 min
[Iteration 17240] total_loss=0.0011, data_loss=0.0007, ref_loss=0.0285, physics_loss=3.9948E-05, it_time=0.00807 s total_time=16.6 min
[Iteration 17250] total_loss=0.0011, data_loss=0.0007, ref_loss=0.0285, physics_loss=3.9939E-05, it_time=0.00807 s total_time=16.6 min
Total avg
Relative error [Fluid] 17.0
Relative error [Bound] 38.4
Relative error [Core] 8.4
Absolute error [Fluid] 0.1196
Absolute error [Bound] 0.2382
Absolute error [Core] 0.0725
Absolute error [Non-F] 0.0000
R.M.S.   error [Fluid] 0.1945
R.M.S.   error [Bound] 0.3310
R.M.S.   error [Core] 0.0964
R.M.S.   error [Non-F] 0.0000
[Iteration 17260] total_loss=0.0011, data_loss=0.0007, ref_loss=0.0285, physics_loss=3.9930E-05, it_time=0.00806 s total_time=16.6 min
[Iteration 17270] total_loss=0.0011, data_loss=0.0007, ref_loss=0.0285, physics_loss=3.9920E-05, it_time=0.00807 s total_time=16.6 min
[Iteration 17280] total_loss=0.0011, data_loss=0.0007, ref_loss=0.0285, physics_loss=3.9911E-05, it_time=0.00806 s total_time=16.6 min
[Iteration 17290] total_loss=0.0011, data_loss=0.0007, ref_loss=0.0285, physics_loss=3.9901E-05, it_time=0.00805 s total_time=16.6 min
[Iteration 17300] total_loss=0.0011, data_loss=0.0007, ref_loss=0.0285, physics_loss=3.9892E-05, it_time=0.00808 s total_time=16.6 min
[Iteration 17310] total_loss=0.0011, data_loss=0.0007, ref_loss=0.0285, physics_loss=3.9882E-05, it_time=0.00805 s total_time=16.6 min
[Iteration 17320] total_loss=0.0011, data_loss=0.0007, ref_loss=0.0285, physics_loss=3.9872E-05, it_time=0.00859 s total_time=16.6 min
[Iteration 17330] total_loss=0.0011, data_loss=0.0007, ref_loss=0.0285, physics_loss=3.9863E-05, it_time=0.00809 s total_time=16.7 min
[Iteration 17340] total_loss=0.0011, data_loss=0.0007, ref_loss=0.0285, physics_loss=3.9853E-05, it_time=0.0086 s total_time=16.7 min
[Iteration 17350] total_loss=0.0011, data_loss=0.0007, ref_loss=0.0285, physics_loss=3.9843E-05, it_time=0.00858 s total_time=16.7 min
[Iteration 17360] total_loss=0.0011, data_loss=0.0007, ref_loss=0.0285, physics_loss=3.9833E-05, it_time=0.00804 s total_time=16.7 min
[Iteration 17370] total_loss=0.0011, data_loss=0.0007, ref_loss=0.0285, physics_loss=3.9823E-05, it_time=0.00808 s total_time=16.7 min
[Iteration 17380] total_loss=0.0011, data_loss=0.0007, ref_loss=0.0285, physics_loss=3.9813E-05, it_time=0.00816 s total_time=16.7 min
[Iteration 17390] total_loss=0.0011, data_loss=0.0007, ref_loss=0.0285, physics_loss=3.9803E-05, it_time=0.00858 s total_time=16.7 min
[Iteration 17400] total_loss=0.0011, data_loss=0.0007, ref_loss=0.0285, physics_loss=3.9793E-05, it_time=0.00864 s total_time=16.7 min
[Iteration 17410] total_loss=0.0011, data_loss=0.0007, ref_loss=0.0285, physics_loss=3.9782E-05, it_time=0.00807 s total_time=16.7 min
[Iteration 17420] total_loss=0.0011, data_loss=0.0007, ref_loss=0.0285, physics_loss=3.9772E-05, it_time=0.00808 s total_time=16.7 min
[Iteration 17430] total_loss=0.0011, data_loss=0.0007, ref_loss=0.0285, physics_loss=3.9762E-05, it_time=0.00808 s total_time=16.7 min
[Iteration 17440] total_loss=0.0011, data_loss=0.0007, ref_loss=0.0285, physics_loss=3.9751E-05, it_time=0.00811 s total_time=16.8 min
[Iteration 17450] total_loss=0.0011, data_loss=0.0007, ref_loss=0.0285, physics_loss=3.9741E-05, it_time=0.00859 s total_time=16.8 min
[Iteration 17460] total_loss=0.0011, data_loss=0.0007, ref_loss=0.0285, physics_loss=3.9731E-05, it_time=0.0086 s total_time=16.8 min
[Iteration 17470] total_loss=0.0011, data_loss=0.0007, ref_loss=0.0285, physics_loss=3.9720E-05, it_time=0.00807 s total_time=16.8 min
[Iteration 17480] total_loss=0.0011, data_loss=0.0007, ref_loss=0.0285, physics_loss=3.9710E-05, it_time=0.00808 s total_time=16.8 min
[Iteration 17490] total_loss=0.0011, data_loss=0.0007, ref_loss=0.0285, physics_loss=3.9699E-05, it_time=0.01096 s total_time=16.8 min
[Iteration 17500] total_loss=0.0011, data_loss=0.0007, ref_loss=0.0285, physics_loss=3.9688E-05, it_time=0.00856 s total_time=16.8 min
Total avg
Relative error [Fluid] 17.0
Relative error [Bound] 38.4
Relative error [Core] 8.4
Absolute error [Fluid] 0.1197
Absolute error [Bound] 0.2382
Absolute error [Core] 0.0725
Absolute error [Non-F] 0.0000
R.M.S.   error [Fluid] 0.1945
R.M.S.   error [Bound] 0.3311
R.M.S.   error [Core] 0.0964
R.M.S.   error [Non-F] 0.0000
Checkpoint saved to ../models/250202_Aomodel_n2_4dsim/FFN_1t_4dsim_20250213-1047/checkpoints/FFN_1t_4dsim_it17500.pth
[Iteration 17510] total_loss=0.0011, data_loss=0.0007, ref_loss=0.0285, physics_loss=3.9678E-05, it_time=0.00808 s total_time=16.8 min
[Iteration 17520] total_loss=0.0011, data_loss=0.0007, ref_loss=0.0285, physics_loss=3.9667E-05, it_time=0.00858 s total_time=16.8 min
[Iteration 17530] total_loss=0.0011, data_loss=0.0007, ref_loss=0.0285, physics_loss=3.9656E-05, it_time=0.00935 s total_time=16.9 min
[Iteration 17540] total_loss=0.0011, data_loss=0.0007, ref_loss=0.0285, physics_loss=3.9646E-05, it_time=0.00824 s total_time=16.9 min
[Iteration 17550] total_loss=0.0011, data_loss=0.0007, ref_loss=0.0285, physics_loss=3.9874E-05, it_time=0.00806 s total_time=16.9 min
[Iteration 17560] total_loss=0.0011, data_loss=0.0007, ref_loss=0.0285, physics_loss=3.9610E-05, it_time=0.00807 s total_time=16.9 min
[Iteration 17570] total_loss=0.0011, data_loss=0.0007, ref_loss=0.0285, physics_loss=3.9631E-05, it_time=0.00807 s total_time=16.9 min
[Iteration 17580] total_loss=0.0011, data_loss=0.0007, ref_loss=0.0285, physics_loss=3.9616E-05, it_time=0.00808 s total_time=16.9 min
[Iteration 17590] total_loss=0.0011, data_loss=0.0007, ref_loss=0.0285, physics_loss=3.9604E-05, it_time=0.00808 s total_time=16.9 min
[Iteration 17600] total_loss=0.0011, data_loss=0.0007, ref_loss=0.0285, physics_loss=3.9623E-05, it_time=0.00806 s total_time=16.9 min
[Iteration 17610] total_loss=0.0011, data_loss=0.0007, ref_loss=0.0284, physics_loss=3.9805E-05, it_time=0.00862 s total_time=16.9 min
[Iteration 17620] total_loss=0.0011, data_loss=0.0007, ref_loss=0.0285, physics_loss=3.9555E-05, it_time=0.00809 s total_time=16.9 min
[Iteration 17630] total_loss=0.0011, data_loss=0.0007, ref_loss=0.0284, physics_loss=3.9542E-05, it_time=0.00809 s total_time=16.9 min
[Iteration 17640] total_loss=0.0011, data_loss=0.0007, ref_loss=0.0285, physics_loss=3.9510E-05, it_time=0.00807 s total_time=17.0 min
[Iteration 17650] total_loss=0.0011, data_loss=0.0007, ref_loss=0.0285, physics_loss=3.9526E-05, it_time=0.0081 s total_time=17.0 min
[Iteration 17660] total_loss=0.0011, data_loss=0.0007, ref_loss=0.0285, physics_loss=3.9503E-05, it_time=0.00855 s total_time=17.0 min
[Iteration 17670] total_loss=0.0011, data_loss=0.0007, ref_loss=0.0285, physics_loss=3.9501E-05, it_time=0.00808 s total_time=17.0 min
[Iteration 17680] total_loss=0.0011, data_loss=0.0007, ref_loss=0.0285, physics_loss=3.9470E-05, it_time=0.00867 s total_time=17.0 min
[Iteration 17690] total_loss=0.0011, data_loss=0.0007, ref_loss=0.0285, physics_loss=3.9517E-05, it_time=0.00813 s total_time=17.0 min
[Iteration 17700] total_loss=0.0011, data_loss=0.0007, ref_loss=0.0285, physics_loss=3.9440E-05, it_time=0.00807 s total_time=17.0 min
[Iteration 17710] total_loss=0.0011, data_loss=0.0007, ref_loss=0.0285, physics_loss=3.9456E-05, it_time=0.00809 s total_time=17.0 min
[Iteration 17720] total_loss=0.0011, data_loss=0.0007, ref_loss=0.0285, physics_loss=3.9452E-05, it_time=0.00867 s total_time=17.0 min
[Iteration 17730] total_loss=0.0011, data_loss=0.0007, ref_loss=0.0285, physics_loss=3.9417E-05, it_time=0.00857 s total_time=17.0 min
[Iteration 17740] total_loss=0.0011, data_loss=0.0007, ref_loss=0.0286, physics_loss=3.9363E-05, it_time=0.0082 s total_time=17.0 min
[Iteration 17750] total_loss=0.0011, data_loss=0.0007, ref_loss=0.0286, physics_loss=3.9331E-05, it_time=0.00863 s total_time=17.0 min
Total avg
Relative error [Fluid] 17.0
Relative error [Bound] 38.5
Relative error [Core] 8.4
Absolute error [Fluid] 0.1199
Absolute error [Bound] 0.2387
Absolute error [Core] 0.0726
Absolute error [Non-F] 0.0000
R.M.S.   error [Fluid] 0.1949
R.M.S.   error [Bound] 0.3318
R.M.S.   error [Core] 0.0964
R.M.S.   error [Non-F] 0.0000
[Iteration 17760] total_loss=0.0011, data_loss=0.0007, ref_loss=0.0286, physics_loss=3.9435E-05, it_time=0.00861 s total_time=17.1 min
[Iteration 17770] total_loss=0.0011, data_loss=0.0007, ref_loss=0.0285, physics_loss=3.9412E-05, it_time=0.0092 s total_time=17.1 min
[Iteration 17780] total_loss=0.0011, data_loss=0.0007, ref_loss=0.0285, physics_loss=3.9393E-05, it_time=0.00807 s total_time=17.1 min
[Iteration 17790] total_loss=0.0011, data_loss=0.0007, ref_loss=0.0285, physics_loss=3.9395E-05, it_time=0.00853 s total_time=17.1 min
[Iteration 17800] total_loss=0.0011, data_loss=0.0007, ref_loss=0.0285, physics_loss=3.9411E-05, it_time=0.00806 s total_time=17.1 min
[Iteration 17810] total_loss=0.0011, data_loss=0.0007, ref_loss=0.0284, physics_loss=3.9571E-05, it_time=0.00807 s total_time=17.1 min
[Iteration 17820] total_loss=0.0011, data_loss=0.0007, ref_loss=0.0285, physics_loss=3.9415E-05, it_time=0.00805 s total_time=17.1 min
[Iteration 17830] total_loss=0.0011, data_loss=0.0007, ref_loss=0.0285, physics_loss=3.9316E-05, it_time=0.00809 s total_time=17.1 min
[Iteration 17840] total_loss=0.0011, data_loss=0.0007, ref_loss=0.0285, physics_loss=3.9328E-05, it_time=0.00865 s total_time=17.1 min
[Iteration 17850] total_loss=0.0011, data_loss=0.0007, ref_loss=0.0285, physics_loss=3.9308E-05, it_time=0.00861 s total_time=17.2 min
[Iteration 17860] total_loss=0.0011, data_loss=0.0007, ref_loss=0.0286, physics_loss=3.9294E-05, it_time=0.00859 s total_time=17.2 min
[Iteration 17870] total_loss=0.0011, data_loss=0.0007, ref_loss=0.0287, physics_loss=3.9317E-05, it_time=0.00805 s total_time=17.2 min
[Iteration 17880] total_loss=0.0011, data_loss=0.0007, ref_loss=0.0285, physics_loss=3.9288E-05, it_time=0.00805 s total_time=17.2 min
[Iteration 17890] total_loss=0.0011, data_loss=0.0007, ref_loss=0.0285, physics_loss=3.9320E-05, it_time=0.00804 s total_time=17.2 min
[Iteration 17900] total_loss=0.0011, data_loss=0.0007, ref_loss=0.0285, physics_loss=3.9270E-05, it_time=0.00809 s total_time=17.2 min
[Iteration 17910] total_loss=0.0011, data_loss=0.0007, ref_loss=0.0285, physics_loss=3.9291E-05, it_time=0.00857 s total_time=17.2 min
[Iteration 17920] total_loss=0.0011, data_loss=0.0007, ref_loss=0.0285, physics_loss=3.9338E-05, it_time=0.00804 s total_time=17.2 min
[Iteration 17930] total_loss=0.0011, data_loss=0.0007, ref_loss=0.0285, physics_loss=3.9352E-05, it_time=0.00866 s total_time=17.2 min
[Iteration 17940] total_loss=0.0011, data_loss=0.0007, ref_loss=0.0286, physics_loss=3.9181E-05, it_time=0.00806 s total_time=17.2 min
[Iteration 17950] total_loss=0.0011, data_loss=0.0007, ref_loss=0.0285, physics_loss=3.9172E-05, it_time=0.00827 s total_time=17.2 min
[Iteration 17960] total_loss=0.0011, data_loss=0.0007, ref_loss=0.0285, physics_loss=3.9204E-05, it_time=0.00853 s total_time=17.2 min
[Iteration 17970] total_loss=0.0011, data_loss=0.0007, ref_loss=0.0285, physics_loss=3.9231E-05, it_time=0.00855 s total_time=17.3 min
[Iteration 17980] total_loss=0.0011, data_loss=0.0007, ref_loss=0.0285, physics_loss=3.9220E-05, it_time=0.01063 s total_time=17.3 min
[Iteration 17990] total_loss=0.0011, data_loss=0.0007, ref_loss=0.0285, physics_loss=3.9232E-05, it_time=0.00803 s total_time=17.3 min
[Iteration 18000] total_loss=0.0011, data_loss=0.0007, ref_loss=0.0284, physics_loss=3.9275E-05, it_time=0.00861 s total_time=17.3 min
Total avg
Relative error [Fluid] 17.0
Relative error [Bound] 38.4
Relative error [Core] 8.4
Absolute error [Fluid] 0.1196
Absolute error [Bound] 0.2378
Absolute error [Core] 0.0725
Absolute error [Non-F] 0.0000
R.M.S.   error [Fluid] 0.1941
R.M.S.   error [Bound] 0.3302
R.M.S.   error [Core] 0.0964
R.M.S.   error [Non-F] 0.0000
Checkpoint saved to ../models/250202_Aomodel_n2_4dsim/FFN_1t_4dsim_20250213-1047/checkpoints/FFN_1t_4dsim_it18000.pth
[Iteration 18010] total_loss=0.0011, data_loss=0.0007, ref_loss=0.0286, physics_loss=3.9096E-05, it_time=0.0082 s total_time=17.3 min
[Iteration 18020] total_loss=0.0011, data_loss=0.0007, ref_loss=0.0285, physics_loss=3.9158E-05, it_time=0.00806 s total_time=17.3 min
[Iteration 18030] total_loss=0.0011, data_loss=0.0007, ref_loss=0.0285, physics_loss=3.9142E-05, it_time=0.00807 s total_time=17.3 min
[Iteration 18040] total_loss=0.0011, data_loss=0.0007, ref_loss=0.0285, physics_loss=3.9115E-05, it_time=0.00805 s total_time=17.3 min
[Iteration 18050] total_loss=0.0011, data_loss=0.0007, ref_loss=0.0285, physics_loss=3.9126E-05, it_time=0.00807 s total_time=17.4 min
[Iteration 18060] total_loss=0.0011, data_loss=0.0007, ref_loss=0.0285, physics_loss=3.9111E-05, it_time=0.00808 s total_time=17.4 min
[Iteration 18070] total_loss=0.0011, data_loss=0.0007, ref_loss=0.0285, physics_loss=3.9106E-05, it_time=0.01025 s total_time=17.4 min
[Iteration 18080] total_loss=0.0011, data_loss=0.0007, ref_loss=0.0285, physics_loss=3.9099E-05, it_time=0.00809 s total_time=17.4 min
[Iteration 18090] total_loss=0.0011, data_loss=0.0007, ref_loss=0.0285, physics_loss=3.9091E-05, it_time=0.00805 s total_time=17.4 min
[Iteration 18100] total_loss=0.0011, data_loss=0.0007, ref_loss=0.0285, physics_loss=3.9084E-05, it_time=0.00807 s total_time=17.4 min
[Iteration 18110] total_loss=0.0011, data_loss=0.0007, ref_loss=0.0285, physics_loss=3.9076E-05, it_time=0.00806 s total_time=17.4 min
[Iteration 18120] total_loss=0.0011, data_loss=0.0007, ref_loss=0.0285, physics_loss=3.9069E-05, it_time=0.00804 s total_time=17.4 min
[Iteration 18130] total_loss=0.0011, data_loss=0.0007, ref_loss=0.0285, physics_loss=3.9062E-05, it_time=0.00808 s total_time=17.4 min
[Iteration 18140] total_loss=0.0011, data_loss=0.0007, ref_loss=0.0285, physics_loss=3.9054E-05, it_time=0.00803 s total_time=17.4 min
[Iteration 18150] total_loss=0.0011, data_loss=0.0007, ref_loss=0.0285, physics_loss=3.9047E-05, it_time=0.00806 s total_time=17.4 min
[Iteration 18160] total_loss=0.0011, data_loss=0.0007, ref_loss=0.0285, physics_loss=3.9039E-05, it_time=0.00806 s total_time=17.4 min
[Iteration 18170] total_loss=0.0011, data_loss=0.0007, ref_loss=0.0285, physics_loss=3.9031E-05, it_time=0.00807 s total_time=17.5 min
[Iteration 18180] total_loss=0.0011, data_loss=0.0007, ref_loss=0.0285, physics_loss=3.9023E-05, it_time=0.0081 s total_time=17.5 min
[Iteration 18190] total_loss=0.0011, data_loss=0.0007, ref_loss=0.0285, physics_loss=3.9016E-05, it_time=0.00809 s total_time=17.5 min
[Iteration 18200] total_loss=0.0011, data_loss=0.0007, ref_loss=0.0285, physics_loss=3.9008E-05, it_time=0.00806 s total_time=17.5 min
[Iteration 18210] total_loss=0.0011, data_loss=0.0007, ref_loss=0.0285, physics_loss=3.9000E-05, it_time=0.00808 s total_time=17.5 min
[Iteration 18220] total_loss=0.0011, data_loss=0.0007, ref_loss=0.0285, physics_loss=3.8992E-05, it_time=0.00808 s total_time=17.5 min
[Iteration 18230] total_loss=0.0011, data_loss=0.0007, ref_loss=0.0285, physics_loss=3.8984E-05, it_time=0.00805 s total_time=17.5 min
[Iteration 18240] total_loss=0.0011, data_loss=0.0007, ref_loss=0.0285, physics_loss=3.8976E-05, it_time=0.00807 s total_time=17.5 min
[Iteration 18250] total_loss=0.0011, data_loss=0.0007, ref_loss=0.0285, physics_loss=3.8967E-05, it_time=0.00809 s total_time=17.5 min
Total avg
Relative error [Fluid] 17.0
Relative error [Bound] 38.4
Relative error [Core] 8.4
Absolute error [Fluid] 0.1198
Absolute error [Bound] 0.2384
Absolute error [Core] 0.0726
Absolute error [Non-F] 0.0000
R.M.S.   error [Fluid] 0.1946
R.M.S.   error [Bound] 0.3312
R.M.S.   error [Core] 0.0965
R.M.S.   error [Non-F] 0.0000
[Iteration 18260] total_loss=0.0011, data_loss=0.0007, ref_loss=0.0285, physics_loss=3.8959E-05, it_time=0.00855 s total_time=17.6 min
[Iteration 18270] total_loss=0.0011, data_loss=0.0007, ref_loss=0.0285, physics_loss=3.8951E-05, it_time=0.01157 s total_time=17.6 min
[Iteration 18280] total_loss=0.0011, data_loss=0.0007, ref_loss=0.0285, physics_loss=3.8943E-05, it_time=0.00812 s total_time=17.6 min
[Iteration 18290] total_loss=0.0011, data_loss=0.0007, ref_loss=0.0285, physics_loss=3.8934E-05, it_time=0.00808 s total_time=17.6 min
[Iteration 18300] total_loss=0.0011, data_loss=0.0007, ref_loss=0.0285, physics_loss=3.8926E-05, it_time=0.00811 s total_time=17.6 min
[Iteration 18310] total_loss=0.0011, data_loss=0.0007, ref_loss=0.0285, physics_loss=3.8918E-05, it_time=0.00808 s total_time=17.6 min
[Iteration 18320] total_loss=0.0011, data_loss=0.0007, ref_loss=0.0285, physics_loss=3.8909E-05, it_time=0.00868 s total_time=17.6 min
[Iteration 18330] total_loss=0.0011, data_loss=0.0007, ref_loss=0.0285, physics_loss=3.8901E-05, it_time=0.00858 s total_time=17.6 min
[Iteration 18340] total_loss=0.0011, data_loss=0.0007, ref_loss=0.0285, physics_loss=3.8892E-05, it_time=0.0081 s total_time=17.6 min
[Iteration 18350] total_loss=0.0011, data_loss=0.0007, ref_loss=0.0285, physics_loss=3.8884E-05, it_time=0.00861 s total_time=17.6 min
[Iteration 18360] total_loss=0.0011, data_loss=0.0007, ref_loss=0.0285, physics_loss=3.8875E-05, it_time=0.00812 s total_time=17.6 min
[Iteration 18370] total_loss=0.0011, data_loss=0.0007, ref_loss=0.0285, physics_loss=3.8866E-05, it_time=0.00862 s total_time=17.6 min
[Iteration 18380] total_loss=0.0011, data_loss=0.0007, ref_loss=0.0285, physics_loss=3.8858E-05, it_time=0.00858 s total_time=17.7 min
[Iteration 18390] total_loss=0.0011, data_loss=0.0007, ref_loss=0.0285, physics_loss=3.8849E-05, it_time=0.00859 s total_time=17.7 min
[Iteration 18400] total_loss=0.0011, data_loss=0.0007, ref_loss=0.0285, physics_loss=3.8840E-05, it_time=0.00809 s total_time=17.7 min
[Iteration 18410] total_loss=0.0011, data_loss=0.0007, ref_loss=0.0285, physics_loss=3.8831E-05, it_time=0.0083 s total_time=17.7 min
[Iteration 18420] total_loss=0.0011, data_loss=0.0007, ref_loss=0.0285, physics_loss=3.8823E-05, it_time=0.00806 s total_time=17.7 min
[Iteration 18430] total_loss=0.0011, data_loss=0.0007, ref_loss=0.0285, physics_loss=3.8814E-05, it_time=0.00813 s total_time=17.7 min
[Iteration 18440] total_loss=0.0011, data_loss=0.0007, ref_loss=0.0285, physics_loss=3.8805E-05, it_time=0.00861 s total_time=17.7 min
[Iteration 18450] total_loss=0.0011, data_loss=0.0007, ref_loss=0.0285, physics_loss=3.8796E-05, it_time=0.00808 s total_time=17.7 min
[Iteration 18460] total_loss=0.0011, data_loss=0.0007, ref_loss=0.0285, physics_loss=3.8787E-05, it_time=0.00806 s total_time=17.7 min
[Iteration 18470] total_loss=0.0011, data_loss=0.0007, ref_loss=0.0285, physics_loss=3.8778E-05, it_time=0.00852 s total_time=17.7 min
[Iteration 18480] total_loss=0.0011, data_loss=0.0007, ref_loss=0.0285, physics_loss=3.8769E-05, it_time=0.00816 s total_time=17.7 min
[Iteration 18490] total_loss=0.0011, data_loss=0.0007, ref_loss=0.0285, physics_loss=3.8759E-05, it_time=0.00807 s total_time=17.8 min
[Iteration 18500] total_loss=0.0011, data_loss=0.0007, ref_loss=0.0285, physics_loss=3.8750E-05, it_time=0.00807 s total_time=17.8 min
Total avg
Relative error [Fluid] 17.0
Relative error [Bound] 38.4
Relative error [Core] 8.4
Absolute error [Fluid] 0.1198
Absolute error [Bound] 0.2384
Absolute error [Core] 0.0726
Absolute error [Non-F] 0.0000
R.M.S.   error [Fluid] 0.1946
R.M.S.   error [Bound] 0.3312
R.M.S.   error [Core] 0.0965
R.M.S.   error [Non-F] 0.0000
Checkpoint saved to ../models/250202_Aomodel_n2_4dsim/FFN_1t_4dsim_20250213-1047/checkpoints/FFN_1t_4dsim_it18500.pth
[Iteration 18510] total_loss=0.0011, data_loss=0.0007, ref_loss=0.0285, physics_loss=3.8741E-05, it_time=0.00807 s total_time=17.8 min
[Iteration 18520] total_loss=0.0011, data_loss=0.0007, ref_loss=0.0285, physics_loss=3.8732E-05, it_time=0.00861 s total_time=17.8 min
[Iteration 18530] total_loss=0.0011, data_loss=0.0007, ref_loss=0.0285, physics_loss=3.8722E-05, it_time=0.00812 s total_time=17.8 min
[Iteration 18540] total_loss=0.0011, data_loss=0.0007, ref_loss=0.0285, physics_loss=3.8713E-05, it_time=0.00808 s total_time=17.8 min
[Iteration 18550] total_loss=0.0011, data_loss=0.0007, ref_loss=0.0285, physics_loss=3.8703E-05, it_time=0.00808 s total_time=17.8 min
[Iteration 18560] total_loss=0.0011, data_loss=0.0007, ref_loss=0.0285, physics_loss=3.8694E-05, it_time=0.01046 s total_time=17.8 min
[Iteration 18570] total_loss=0.0011, data_loss=0.0007, ref_loss=0.0285, physics_loss=3.8807E-05, it_time=0.00807 s total_time=17.9 min
[Iteration 18580] total_loss=0.0011, data_loss=0.0007, ref_loss=0.0285, physics_loss=3.8638E-05, it_time=0.00808 s total_time=17.9 min
[Iteration 18590] total_loss=0.0011, data_loss=0.0007, ref_loss=0.0286, physics_loss=3.8626E-05, it_time=0.0081 s total_time=17.9 min
[Iteration 18600] total_loss=0.0011, data_loss=0.0007, ref_loss=0.0285, physics_loss=3.8712E-05, it_time=0.00809 s total_time=17.9 min
[Iteration 18610] total_loss=0.0011, data_loss=0.0007, ref_loss=0.0285, physics_loss=3.8646E-05, it_time=0.00855 s total_time=17.9 min
[Iteration 18620] total_loss=0.0011, data_loss=0.0007, ref_loss=0.0285, physics_loss=3.8650E-05, it_time=0.00808 s total_time=17.9 min
[Iteration 18630] total_loss=0.0011, data_loss=0.0007, ref_loss=0.0285, physics_loss=3.8743E-05, it_time=0.00809 s total_time=17.9 min
[Iteration 18640] total_loss=0.0011, data_loss=0.0007, ref_loss=0.0285, physics_loss=3.8678E-05, it_time=0.00808 s total_time=17.9 min
[Iteration 18650] total_loss=0.0011, data_loss=0.0007, ref_loss=0.0286, physics_loss=3.8552E-05, it_time=0.00806 s total_time=17.9 min
[Iteration 18660] total_loss=0.0011, data_loss=0.0007, ref_loss=0.0285, physics_loss=3.8637E-05, it_time=0.00861 s total_time=17.9 min
[Iteration 18670] total_loss=0.0011, data_loss=0.0007, ref_loss=0.0286, physics_loss=3.8602E-05, it_time=0.00808 s total_time=17.9 min
[Iteration 18680] total_loss=0.0011, data_loss=0.0007, ref_loss=0.0286, physics_loss=3.8593E-05, it_time=0.0112 s total_time=17.9 min
[Iteration 18690] total_loss=0.0011, data_loss=0.0007, ref_loss=0.0286, physics_loss=3.8671E-05, it_time=0.00807 s total_time=18.0 min
[Iteration 18700] total_loss=0.0011, data_loss=0.0007, ref_loss=0.0285, physics_loss=3.8570E-05, it_time=0.00855 s total_time=18.0 min
[Iteration 18710] total_loss=0.0011, data_loss=0.0007, ref_loss=0.0286, physics_loss=3.8578E-05, it_time=0.0081 s total_time=18.0 min
[Iteration 18720] total_loss=0.0011, data_loss=0.0007, ref_loss=0.0285, physics_loss=3.8550E-05, it_time=0.00805 s total_time=18.0 min
[Iteration 18730] total_loss=0.0011, data_loss=0.0007, ref_loss=0.0286, physics_loss=3.8535E-05, it_time=0.00808 s total_time=18.0 min
[Iteration 18740] total_loss=0.0011, data_loss=0.0007, ref_loss=0.0285, physics_loss=3.8533E-05, it_time=0.00807 s total_time=18.0 min
[Iteration 18750] total_loss=0.0011, data_loss=0.0007, ref_loss=0.0285, physics_loss=3.8562E-05, it_time=0.0081 s total_time=18.0 min
Total avg
Relative error [Fluid] 17.0
Relative error [Bound] 38.4
Relative error [Core] 8.4
Absolute error [Fluid] 0.1198
Absolute error [Bound] 0.2384
Absolute error [Core] 0.0726
Absolute error [Non-F] 0.0000
R.M.S.   error [Fluid] 0.1946
R.M.S.   error [Bound] 0.3312
R.M.S.   error [Core] 0.0964
R.M.S.   error [Non-F] 0.0000
[Iteration 18760] total_loss=0.0011, data_loss=0.0007, ref_loss=0.0285, physics_loss=3.8508E-05, it_time=0.00808 s total_time=18.0 min
[Iteration 18770] total_loss=0.0011, data_loss=0.0007, ref_loss=0.0286, physics_loss=3.8492E-05, it_time=0.00806 s total_time=18.0 min
[Iteration 18780] total_loss=0.0011, data_loss=0.0007, ref_loss=0.0287, physics_loss=3.8375E-05, it_time=0.00807 s total_time=18.1 min
[Iteration 18790] total_loss=0.0011, data_loss=0.0007, ref_loss=0.0284, physics_loss=3.8617E-05, it_time=0.00807 s total_time=18.1 min
[Iteration 18800] total_loss=0.0011, data_loss=0.0007, ref_loss=0.0286, physics_loss=3.8400E-05, it_time=0.00808 s total_time=18.1 min
[Iteration 18810] total_loss=0.0011, data_loss=0.0007, ref_loss=0.0286, physics_loss=3.8404E-05, it_time=0.00807 s total_time=18.1 min
[Iteration 18820] total_loss=0.0011, data_loss=0.0007, ref_loss=0.0286, physics_loss=3.8437E-05, it_time=0.00863 s total_time=18.1 min
[Iteration 18830] total_loss=0.0011, data_loss=0.0007, ref_loss=0.0285, physics_loss=3.8461E-05, it_time=0.00857 s total_time=18.1 min
[Iteration 18840] total_loss=0.0011, data_loss=0.0007, ref_loss=0.0285, physics_loss=3.8442E-05, it_time=0.00807 s total_time=18.1 min
[Iteration 18850] total_loss=0.0011, data_loss=0.0007, ref_loss=0.0286, physics_loss=3.8423E-05, it_time=0.00805 s total_time=18.1 min
[Iteration 18860] total_loss=0.0011, data_loss=0.0007, ref_loss=0.0287, physics_loss=3.8443E-05, it_time=0.00805 s total_time=18.1 min
[Iteration 18870] total_loss=0.0011, data_loss=0.0007, ref_loss=0.0285, physics_loss=3.8440E-05, it_time=0.01057 s total_time=18.1 min
[Iteration 18880] total_loss=0.0011, data_loss=0.0007, ref_loss=0.0286, physics_loss=3.8433E-05, it_time=0.00806 s total_time=18.1 min
[Iteration 18890] total_loss=0.0011, data_loss=0.0007, ref_loss=0.0285, physics_loss=3.8379E-05, it_time=0.00858 s total_time=18.1 min
[Iteration 18900] total_loss=0.0011, data_loss=0.0007, ref_loss=0.0286, physics_loss=3.8378E-05, it_time=0.00807 s total_time=18.2 min
[Iteration 18910] total_loss=0.0011, data_loss=0.0007, ref_loss=0.0286, physics_loss=3.8365E-05, it_time=0.00806 s total_time=18.2 min
[Iteration 18920] total_loss=0.0011, data_loss=0.0007, ref_loss=0.0286, physics_loss=3.8357E-05, it_time=0.01044 s total_time=18.2 min
[Iteration 18930] total_loss=0.0011, data_loss=0.0007, ref_loss=0.0286, physics_loss=3.8341E-05, it_time=0.00804 s total_time=18.2 min
[Iteration 18940] total_loss=0.0011, data_loss=0.0007, ref_loss=0.0285, physics_loss=3.8348E-05, it_time=0.00806 s total_time=18.2 min
[Iteration 18950] total_loss=0.0011, data_loss=0.0007, ref_loss=0.0285, physics_loss=3.8356E-05, it_time=0.00808 s total_time=18.2 min
[Iteration 18960] total_loss=0.0011, data_loss=0.0007, ref_loss=0.0286, physics_loss=3.8324E-05, it_time=0.00854 s total_time=18.2 min
[Iteration 18970] total_loss=0.0011, data_loss=0.0007, ref_loss=0.0286, physics_loss=3.8328E-05, it_time=0.0086 s total_time=18.2 min
[Iteration 18980] total_loss=0.0011, data_loss=0.0007, ref_loss=0.0286, physics_loss=3.8309E-05, it_time=0.00805 s total_time=18.2 min
[Iteration 18990] total_loss=0.0011, data_loss=0.0007, ref_loss=0.0286, physics_loss=3.8321E-05, it_time=0.00806 s total_time=18.2 min
[Iteration 19000] total_loss=0.0011, data_loss=0.0007, ref_loss=0.0286, physics_loss=3.8334E-05, it_time=0.00807 s total_time=18.2 min
Total avg
Relative error [Fluid] 17.0
Relative error [Bound] 38.5
Relative error [Core] 8.4
Absolute error [Fluid] 0.1199
Absolute error [Bound] 0.2386
Absolute error [Core] 0.0727
Absolute error [Non-F] 0.0000
R.M.S.   error [Fluid] 0.1947
R.M.S.   error [Bound] 0.3314
R.M.S.   error [Core] 0.0966
R.M.S.   error [Non-F] 0.0000
Checkpoint saved to ../models/250202_Aomodel_n2_4dsim/FFN_1t_4dsim_20250213-1047/checkpoints/FFN_1t_4dsim_it19000.pth
[Iteration 19010] total_loss=0.0011, data_loss=0.0007, ref_loss=0.0285, physics_loss=3.8276E-05, it_time=0.00864 s total_time=18.3 min
[Iteration 19020] total_loss=0.0011, data_loss=0.0007, ref_loss=0.0286, physics_loss=3.8290E-05, it_time=0.00857 s total_time=18.3 min
[Iteration 19030] total_loss=0.0011, data_loss=0.0007, ref_loss=0.0286, physics_loss=3.8274E-05, it_time=0.00809 s total_time=18.3 min
[Iteration 19040] total_loss=0.0011, data_loss=0.0007, ref_loss=0.0286, physics_loss=3.8266E-05, it_time=0.00808 s total_time=18.3 min
[Iteration 19050] total_loss=0.0011, data_loss=0.0007, ref_loss=0.0286, physics_loss=3.8264E-05, it_time=0.00809 s total_time=18.3 min
[Iteration 19060] total_loss=0.0011, data_loss=0.0007, ref_loss=0.0286, physics_loss=3.8254E-05, it_time=0.00808 s total_time=18.3 min
[Iteration 19070] total_loss=0.0011, data_loss=0.0007, ref_loss=0.0286, physics_loss=3.8250E-05, it_time=0.00804 s total_time=18.3 min
[Iteration 19080] total_loss=0.0011, data_loss=0.0007, ref_loss=0.0286, physics_loss=3.8242E-05, it_time=0.00807 s total_time=18.3 min
[Iteration 19090] total_loss=0.0011, data_loss=0.0007, ref_loss=0.0286, physics_loss=3.8236E-05, it_time=0.00807 s total_time=18.3 min
[Iteration 19100] total_loss=0.0011, data_loss=0.0007, ref_loss=0.0286, physics_loss=3.8229E-05, it_time=0.00815 s total_time=18.4 min
[Iteration 19110] total_loss=0.0011, data_loss=0.0007, ref_loss=0.0286, physics_loss=3.8223E-05, it_time=0.0081 s total_time=18.4 min
[Iteration 19120] total_loss=0.0011, data_loss=0.0007, ref_loss=0.0286, physics_loss=3.8216E-05, it_time=0.00868 s total_time=18.4 min
[Iteration 19130] total_loss=0.0011, data_loss=0.0007, ref_loss=0.0286, physics_loss=3.8209E-05, it_time=0.00867 s total_time=18.4 min
[Iteration 19140] total_loss=0.0011, data_loss=0.0007, ref_loss=0.0286, physics_loss=3.8202E-05, it_time=0.00809 s total_time=18.4 min
[Iteration 19150] total_loss=0.0011, data_loss=0.0007, ref_loss=0.0286, physics_loss=3.8196E-05, it_time=0.00859 s total_time=18.4 min
[Iteration 19160] total_loss=0.0011, data_loss=0.0007, ref_loss=0.0286, physics_loss=3.8189E-05, it_time=0.00806 s total_time=18.4 min
[Iteration 19170] total_loss=0.0011, data_loss=0.0007, ref_loss=0.0286, physics_loss=3.8182E-05, it_time=0.00807 s total_time=18.4 min
[Iteration 19180] total_loss=0.0011, data_loss=0.0007, ref_loss=0.0286, physics_loss=3.8175E-05, it_time=0.0081 s total_time=18.4 min
[Iteration 19190] total_loss=0.0011, data_loss=0.0007, ref_loss=0.0286, physics_loss=3.8168E-05, it_time=0.00807 s total_time=18.4 min
[Iteration 19200] total_loss=0.0011, data_loss=0.0007, ref_loss=0.0286, physics_loss=3.8161E-05, it_time=0.00805 s total_time=18.4 min
[Iteration 19210] total_loss=0.0011, data_loss=0.0007, ref_loss=0.0286, physics_loss=3.8154E-05, it_time=0.00807 s total_time=18.4 min
[Iteration 19220] total_loss=0.0011, data_loss=0.0007, ref_loss=0.0286, physics_loss=3.8147E-05, it_time=0.00858 s total_time=18.5 min
[Iteration 19230] total_loss=0.0011, data_loss=0.0007, ref_loss=0.0286, physics_loss=3.8140E-05, it_time=0.01073 s total_time=18.5 min
[Iteration 19240] total_loss=0.0011, data_loss=0.0007, ref_loss=0.0286, physics_loss=3.8132E-05, it_time=0.00808 s total_time=18.5 min
[Iteration 19250] total_loss=0.0011, data_loss=0.0007, ref_loss=0.0286, physics_loss=3.8125E-05, it_time=0.0086 s total_time=18.5 min
Total avg
Relative error [Fluid] 17.0
Relative error [Bound] 38.4
Relative error [Core] 8.4
Absolute error [Fluid] 0.1199
Absolute error [Bound] 0.2385
Absolute error [Core] 0.0727
Absolute error [Non-F] 0.0000
R.M.S.   error [Fluid] 0.1947
R.M.S.   error [Bound] 0.3313
R.M.S.   error [Core] 0.0965
R.M.S.   error [Non-F] 0.0000
[Iteration 19260] total_loss=0.0011, data_loss=0.0007, ref_loss=0.0286, physics_loss=3.8118E-05, it_time=0.0081 s total_time=18.5 min
[Iteration 19270] total_loss=0.0011, data_loss=0.0007, ref_loss=0.0286, physics_loss=3.8111E-05, it_time=0.0086 s total_time=18.5 min
[Iteration 19280] total_loss=0.0011, data_loss=0.0007, ref_loss=0.0286, physics_loss=3.8103E-05, it_time=0.00808 s total_time=18.5 min
[Iteration 19290] total_loss=0.0011, data_loss=0.0007, ref_loss=0.0286, physics_loss=3.8096E-05, it_time=0.01111 s total_time=18.5 min
[Iteration 19300] total_loss=0.0011, data_loss=0.0007, ref_loss=0.0286, physics_loss=3.8089E-05, it_time=0.0081 s total_time=18.6 min
[Iteration 19310] total_loss=0.0011, data_loss=0.0007, ref_loss=0.0286, physics_loss=3.8081E-05, it_time=0.00861 s total_time=18.6 min
[Iteration 19320] total_loss=0.0011, data_loss=0.0007, ref_loss=0.0286, physics_loss=3.8074E-05, it_time=0.00803 s total_time=18.6 min
[Iteration 19330] total_loss=0.0011, data_loss=0.0007, ref_loss=0.0286, physics_loss=3.8066E-05, it_time=0.00808 s total_time=18.6 min
[Iteration 19340] total_loss=0.0011, data_loss=0.0007, ref_loss=0.0286, physics_loss=3.8059E-05, it_time=0.00806 s total_time=18.6 min
[Iteration 19350] total_loss=0.0011, data_loss=0.0007, ref_loss=0.0286, physics_loss=3.8051E-05, it_time=0.00807 s total_time=18.6 min
[Iteration 19360] total_loss=0.0011, data_loss=0.0007, ref_loss=0.0286, physics_loss=3.8044E-05, it_time=0.0081 s total_time=18.6 min
[Iteration 19370] total_loss=0.0011, data_loss=0.0007, ref_loss=0.0286, physics_loss=3.8036E-05, it_time=0.0081 s total_time=18.6 min
[Iteration 19380] total_loss=0.0011, data_loss=0.0007, ref_loss=0.0286, physics_loss=3.8028E-05, it_time=0.00859 s total_time=18.6 min
[Iteration 19390] total_loss=0.0011, data_loss=0.0007, ref_loss=0.0286, physics_loss=3.8021E-05, it_time=0.00858 s total_time=18.6 min
[Iteration 19400] total_loss=0.0011, data_loss=0.0007, ref_loss=0.0286, physics_loss=3.8013E-05, it_time=0.01131 s total_time=18.6 min
[Iteration 19410] total_loss=0.0011, data_loss=0.0007, ref_loss=0.0286, physics_loss=3.8005E-05, it_time=0.00806 s total_time=18.6 min
[Iteration 19420] total_loss=0.0011, data_loss=0.0007, ref_loss=0.0286, physics_loss=3.7997E-05, it_time=0.00808 s total_time=18.7 min
[Iteration 19430] total_loss=0.0011, data_loss=0.0007, ref_loss=0.0286, physics_loss=3.7989E-05, it_time=0.00806 s total_time=18.7 min
[Iteration 19440] total_loss=0.0011, data_loss=0.0007, ref_loss=0.0286, physics_loss=3.7981E-05, it_time=0.00854 s total_time=18.7 min
[Iteration 19450] total_loss=0.0011, data_loss=0.0007, ref_loss=0.0286, physics_loss=3.7974E-05, it_time=0.00804 s total_time=18.7 min
[Iteration 19460] total_loss=0.0011, data_loss=0.0007, ref_loss=0.0286, physics_loss=3.7966E-05, it_time=0.00804 s total_time=18.7 min
[Iteration 19470] total_loss=0.0011, data_loss=0.0007, ref_loss=0.0286, physics_loss=3.7957E-05, it_time=0.00806 s total_time=18.7 min
[Iteration 19480] total_loss=0.0011, data_loss=0.0007, ref_loss=0.0286, physics_loss=3.7950E-05, it_time=0.00805 s total_time=18.7 min
[Iteration 19490] total_loss=0.0011, data_loss=0.0007, ref_loss=0.0286, physics_loss=3.7942E-05, it_time=0.00855 s total_time=18.7 min
[Iteration 19500] total_loss=0.0011, data_loss=0.0007, ref_loss=0.0286, physics_loss=3.7933E-05, it_time=0.00861 s total_time=18.7 min
Total avg
Relative error [Fluid] 17.0
Relative error [Bound] 38.5
Relative error [Core] 8.4
Absolute error [Fluid] 0.1199
Absolute error [Bound] 0.2386
Absolute error [Core] 0.0727
Absolute error [Non-F] 0.0000
R.M.S.   error [Fluid] 0.1947
R.M.S.   error [Bound] 0.3314
R.M.S.   error [Core] 0.0966
R.M.S.   error [Non-F] 0.0000
Checkpoint saved to ../models/250202_Aomodel_n2_4dsim/FFN_1t_4dsim_20250213-1047/checkpoints/FFN_1t_4dsim_it19500.pth
[Iteration 19510] total_loss=0.0011, data_loss=0.0007, ref_loss=0.0286, physics_loss=3.7925E-05, it_time=0.01057 s total_time=18.8 min
[Iteration 19520] total_loss=0.0011, data_loss=0.0007, ref_loss=0.0286, physics_loss=3.7917E-05, it_time=0.00805 s total_time=18.8 min
[Iteration 19530] total_loss=0.0011, data_loss=0.0007, ref_loss=0.0286, physics_loss=3.7909E-05, it_time=0.00861 s total_time=18.8 min
[Iteration 19540] total_loss=0.0011, data_loss=0.0007, ref_loss=0.0286, physics_loss=3.7900E-05, it_time=0.00859 s total_time=18.8 min
[Iteration 19550] total_loss=0.0011, data_loss=0.0007, ref_loss=0.0286, physics_loss=3.7893E-05, it_time=0.0086 s total_time=18.8 min
[Iteration 19560] total_loss=0.0011, data_loss=0.0007, ref_loss=0.0286, physics_loss=3.7942E-05, it_time=0.01044 s total_time=18.8 min
[Iteration 19570] total_loss=0.0011, data_loss=0.0007, ref_loss=0.0286, physics_loss=3.7877E-05, it_time=0.01114 s total_time=18.8 min
[Iteration 19580] total_loss=0.0011, data_loss=0.0007, ref_loss=0.0286, physics_loss=3.7873E-05, it_time=0.00807 s total_time=18.8 min
[Iteration 19590] total_loss=0.0011, data_loss=0.0007, ref_loss=0.0286, physics_loss=3.7859E-05, it_time=0.00806 s total_time=18.8 min
[Iteration 19600] total_loss=0.0011, data_loss=0.0007, ref_loss=0.0286, physics_loss=3.7851E-05, it_time=0.00804 s total_time=18.8 min
[Iteration 19610] total_loss=0.0011, data_loss=0.0007, ref_loss=0.0286, physics_loss=3.7845E-05, it_time=0.00804 s total_time=18.8 min
[Iteration 19620] total_loss=0.0011, data_loss=0.0007, ref_loss=0.0286, physics_loss=3.7846E-05, it_time=0.00804 s total_time=18.9 min
[Iteration 19630] total_loss=0.0011, data_loss=0.0007, ref_loss=0.0285, physics_loss=3.7900E-05, it_time=0.00806 s total_time=18.9 min
[Iteration 19640] total_loss=0.0011, data_loss=0.0007, ref_loss=0.0286, physics_loss=3.7822E-05, it_time=0.00884 s total_time=18.9 min
[Iteration 19650] total_loss=0.0011, data_loss=0.0007, ref_loss=0.0286, physics_loss=3.7756E-05, it_time=0.00864 s total_time=18.9 min
[Iteration 19660] total_loss=0.0011, data_loss=0.0007, ref_loss=0.0286, physics_loss=3.7730E-05, it_time=0.00807 s total_time=18.9 min
[Iteration 19670] total_loss=0.0011, data_loss=0.0007, ref_loss=0.0286, physics_loss=3.7821E-05, it_time=0.00805 s total_time=18.9 min
[Iteration 19680] total_loss=0.0011, data_loss=0.0007, ref_loss=0.0286, physics_loss=3.7793E-05, it_time=0.00803 s total_time=18.9 min
[Iteration 19690] total_loss=0.0011, data_loss=0.0007, ref_loss=0.0286, physics_loss=3.7766E-05, it_time=0.00854 s total_time=18.9 min
[Iteration 19700] total_loss=0.0011, data_loss=0.0007, ref_loss=0.0286, physics_loss=3.7758E-05, it_time=0.00807 s total_time=18.9 min
[Iteration 19710] total_loss=0.0011, data_loss=0.0007, ref_loss=0.0286, physics_loss=3.7746E-05, it_time=0.00804 s total_time=18.9 min
[Iteration 19720] total_loss=0.0011, data_loss=0.0007, ref_loss=0.0286, physics_loss=3.7711E-05, it_time=0.00806 s total_time=18.9 min
[Iteration 19730] total_loss=0.0011, data_loss=0.0007, ref_loss=0.0286, physics_loss=3.7654E-05, it_time=0.00804 s total_time=19.0 min
[Iteration 19740] total_loss=0.0011, data_loss=0.0007, ref_loss=0.0286, physics_loss=3.7792E-05, it_time=0.0111 s total_time=19.0 min
[Iteration 19750] total_loss=0.0011, data_loss=0.0007, ref_loss=0.0286, physics_loss=3.7691E-05, it_time=0.0081 s total_time=19.0 min
Total avg
Relative error [Fluid] 17.0
Relative error [Bound] 38.5
Relative error [Core] 8.4
Absolute error [Fluid] 0.1200
Absolute error [Bound] 0.2388
Absolute error [Core] 0.0727
Absolute error [Non-F] 0.0000
R.M.S.   error [Fluid] 0.1949
R.M.S.   error [Bound] 0.3318
R.M.S.   error [Core] 0.0965
R.M.S.   error [Non-F] 0.0000
[Iteration 19760] total_loss=0.0011, data_loss=0.0007, ref_loss=0.0287, physics_loss=3.7712E-05, it_time=0.00805 s total_time=19.0 min
[Iteration 19770] total_loss=0.0011, data_loss=0.0007, ref_loss=0.0286, physics_loss=3.7702E-05, it_time=0.00806 s total_time=19.0 min
[Iteration 19780] total_loss=0.0011, data_loss=0.0007, ref_loss=0.0286, physics_loss=3.7725E-05, it_time=0.00812 s total_time=19.0 min
[Iteration 19790] total_loss=0.0011, data_loss=0.0007, ref_loss=0.0286, physics_loss=3.7680E-05, it_time=0.00805 s total_time=19.0 min
[Iteration 19800] total_loss=0.0011, data_loss=0.0007, ref_loss=0.0286, physics_loss=3.7693E-05, it_time=0.00805 s total_time=19.0 min
[Iteration 19810] total_loss=0.0011, data_loss=0.0007, ref_loss=0.0286, physics_loss=3.7693E-05, it_time=0.00808 s total_time=19.0 min
[Iteration 19820] total_loss=0.0011, data_loss=0.0007, ref_loss=0.0286, physics_loss=3.7681E-05, it_time=0.0081 s total_time=19.1 min
[Iteration 19830] total_loss=0.0011, data_loss=0.0007, ref_loss=0.0285, physics_loss=3.7735E-05, it_time=0.00805 s total_time=19.1 min
[Iteration 19840] total_loss=0.0011, data_loss=0.0007, ref_loss=0.0286, physics_loss=3.7705E-05, it_time=0.00807 s total_time=19.1 min
[Iteration 19850] total_loss=0.0011, data_loss=0.0007, ref_loss=0.0286, physics_loss=3.7645E-05, it_time=0.0081 s total_time=19.1 min
[Iteration 19860] total_loss=0.0011, data_loss=0.0007, ref_loss=0.0286, physics_loss=3.7663E-05, it_time=0.0086 s total_time=19.1 min
[Iteration 19870] total_loss=0.0011, data_loss=0.0007, ref_loss=0.0285, physics_loss=3.7682E-05, it_time=0.00809 s total_time=19.1 min
[Iteration 19880] total_loss=0.0011, data_loss=0.0007, ref_loss=0.0285, physics_loss=3.7632E-05, it_time=0.00806 s total_time=19.1 min
[Iteration 19890] total_loss=0.0011, data_loss=0.0007, ref_loss=0.0286, physics_loss=3.7632E-05, it_time=0.00813 s total_time=19.1 min
[Iteration 19900] total_loss=0.0011, data_loss=0.0007, ref_loss=0.0286, physics_loss=3.7635E-05, it_time=0.00806 s total_time=19.1 min
[Iteration 19910] total_loss=0.0011, data_loss=0.0007, ref_loss=0.0286, physics_loss=3.7621E-05, it_time=0.00808 s total_time=19.1 min
[Iteration 19920] total_loss=0.0011, data_loss=0.0007, ref_loss=0.0285, physics_loss=3.7619E-05, it_time=0.0086 s total_time=19.1 min
[Iteration 19930] total_loss=0.0011, data_loss=0.0007, ref_loss=0.0285, physics_loss=3.7623E-05, it_time=0.00851 s total_time=19.1 min
[Iteration 19940] total_loss=0.0011, data_loss=0.0007, ref_loss=0.0286, physics_loss=3.7583E-05, it_time=0.00819 s total_time=19.2 min
[Iteration 19950] total_loss=0.0011, data_loss=0.0007, ref_loss=0.0286, physics_loss=3.7580E-05, it_time=0.00806 s total_time=19.2 min
[Iteration 19960] total_loss=0.0011, data_loss=0.0007, ref_loss=0.0285, physics_loss=3.7618E-05, it_time=0.00913 s total_time=19.2 min
[Iteration 19970] total_loss=0.0011, data_loss=0.0007, ref_loss=0.0285, physics_loss=3.7708E-05, it_time=0.00812 s total_time=19.2 min
[Iteration 19980] total_loss=0.0011, data_loss=0.0007, ref_loss=0.0286, physics_loss=3.7493E-05, it_time=0.0082 s total_time=19.2 min
[Iteration 19990] total_loss=0.0011, data_loss=0.0007, ref_loss=0.0286, physics_loss=3.7589E-05, it_time=0.00806 s total_time=19.2 min
[Iteration 20000] total_loss=0.0011, data_loss=0.0007, ref_loss=0.0286, physics_loss=3.7519E-05, it_time=0.00803 s total_time=19.2 min
Total avg
Relative error [Fluid] 17.0
Relative error [Bound] 38.5
Relative error [Core] 8.5
Absolute error [Fluid] 0.1200
Absolute error [Bound] 0.2387
Absolute error [Core] 0.0728
Absolute error [Non-F] 0.0000
R.M.S.   error [Fluid] 0.1948
R.M.S.   error [Bound] 0.3315
R.M.S.   error [Core] 0.0966
R.M.S.   error [Non-F] 0.0000
Checkpoint saved to ../models/250202_Aomodel_n2_4dsim/FFN_1t_4dsim_20250213-1047/checkpoints/FFN_1t_4dsim_it20000.pth
Final model saved to ../models/250202_Aomodel_n2_4dsim/FFN_1t_4dsim_20250213-1047/FFN_1t_4dsim_final.pth
